대학,모집단위,적용학년도,자료상태,구분,핵심과목,권장과목,추가조건,출처기관,출처명,출처URL,발표일,비고,검색키워드
가톨릭대,자유전공학부,2028,2028 공식자료,,계열 구분 없이 자신의 진로 및 적성을 고려하여 교과목 선택 이수,,,한국대학교육협의회·대입정보포털 어디가,2028학년도 권역별 대학별 권장과목(반영과목),https://www.adiga.kr/uct/ces/archiveView.do?menuId=PCUCTCES1000&prtlBbsId=26634,,수도권 / 서울,자유전공학부|자유전공
가톨릭대,인문사회계열,2028,2028 공식자료,,인문사회계열 진로 및 적성을 고려하여 교과목 선택 이수,,,한국대학교육협의회·대입정보포털 어디가,2028학년도 권역별 대학별 권장과목(반영과목),https://www.adiga.kr/uct/ces/archiveView.do?menuId=PCUCTCES1000&prtlBbsId=26634,,수도권 / 서울,인문사회계열|인문사회
가톨릭대,국어국문학과,2028,2028 공식자료,,인문사회계열 진로 및 적성을 고려하여 교과목 선택 이수,,,한국대학교육협의회·대입정보포털 어디가,2028학년도 권역별 대학별 권장과목(반영과목),https://www.adiga.kr/uct/ces/archiveView.do?menuId=PCUCTCES1000&prtlBbsId=26634,,수도권 / 서울,국어국문학과|국어국문학
가톨릭대,철학과,2028,2028 공식자료,,인문사회계열 진로 및 적성을 고려하여 교과목 선택 이수,,,한국대학교육협의회·대입정보포털 어디가,2028학년도 권역별 대학별 권장과목(반영과목),https://www.adiga.kr/uct/ces/archiveView.do?menuId=PCUCTCES1000&prtlBbsId=26634,,수도권 / 서울,철학과|철학
가톨릭대,국사학과,2028,2028 공식자료,,인문사회계열 진로 및 적성을 고려하여 교과목 선택 이수,,,한국대학교육협의회·대입정보포털 어디가,2028학년도 권역별 대학별 권장과목(반영과목),https://www.adiga.kr/uct/ces/archiveView.do?menuId=PCUCTCES1000&prtlBbsId=26634,,수도권 / 서울,국사학과|국사학
가톨릭대,영어영문학부,2028,2028 공식자료,,인문사회계열 진로 및 적성을 고려하여 교과목 선택 이수,,,한국대학교육협의회·대입정보포털 어디가,2028학년도 권역별 대학별 권장과목(반영과목),https://www.adiga.kr/uct/ces/archiveView.do?menuId=PCUCTCES1000&prtlBbsId=26634,,수도권 / 서울,영어영문학부|영어영문
가톨릭대,중국언어문화학과,2028,2028 공식자료,,인문사회계열 진로 및 적성을 고려하여 교과목 선택 이수,,,한국대학교육협의회·대입정보포털 어디가,2028학년도 권역별 대학별 권장과목(반영과목),https://www.adiga.kr/uct/ces/archiveView.do?menuId=PCUCTCES1000&prtlBbsId=26634,,수도권 / 서울,중국언어문화학과|중국언어문화학
가톨릭대,일어일본문화학과,2028,2028 공식자료,,인문사회계열 진로 및 적성을 고려하여 교과목 선택 이수,,,한국대학교육협의회·대입정보포털 어디가,2028학년도 권역별 대학별 권장과목(반영과목),https://www.adiga.kr/uct/ces/archiveView.do?menuId=PCUCTCES1000&prtlBbsId=26634,,수도권 / 서울,일어일본문화학과|일어일본문화학
가톨릭대,프랑스어문화학과,2028,2028 공식자료,,인문사회계열 진로 및 적성을 고려하여 교과목 선택 이수,,,한국대학교육협의회·대입정보포털 어디가,2028학년도 권역별 대학별 권장과목(반영과목),https://www.adiga.kr/uct/ces/archiveView.do?menuId=PCUCTCES1000&prtlBbsId=26634,,수도권 / 서울,프랑스어문화학과|프랑스어문화학
가톨릭대,국제학부,2028,2028 공식자료,,인문사회계열 진로 및 적성을 고려하여 교과목 선택 이수,,,한국대학교육협의회·대입정보포털 어디가,2028학년도 권역별 대학별 권장과목(반영과목),https://www.adiga.kr/uct/ces/archiveView.do?menuId=PCUCTCES1000&prtlBbsId=26634,,수도권 / 서울,국제학부|국제
가톨릭대,법학과,2028,2028 공식자료,,인문사회계열 진로 및 적성을 고려하여 교과목 선택 이수,,,한국대학교육협의회·대입정보포털 어디가,2028학년도 권역별 대학별 권장과목(반영과목),https://www.adiga.kr/uct/ces/archiveView.do?menuId=PCUCTCES1000&prtlBbsId=26634,,수도권 / 서울,법학과|법학
가톨릭대,아동학과,2028,2028 공식자료,,인문사회계열 진로 및 적성을 고려하여 교과목 선택 이수,,,한국대학교육협의회·대입정보포털 어디가,2028학년도 권역별 대학별 권장과목(반영과목),https://www.adiga.kr/uct/ces/archiveView.do?menuId=PCUCTCES1000&prtlBbsId=26634,,수도권 / 서울,아동학과|아동학
가톨릭대,신학과,2028,2028 공식자료,,인문사회계열 진로 및 적성을 고려하여 교과목 선택 이수,,,한국대학교육협의회·대입정보포털 어디가,2028학년도 권역별 대학별 권장과목(반영과목),https://www.adiga.kr/uct/ces/archiveView.do?menuId=PCUCTCES1000&prtlBbsId=26634,,수도권 / 서울,신학과|신학
가톨릭대,사회복지학과,2028,2028 공식자료,,인문사회계열 진로 및 적성을 고려하여 교과목 선택 이수[수학(확률과 통계) 포함],,,한국대학교육협의회·대입정보포털 어디가,2028학년도 권역별 대학별 권장과목(반영과목),https://www.adiga.kr/uct/ces/archiveView.do?menuId=PCUCTCES1000&prtlBbsId=26634,,수도권 / 서울,사회복지학과|사회복지학
가톨릭대,심리학과,2028,2028 공식자료,,인문사회계열 진로 및 적성을 고려하여 교과목 선택 이수[수학(확률과 통계) 포함],,,한국대학교육협의회·대입정보포털 어디가,2028학년도 권역별 대학별 권장과목(반영과목),https://www.adiga.kr/uct/ces/archiveView.do?menuId=PCUCTCES1000&prtlBbsId=26634,,수도권 / 서울,심리학과|심리학
가톨릭대,사회학과,2028,2028 공식자료,,인문사회계열 진로 및 적성을 고려하여 교과목 선택 이수[수학(확률과 통계) 포함],,,한국대학교육협의회·대입정보포털 어디가,2028학년도 권역별 대학별 권장과목(반영과목),https://www.adiga.kr/uct/ces/archiveView.do?menuId=PCUCTCES1000&prtlBbsId=26634,,수도권 / 서울,사회학과|사회학
가톨릭대,경영학과,2028,2028 공식자료,,인문사회계열 진로 및 적성을 고려하여 교과목 선택 이수[수학(확률과 통계) 포함],,,한국대학교육협의회·대입정보포털 어디가,2028학년도 권역별 대학별 권장과목(반영과목),https://www.adiga.kr/uct/ces/archiveView.do?menuId=PCUCTCES1000&prtlBbsId=26634,,수도권 / 서울,경영학과|경영학|경영
가톨릭대,회계학과,2028,2028 공식자료,,인문사회계열 진로 및 적성을 고려하여 교과목 선택 이수[수학(확률과 통계) 포함],,,한국대학교육협의회·대입정보포털 어디가,2028학년도 권역별 대학별 권장과목(반영과목),https://www.adiga.kr/uct/ces/archiveView.do?menuId=PCUCTCES1000&prtlBbsId=26634,,수도권 / 서울,회계학과|회계학
가톨릭대,경제학과,2028,2028 공식자료,,인문사회계열 진로 및 적성을 고려하여 교과목 선택 이수[수학(확률과 통계) 포함],,,한국대학교육협의회·대입정보포털 어디가,2028학년도 권역별 대학별 권장과목(반영과목),https://www.adiga.kr/uct/ces/archiveView.do?menuId=PCUCTCES1000&prtlBbsId=26634,,수도권 / 서울,경제학과|경제학|경제
가톨릭대,행정학과,2028,2028 공식자료,,인문사회계열 진로 및 적성을 고려하여 교과목 선택 이수[수학(확률과 통계) 포함],,,한국대학교육협의회·대입정보포털 어디가,2028학년도 권역별 대학별 권장과목(반영과목),https://www.adiga.kr/uct/ces/archiveView.do?menuId=PCUCTCES1000&prtlBbsId=26634,,수도권 / 서울,행정학과|행정학
가톨릭대,물리학과,2028,2028 공식자료,,"물리학, 수학",,-물리학: 과목 1과목 이상 -수학: 과목 위계를 고려하여 3과목 이상,한국대학교육협의회·대입정보포털 어디가,2028학년도 권역별 대학별 권장과목(반영과목),https://www.adiga.kr/uct/ces/archiveView.do?menuId=PCUCTCES1000&prtlBbsId=26634,,수도권 / 서울,물리학과|물리학
가톨릭대,컴퓨터정보공학부,2028,2028 공식자료,,"물리학, 수학",,-물리학: 과목 1과목 이상 -수학: 과목 위계를 고려하여 3과목 이상,한국대학교육협의회·대입정보포털 어디가,2028학년도 권역별 대학별 권장과목(반영과목),https://www.adiga.kr/uct/ces/archiveView.do?menuId=PCUCTCES1000&prtlBbsId=26634,,수도권 / 서울,컴퓨터정보공학부|컴퓨터정보공
가톨릭대,인공지능학과,2028,2028 공식자료,,"물리학, 수학",,-물리학: 과목 1과목 이상 -수학: 과목 위계를 고려하여 3과목 이상,한국대학교육협의회·대입정보포털 어디가,2028학년도 권역별 대학별 권장과목(반영과목),https://www.adiga.kr/uct/ces/archiveView.do?menuId=PCUCTCES1000&prtlBbsId=26634,,수도권 / 서울,인공지능학과|인공지능학
가톨릭대,화학과,2028,2028 공식자료,,"화학, 수학",,-화학: 1과목 이상 -수학: 과목 위계를 고려하여 3과목 이상,한국대학교육협의회·대입정보포털 어디가,2028학년도 권역별 대학별 권장과목(반영과목),https://www.adiga.kr/uct/ces/archiveView.do?menuId=PCUCTCES1000&prtlBbsId=26634,,수도권 / 서울,화학과|화학
가톨릭대,정보통신전자공학부,2028,2028 공식자료,,"물리학, 화학, 수학",,"-물리학, 화학: 2과목 이상 -수학: 과목 위계를 고려하여 3과목 이상",한국대학교육협의회·대입정보포털 어디가,2028학년도 권역별 대학별 권장과목(반영과목),https://www.adiga.kr/uct/ces/archiveView.do?menuId=PCUCTCES1000&prtlBbsId=26634,,수도권 / 서울,정보통신전자공학부|정보통신전자공
가톨릭대,에너지환경공학과,2028,2028 공식자료,,"물리학, 화학, 수학",,"-물리학, 화학: 2과목 이상 -수학: 과목 위계를 고려하여 3과목 이상",한국대학교육협의회·대입정보포털 어디가,2028학년도 권역별 대학별 권장과목(반영과목),https://www.adiga.kr/uct/ces/archiveView.do?menuId=PCUCTCES1000&prtlBbsId=26634,,수도권 / 서울,에너지환경공학과|에너지환경공학
가톨릭대,식품영양학과,2028,2028 공식자료,,"화학, 생명과학, 수학",,"-화학, 생명과학: 2과목 이상 -수학: 과목 위계를 고려하여 3과목 이상",한국대학교육협의회·대입정보포털 어디가,2028학년도 권역별 대학별 권장과목(반영과목),https://www.adiga.kr/uct/ces/archiveView.do?menuId=PCUCTCES1000&prtlBbsId=26634,,수도권 / 서울,식품영양학과|식품영양학
가톨릭대,생명공학과,2028,2028 공식자료,,"화학, 생명과학, 수학",,"-화학, 생명과학: 2과목 이상 -수학: 과목 위계를 고려하여 3과목 이상",한국대학교육협의회·대입정보포털 어디가,2028학년도 권역별 대학별 권장과목(반영과목),https://www.adiga.kr/uct/ces/archiveView.do?menuId=PCUCTCES1000&prtlBbsId=26634,,수도권 / 서울,생명공학과|생명공학|바이오공학|바이오
가톨릭대,바이오메디컬화학공학과,2028,2028 공식자료,,"화학, 생명과학, 수학",,"-화학, 생명과학: 2과목 이상 -수학: 과목 위계를 고려하여 3과목 이상",한국대학교육협의회·대입정보포털 어디가,2028학년도 권역별 대학별 권장과목(반영과목),https://www.adiga.kr/uct/ces/archiveView.do?menuId=PCUCTCES1000&prtlBbsId=26634,,수도권 / 서울,바이오메디컬화학공학과|바이오메디컬화학공학
가톨릭대,의생명과학과,2028,2028 공식자료,,"화학, 생명과학, 수학",,"-화학, 생명과학: 2과목 이상 -수학: 과목 위계를 고려하여 3과목 이상",한국대학교육협의회·대입정보포털 어디가,2028학년도 권역별 대학별 권장과목(반영과목),https://www.adiga.kr/uct/ces/archiveView.do?menuId=PCUCTCES1000&prtlBbsId=26634,,수도권 / 서울,의생명과학과|의생명과학
가톨릭대,바이오로직스공학부,2028,2028 공식자료,,"화학, 생명과학, 수학",,"-화학, 생명과학: 2과목 이상 -수학: 과목 위계를 고려하여 3과목 이상",한국대학교육협의회·대입정보포털 어디가,2028학년도 권역별 대학별 권장과목(반영과목),https://www.adiga.kr/uct/ces/archiveView.do?menuId=PCUCTCES1000&prtlBbsId=26634,,수도권 / 서울,바이오로직스공학부|바이오로직스공
가톨릭대,AI의공학과,2028,2028 공식자료,,"화학, 생명과학, 수학",,"-화학, 생명과학: 2과목 이상 -수학: 과목 위계를 고려하여 3과목 이상",한국대학교육협의회·대입정보포털 어디가,2028학년도 권역별 대학별 권장과목(반영과목),https://www.adiga.kr/uct/ces/archiveView.do?menuId=PCUCTCES1000&prtlBbsId=26634,,수도권 / 서울,AI의공학과|AI의공학
가톨릭대,약학과,2028,2028 공식자료,,"화학, 생명과학, 수학",,"-화학, 생명과학: 2과목 이상 -수학: 과목 위계를 고려하여 3과목 이상",한국대학교육협의회·대입정보포털 어디가,2028학년도 권역별 대학별 권장과목(반영과목),https://www.adiga.kr/uct/ces/archiveView.do?menuId=PCUCTCES1000&prtlBbsId=26634,,수도권 / 서울,약학과|약학|약대
가톨릭대,간호학과,2028,2028 공식자료,,"화학, 생명과학, 수학",,"-화학, 생명과학: 2과목 이상 -수학: 과목 위계를 고려하여 3과목 이상",한국대학교육협의회·대입정보포털 어디가,2028학년도 권역별 대학별 권장과목(반영과목),https://www.adiga.kr/uct/ces/archiveView.do?menuId=PCUCTCES1000&prtlBbsId=26634,,수도권 / 서울,간호학과|간호학|간호
가톨릭대,수학과,2028,2028 공식자료,,수학,,과목 위계를 고려하여 3과목 이상,한국대학교육협의회·대입정보포털 어디가,2028학년도 권역별 대학별 권장과목(반영과목),https://www.adiga.kr/uct/ces/archiveView.do?menuId=PCUCTCES1000&prtlBbsId=26634,,수도권 / 서울,수학과|수학
가톨릭대,의류학과,2028,2028 공식자료,,수학,,과목 위계를 고려하여 3과목 이상,한국대학교육협의회·대입정보포털 어디가,2028학년도 권역별 대학별 권장과목(반영과목),https://www.adiga.kr/uct/ces/archiveView.do?menuId=PCUCTCES1000&prtlBbsId=26634,,수도권 / 서울,의류학과|의류학
가톨릭대,공간디자인·소비자학과,2028,2028 공식자료,,수학,,과목 위계를 고려하여 3과목 이상,한국대학교육협의회·대입정보포털 어디가,2028학년도 권역별 대학별 권장과목(반영과목),https://www.adiga.kr/uct/ces/archiveView.do?menuId=PCUCTCES1000&prtlBbsId=26634,,수도권 / 서울,공간디자인·소비자학과|공간디자인·소비자학
가톨릭대,미디어기술콘텐츠학과,2028,2028 공식자료,,수학,,과목 위계를 고려하여 3과목 이상,한국대학교육협의회·대입정보포털 어디가,2028학년도 권역별 대학별 권장과목(반영과목),https://www.adiga.kr/uct/ces/archiveView.do?menuId=PCUCTCES1000&prtlBbsId=26634,,수도권 / 서울,미디어기술콘텐츠학과|미디어기술콘텐츠학
가톨릭대,데이터사이언스학과,2028,2028 공식자료,,수학,,과목 위계를 고려하여 3과목 이상,한국대학교육협의회·대입정보포털 어디가,2028학년도 권역별 대학별 권장과목(반영과목),https://www.adiga.kr/uct/ces/archiveView.do?menuId=PCUCTCES1000&prtlBbsId=26634,,수도권 / 서울,데이터사이언스학과|데이터사이언스학
가톨릭대,의예과,2028,2028 공식자료,,"화학, 생명과학, 수학",,"-세포와 물질대사, 생물과 유전 포함 3과목 이상 -수학: 과목 위계를 고려하여 3과목 이상",한국대학교육협의회·대입정보포털 어디가,2028학년도 권역별 대학별 권장과목(반영과목),https://www.adiga.kr/uct/ces/archiveView.do?menuId=PCUCTCES1000&prtlBbsId=26634,,수도권 / 서울,의예과|의대|의학|의예
건국대,문과대학,2028,2028 공식자료,인문,"국어, 영어, 사회",,"일반선택 과목을 먼저 이수하고, 진로 적성에 맞게 진로선택 과목 및 융합선택 과목 이수를 추천",한국대학교육협의회·대입정보포털 어디가,2028학년도 권역별 대학별 권장과목(반영과목),https://www.adiga.kr/uct/ces/archiveView.do?menuId=PCUCTCES1000&prtlBbsId=26634,,수도권 / 서울 / 상위단위: 인문,문과대학|인문
건국대,사범대학,2028,2028 공식자료,인문,"국어, 영어, 사회",,"일반선택 과목을 먼저 이수하고, 진로 적성에 맞게 진로선택 과목 및 융합선택 과목 이수를 추천",한국대학교육협의회·대입정보포털 어디가,2028학년도 권역별 대학별 권장과목(반영과목),https://www.adiga.kr/uct/ces/archiveView.do?menuId=PCUCTCES1000&prtlBbsId=26634,,수도권 / 서울 / 상위단위: 인문,사범대학|인문
건국대,사회과학대학,2028,2028 공식자료,사회과학,"국어, 사회, 수학(대수, 미적분Ⅰ, 확률과 통계)",,,한국대학교육협의회·대입정보포털 어디가,2028학년도 권역별 대학별 권장과목(반영과목),https://www.adiga.kr/uct/ces/archiveView.do?menuId=PCUCTCES1000&prtlBbsId=26634,,수도권 / 서울 / 상위단위: 사회과학,사회과학대학|사회과학
건국대,경영대학,2028,2028 공식자료,사회과학,"국어, 사회, 수학(대수, 미적분Ⅰ, 확률과 통계)",,,한국대학교육협의회·대입정보포털 어디가,2028학년도 권역별 대학별 권장과목(반영과목),https://www.adiga.kr/uct/ces/archiveView.do?menuId=PCUCTCES1000&prtlBbsId=26634,,수도권 / 서울 / 상위단위: 사회과학,경영대학|사회과학
건국대,부동산대학,2028,2028 공식자료,사회과학,"국어, 사회, 수학(대수, 미적분Ⅰ, 확률과 통계)",,,한국대학교육협의회·대입정보포털 어디가,2028학년도 권역별 대학별 권장과목(반영과목),https://www.adiga.kr/uct/ces/archiveView.do?menuId=PCUCTCES1000&prtlBbsId=26634,,수도권 / 서울 / 상위단위: 사회과학,부동산대학|사회과학
건국대,이과대학,2028,2028 공식자료,이학,"수학(대수, 미적분Ⅰ, 미적분Ⅱ, 확률과 통계), 과학",,"과학은 일반선택 과목 먼저 이수 후, 진로와 적성에 맞게 진로선택 과목 이수 추천",한국대학교육협의회·대입정보포털 어디가,2028학년도 권역별 대학별 권장과목(반영과목),https://www.adiga.kr/uct/ces/archiveView.do?menuId=PCUCTCES1000&prtlBbsId=26634,,수도권 / 서울 / 상위단위: 이학,이과대학|이학
건국대,건축대학,2028,2028 공식자료,건축,"수학(대수, 미적분Ⅰ, 미적분Ⅱ, 확률과 통계), 과학",,"과학은 일반선택 과목 먼저 이수 후, 진로와 적성에 맞게 진로선택 과목 이수 추천",한국대학교육협의회·대입정보포털 어디가,2028학년도 권역별 대학별 권장과목(반영과목),https://www.adiga.kr/uct/ces/archiveView.do?menuId=PCUCTCES1000&prtlBbsId=26634,,수도권 / 서울 / 상위단위: 건축,건축대학|건축
건국대,융합과학기술원,2028,2028 공식자료,생명,"수학(대수, 미적분Ⅰ, 미적분Ⅱ, 확률과 통계), 과학",,"과학은 일반선택 과목 먼저 이수 후, 진로와 적성에 맞게 진로선택 과목 이수 추천",한국대학교육협의회·대입정보포털 어디가,2028학년도 권역별 대학별 권장과목(반영과목),https://www.adiga.kr/uct/ces/archiveView.do?menuId=PCUCTCES1000&prtlBbsId=26634,,수도권 / 서울 / 상위단위: 생명,융합과학기술원|생명
건국대,생명과학대학,2028,2028 공식자료,생명,"수학(대수, 미적분Ⅰ, 미적분Ⅱ, 확률과 통계), 과학",,"과학은 일반선택 과목 먼저 이수 후, 진로와 적성에 맞게 진로선택 과목 이수 추천",한국대학교육협의회·대입정보포털 어디가,2028학년도 권역별 대학별 권장과목(반영과목),https://www.adiga.kr/uct/ces/archiveView.do?menuId=PCUCTCES1000&prtlBbsId=26634,,수도권 / 서울 / 상위단위: 생명,생명과학대학|생명
건국대,수의과대학,2028,2028 공식자료,생명,"수학(대수, 미적분Ⅰ, 미적분Ⅱ, 확률과 통계), 과학",,"과학은 일반선택 과목 먼저 이수 후, 진로와 적성에 맞게 진로선택 과목 이수 추천",한국대학교육협의회·대입정보포털 어디가,2028학년도 권역별 대학별 권장과목(반영과목),https://www.adiga.kr/uct/ces/archiveView.do?menuId=PCUCTCES1000&prtlBbsId=26634,,수도권 / 서울 / 상위단위: 생명,수의과대학|생명
건국대,공과대학,2028,2028 공식자료,공학,"수학(대수, 미적분Ⅰ, 미적분Ⅱ, 기하), 과학(물리학)",,"과학은 일반선택 과목 먼저 이수 후, 진로와 적성에 맞게 진로선택 과목 이수 추천",한국대학교육협의회·대입정보포털 어디가,2028학년도 권역별 대학별 권장과목(반영과목),https://www.adiga.kr/uct/ces/archiveView.do?menuId=PCUCTCES1000&prtlBbsId=26634,,수도권 / 서울 / 상위단위: 공학,공과대학|공학
건국대,KU자유전공학부,2028,2028 공식자료,자유전공,계열 상관없이 자신의 진로와 적성에 따라 과목 선택하여 이수,,,한국대학교육협의회·대입정보포털 어디가,2028학년도 권역별 대학별 권장과목(반영과목),https://www.adiga.kr/uct/ces/archiveView.do?menuId=PCUCTCES1000&prtlBbsId=26634,,수도권 / 서울 / 상위단위: 자유전공,KU자유전공학부|KU자유전공|자유전공|자유
경희대,수학과,2028,2028 공식자료,수학,"대수, 미적분Ⅰ, 확률과 통계, 미적분Ⅱ, 기하",,,한국대학교육협의회·대입정보포털 어디가,2028학년도 권역별 대학별 권장과목(반영과목),https://www.adiga.kr/uct/ces/archiveView.do?menuId=PCUCTCES1000&prtlBbsId=26634,,수도권 / 서울 / 상위단위: 수학,수학과|수학
경희대,응용수학과,2028,2028 공식자료,수학,"대수, 미적분Ⅰ, 확률과 통계, 미적분Ⅱ, 기하",,,한국대학교육협의회·대입정보포털 어디가,2028학년도 권역별 대학별 권장과목(반영과목),https://www.adiga.kr/uct/ces/archiveView.do?menuId=PCUCTCES1000&prtlBbsId=26634,,수도권 / 서울 / 상위단위: 수학,응용수학과|응용수학|수학
경희대,소프트웨어융합학과,2028,2028 공식자료,컴퓨터,"대수, 미적분Ⅰ, 확률과 통계, 미적분Ⅱ, 기하",인공지능 수학,,한국대학교육협의회·대입정보포털 어디가,2028학년도 권역별 대학별 권장과목(반영과목),https://www.adiga.kr/uct/ces/archiveView.do?menuId=PCUCTCES1000&prtlBbsId=26634,,수도권 / 서울 / 상위단위: 컴퓨터,소프트웨어융합학과|소프트웨어융합학|컴퓨터
경희대,인공지능학과,2028,2028 공식자료,컴퓨터,"대수, 미적분Ⅰ, 확률과 통계, 미적분Ⅱ, 기하",인공지능 수학,,한국대학교육협의회·대입정보포털 어디가,2028학년도 권역별 대학별 권장과목(반영과목),https://www.adiga.kr/uct/ces/archiveView.do?menuId=PCUCTCES1000&prtlBbsId=26634,,수도권 / 서울 / 상위단위: 컴퓨터,인공지능학과|인공지능학|컴퓨터
경희대,컴퓨터공학과,2028,2028 공식자료,컴퓨터,"대수, 미적분Ⅰ, 확률과 통계, 미적분Ⅱ, 기하",인공지능 수학,,한국대학교육협의회·대입정보포털 어디가,2028학년도 권역별 대학별 권장과목(반영과목),https://www.adiga.kr/uct/ces/archiveView.do?menuId=PCUCTCES1000&prtlBbsId=26634,,수도권 / 서울 / 상위단위: 컴퓨터,컴퓨터공학과|컴퓨터공학|컴퓨터|컴공|컴퓨터과학
경희대,산업경영공학과,2028,2028 공식자료,산업,"대수, 미적분Ⅰ, 확률과 통계, 미적분Ⅱ",,,한국대학교육협의회·대입정보포털 어디가,2028학년도 권역별 대학별 권장과목(반영과목),https://www.adiga.kr/uct/ces/archiveView.do?menuId=PCUCTCES1000&prtlBbsId=26634,,수도권 / 서울 / 상위단위: 산업,산업경영공학과|산업경영공학|산업
경희대,물리학과,2028,2028 공식자료,물리,"대수, 미적분Ⅰ, 확률과 통계, 미적분Ⅱ, 기하, 물리학, 역학과 에너지, 전자기와 양자","화학, 물질과 에너지",,한국대학교육협의회·대입정보포털 어디가,2028학년도 권역별 대학별 권장과목(반영과목),https://www.adiga.kr/uct/ces/archiveView.do?menuId=PCUCTCES1000&prtlBbsId=26634,,수도권 / 서울 / 상위단위: 물리,물리학과|물리학|물리
경희대,응용물리학과,2028,2028 공식자료,물리,"대수, 미적분Ⅰ, 확률과 통계, 미적분Ⅱ, 기하, 물리학, 역학과 에너지, 전자기와 양자","화학, 물질과 에너지",,한국대학교육협의회·대입정보포털 어디가,2028학년도 권역별 대학별 권장과목(반영과목),https://www.adiga.kr/uct/ces/archiveView.do?menuId=PCUCTCES1000&prtlBbsId=26634,,수도권 / 서울 / 상위단위: 물리,응용물리학과|응용물리학|물리
경희대,기계공학부,2028,2028 공식자료,기계,"대수, 미적분Ⅰ, 확률과 통계, 물리학, 화학, 미적분Ⅱ, 기하, 역학과 에너지, 전자기와 양자","물질과 에너지, 화학 반응의 세계",,한국대학교육협의회·대입정보포털 어디가,2028학년도 권역별 대학별 권장과목(반영과목),https://www.adiga.kr/uct/ces/archiveView.do?menuId=PCUCTCES1000&prtlBbsId=26634,,수도권 / 서울 / 상위단위: 기계,기계공학부|기계공|기계|기계공학
경희대,미래정보디스플레이학부,2028,2028 공식자료,전기·전자,"대수, 미적분Ⅰ, 확률과 통계, 물리학, 화학, 미적분Ⅱ, 기하, 역학과 에너지, 전자기와 양자",,,한국대학교육협의회·대입정보포털 어디가,2028학년도 권역별 대학별 권장과목(반영과목),https://www.adiga.kr/uct/ces/archiveView.do?menuId=PCUCTCES1000&prtlBbsId=26634,,수도권 / 서울 / 상위단위: 전기·전자,미래정보디스플레이학부|미래정보디스플레이|전기·전자
경희대,생체의공학과,2028,2028 공식자료,전기·전자,"대수, 미적분Ⅰ, 확률과 통계, 물리학, 화학, 미적분Ⅱ, 기하, 역학과 에너지, 전자기와 양자",,,한국대학교육협의회·대입정보포털 어디가,2028학년도 권역별 대학별 권장과목(반영과목),https://www.adiga.kr/uct/ces/archiveView.do?menuId=PCUCTCES1000&prtlBbsId=26634,,수도권 / 서울 / 상위단위: 전기·전자,생체의공학과|생체의공학|전기·전자
경희대,전자공학과,2028,2028 공식자료,전기·전자,"대수, 미적분Ⅰ, 확률과 통계, 물리학, 화학, 미적분Ⅱ, 기하, 역학과 에너지, 전자기와 양자",,,한국대학교육협의회·대입정보포털 어디가,2028학년도 권역별 대학별 권장과목(반영과목),https://www.adiga.kr/uct/ces/archiveView.do?menuId=PCUCTCES1000&prtlBbsId=26634,,수도권 / 서울 / 상위단위: 전기·전자,전자공학과|전자공학|전기·전자
경희대,반도체공학과,2028,2028 공식자료,전기·전자,"대수, 미적분Ⅰ, 확률과 통계, 물리학, 화학, 미적분Ⅱ, 기하, 역학과 에너지, 전자기와 양자",,,한국대학교육협의회·대입정보포털 어디가,2028학년도 권역별 대학별 권장과목(반영과목),https://www.adiga.kr/uct/ces/archiveView.do?menuId=PCUCTCES1000&prtlBbsId=26634,,수도권 / 서울 / 상위단위: 전기·전자,반도체공학과|반도체공학|전기·전자
경희대,건축공학과,2028,2028 공식자료,건설/건축,"대수, 미적분Ⅰ, 확률과 통계, 미적분Ⅱ, 물리학",기하,,한국대학교육협의회·대입정보포털 어디가,2028학년도 권역별 대학별 권장과목(반영과목),https://www.adiga.kr/uct/ces/archiveView.do?menuId=PCUCTCES1000&prtlBbsId=26634,,수도권 / 서울 / 상위단위: 건설/건축,건축공학과|건축공학|건설/건축
경희대,사회기반시스템공학과,2028,2028 공식자료,건설/건축,"대수, 미적분Ⅰ, 확률과 통계, 미적분Ⅱ, 물리학",기하,,한국대학교육협의회·대입정보포털 어디가,2028학년도 권역별 대학별 권장과목(반영과목),https://www.adiga.kr/uct/ces/archiveView.do?menuId=PCUCTCES1000&prtlBbsId=26634,,수도권 / 서울 / 상위단위: 건설/건축,사회기반시스템공학과|사회기반시스템공학|건설/건축
경희대,건축학과,2028,2028 공식자료,건설/건축,"대수, 미적분Ⅰ, 확률과 통계","미적분Ⅱ, 기하, 물리학",,한국대학교육협의회·대입정보포털 어디가,2028학년도 권역별 대학별 권장과목(반영과목),https://www.adiga.kr/uct/ces/archiveView.do?menuId=PCUCTCES1000&prtlBbsId=26634,,수도권 / 서울 / 상위단위: 건설/건축,건축학과|건축학|건설/건축
경희대,화학과,2028,2028 공식자료,화학,"대수, 미적분Ⅰ, 확률과 통계, 미적분Ⅱ, 화학, 물질과 에너지, 화학 반응의 세계","기하, 물리학, 생명과학, [역학과 에너지, 전자기와 양자 중 1과목]",,한국대학교육협의회·대입정보포털 어디가,2028학년도 권역별 대학별 권장과목(반영과목),https://www.adiga.kr/uct/ces/archiveView.do?menuId=PCUCTCES1000&prtlBbsId=26634,,수도권 / 서울 / 상위단위: 화학,화학과|화학
경희대,응용화학과,2028,2028 공식자료,화학,"대수, 미적분Ⅰ, 확률과 통계, 미적분Ⅱ, 화학, 물질과 에너지, 화학 반응의 세계","기하, 물리학, 생명과학, [역학과 에너지, 전자기와 양자 중 1과목]",,한국대학교육협의회·대입정보포털 어디가,2028학년도 권역별 대학별 권장과목(반영과목),https://www.adiga.kr/uct/ces/archiveView.do?menuId=PCUCTCES1000&prtlBbsId=26634,,수도권 / 서울 / 상위단위: 화학,응용화학과|응용화학|화학
경희대,원자력공학과,2028,2028 공식자료,재료/화공·고분자·에너지,"대수, 미적분Ⅰ, 확률과 통계, 미적분Ⅱ, 기하, 물리학, 화학, 물질과 에너지, 역학과 에너지","전자기와 양자, 화학 반응의 세계",,한국대학교육협의회·대입정보포털 어디가,2028학년도 권역별 대학별 권장과목(반영과목),https://www.adiga.kr/uct/ces/archiveView.do?menuId=PCUCTCES1000&prtlBbsId=26634,,수도권 / 서울 / 상위단위: 재료/화공·고분자·에너지,원자력공학과|원자력공학|재료/화공·고분자·에너지
경희대,신소재공학과,2028,2028 공식자료,재료/화공·고분자·에너지,"대수, 미적분Ⅰ, 확률과 통계, 미적분Ⅱ, 기하, 물리학, 화학, 물질과 에너지, 역학과 에너지","전자기와 양자, 화학 반응의 세계",,한국대학교육협의회·대입정보포털 어디가,2028학년도 권역별 대학별 권장과목(반영과목),https://www.adiga.kr/uct/ces/archiveView.do?menuId=PCUCTCES1000&prtlBbsId=26634,,수도권 / 서울 / 상위단위: 재료/화공·고분자·에너지,신소재공학과|신소재공학|재료/화공·고분자·에너지|신소재|재료공학
경희대,화학공학과,2028,2028 공식자료,재료/화공·고분자·에너지,"대수, 미적분Ⅰ, 확률과 통계, 물리학, 화학, 미적분Ⅱ, 물질과 에너지, 화학 반응의 세계","기하, 전자기와 양자, 역학과 에너지",,한국대학교육협의회·대입정보포털 어디가,2028학년도 권역별 대학별 권장과목(반영과목),https://www.adiga.kr/uct/ces/archiveView.do?menuId=PCUCTCES1000&prtlBbsId=26634,,수도권 / 서울 / 상위단위: 재료/화공·고분자·에너지,화학공학과|화학공학|재료/화공·고분자·에너지
경희대,생물학과,2028,2028 공식자료,생명과학·환경/생활과학/농림,"대수, 미적분Ⅰ, 확률과 통계, 화학, 생명과학, 세포와 물질대사, 생물과 유전","미적분Ⅱ, 물리학",,한국대학교육협의회·대입정보포털 어디가,2028학년도 권역별 대학별 권장과목(반영과목),https://www.adiga.kr/uct/ces/archiveView.do?menuId=PCUCTCES1000&prtlBbsId=26634,,수도권 / 서울 / 상위단위: 생명과학·환경/생활과학/농림,생물학과|생물학|생명과학·환경/생활과학/농림
경희대,스마트팜과학과,2028,2028 공식자료,생명과학·환경/생활과학/농림,"대수, 미적분Ⅰ, 확률과 통계, 화학, 생명과학, 세포와 물질대사, 생물과 유전","미적분Ⅱ, 물리학",,한국대학교육협의회·대입정보포털 어디가,2028학년도 권역별 대학별 권장과목(반영과목),https://www.adiga.kr/uct/ces/archiveView.do?menuId=PCUCTCES1000&prtlBbsId=26634,,수도권 / 서울 / 상위단위: 생명과학·환경/생활과학/농림,스마트팜과학과|스마트팜과학|생명과학·환경/생활과학/농림
경희대,식품영양학과,2028,2028 공식자료,생명과학·환경/생활과학/농림,"대수, 미적분Ⅰ, 확률과 통계, 화학, 생명과학, 세포와 물질대사, 생물과 유전","미적분Ⅱ, 물질과 에너지, 화학 반응의 세계",,한국대학교육협의회·대입정보포털 어디가,2028학년도 권역별 대학별 권장과목(반영과목),https://www.adiga.kr/uct/ces/archiveView.do?menuId=PCUCTCES1000&prtlBbsId=26634,,수도권 / 서울 / 상위단위: 생명과학·환경/생활과학/농림,식품영양학과|식품영양학|생명과학·환경/생활과학/농림
경희대,식품생명공학과,2028,2028 공식자료,생명과학·환경/생활과학/농림,"대수, 미적분Ⅰ, 확률과 통계, 화학, 생명과학, 세포와 물질대사, 생물과 유전","미적분Ⅱ, 물질과 에너지, 화학 반응의 세계",,한국대학교육협의회·대입정보포털 어디가,2028학년도 권역별 대학별 권장과목(반영과목),https://www.adiga.kr/uct/ces/archiveView.do?menuId=PCUCTCES1000&prtlBbsId=26634,,수도권 / 서울 / 상위단위: 생명과학·환경/생활과학/농림,식품생명공학과|식품생명공학|생명과학·환경/생활과학/농림|생명공학|바이오공학|바이오
경희대,유전생명공학과,2028,2028 공식자료,생명과학·환경/생활과학/농림,"대수, 미적분Ⅰ, 확률과 통계, 화학, 생명과학, 세포와 물질대사, 생물과 유전","미적분Ⅱ, 물질과 에너지, 화학 반응의 세계",,한국대학교육협의회·대입정보포털 어디가,2028학년도 권역별 대학별 권장과목(반영과목),https://www.adiga.kr/uct/ces/archiveView.do?menuId=PCUCTCES1000&prtlBbsId=26634,,수도권 / 서울 / 상위단위: 생명과학·환경/생활과학/농림,유전생명공학과|유전생명공학|생명과학·환경/생활과학/농림|생명공학|바이오공학|바이오
경희대,환경학및환경공학과,2028,2028 공식자료,생명과학·환경/생활과학/농림,"대수, 미적분Ⅰ, 확률과 통계, 화학, 생명과학, 세포와 물질대사, 생물과 유전","미적분Ⅱ, 물질과 에너지, 화학 반응의 세계",,한국대학교육협의회·대입정보포털 어디가,2028학년도 권역별 대학별 권장과목(반영과목),https://www.adiga.kr/uct/ces/archiveView.do?menuId=PCUCTCES1000&prtlBbsId=26634,,수도권 / 서울 / 상위단위: 생명과학·환경/생활과학/농림,환경학및환경공학과|환경학및환경공학|생명과학·환경/생활과학/농림
경희대,융합바이오·신소재공학과,2028,2028 공식자료,생명과학·환경/생활과학/농림,"대수, 미적분Ⅰ, 확률과 통계, 화학, 생명과학, 세포와 물질대사, 생물과 유전, 물질과 에너지, 화학 반응의 세계",미적분Ⅱ,,한국대학교육협의회·대입정보포털 어디가,2028학년도 권역별 대학별 권장과목(반영과목),https://www.adiga.kr/uct/ces/archiveView.do?menuId=PCUCTCES1000&prtlBbsId=26634,,수도권 / 서울 / 상위단위: 생명과학·환경/생활과학/농림,융합바이오·신소재공학과|융합바이오·신소재공학|생명과학·환경/생활과학/농림|신소재공학|신소재|재료공학
경희대,지리학과,2028,2028 공식자료,천문·지구,"대수, 미적분Ⅰ, 확률과 통계, 지구과학",,,한국대학교육협의회·대입정보포털 어디가,2028학년도 권역별 대학별 권장과목(반영과목),https://www.adiga.kr/uct/ces/archiveView.do?menuId=PCUCTCES1000&prtlBbsId=26634,,수도권 / 서울 / 상위단위: 천문·지구,지리학과|지리학|천문·지구
경희대,우주과학과,2028,2028 공식자료,천문·지구,"대수, 미적분Ⅰ, 확률과 통계, 미적분Ⅱ, 물리학, 화학, 지구과학, 역학과 에너지, 전자기와 양자","기하, [지구시스템과학, 행성우주과학 중 1과목]",,한국대학교육협의회·대입정보포털 어디가,2028학년도 권역별 대학별 권장과목(반영과목),https://www.adiga.kr/uct/ces/archiveView.do?menuId=PCUCTCES1000&prtlBbsId=26634,,수도권 / 서울 / 상위단위: 천문·지구,우주과학과|우주과학|천문·지구
경희대,의예과,2028,2028 공식자료,의학,"대수, 미적분Ⅰ, 확률과 통계, 미적분Ⅱ, 화학, 생명과학, [물질과 에너지, 화학 반응의 세계, 세포와 물질대사, 생물의 유전 중 3과목]",물리학,,한국대학교육협의회·대입정보포털 어디가,2028학년도 권역별 대학별 권장과목(반영과목),https://www.adiga.kr/uct/ces/archiveView.do?menuId=PCUCTCES1000&prtlBbsId=26634,,수도권 / 서울 / 상위단위: 의학,의예과|의학|의대|의예
경희대,한의예과,2028,2028 공식자료,의학,"대수, 미적분Ⅰ, 확률과 통계, 미적분Ⅱ, 화학, 생명과학, 세포와 물질대사, 생물의 유전","물리학, [물질과 에너지, 화학 반응의 세계 중 1과목]",,한국대학교육협의회·대입정보포털 어디가,2028학년도 권역별 대학별 권장과목(반영과목),https://www.adiga.kr/uct/ces/archiveView.do?menuId=PCUCTCES1000&prtlBbsId=26634,,수도권 / 서울 / 상위단위: 의학,한의예과|의학|의대|의예
경희대,치의예과,2028,2028 공식자료,의학,"대수, 미적분Ⅰ, 확률과 통계, 미적분Ⅱ, 화학, 생명과학, 세포와 물질대사, 생물의 유전","물리학, [물질과 에너지, 화학 반응의 세계 중 1과목]",,한국대학교육협의회·대입정보포털 어디가,2028학년도 권역별 대학별 권장과목(반영과목),https://www.adiga.kr/uct/ces/archiveView.do?menuId=PCUCTCES1000&prtlBbsId=26634,,수도권 / 서울 / 상위단위: 의학,치의예과|의학|의대|의예
경희대,약학과,2028,2028 공식자료,약학,"대수, 미적분Ⅰ, 확률과 통계, 미적분Ⅱ, 화학, 생명과학, [물질과 에너지, 화학 반응의 세계, 세포와 물질대사, 생물의 유전 중 3과목]",물리학,,한국대학교육협의회·대입정보포털 어디가,2028학년도 권역별 대학별 권장과목(반영과목),https://www.adiga.kr/uct/ces/archiveView.do?menuId=PCUCTCES1000&prtlBbsId=26634,,수도권 / 서울 / 상위단위: 약학,약학과|약학|약대
경희대,한약학과,2028,2028 공식자료,약학,"대수, 미적분Ⅰ, 확률과 통계, 미적분Ⅱ, 화학, 생명과학, [물질과 에너지, 화학 반응의 세계, 세포와 물질대사, 생물의 유전 중 3과목]",물리학,,한국대학교육협의회·대입정보포털 어디가,2028학년도 권역별 대학별 권장과목(반영과목),https://www.adiga.kr/uct/ces/archiveView.do?menuId=PCUCTCES1000&prtlBbsId=26634,,수도권 / 서울 / 상위단위: 약학,한약학과|한약학|약학|약대
경희대,약과학과,2028,2028 공식자료,약학,"대수, 미적분Ⅰ, 확률과 통계, 미적분Ⅱ, 화학, 생명과학, [물질과 에너지, 화학 반응의 세계, 세포와 물질대사, 생물의 유전 중 3과목]",물리학,,한국대학교육협의회·대입정보포털 어디가,2028학년도 권역별 대학별 권장과목(반영과목),https://www.adiga.kr/uct/ces/archiveView.do?menuId=PCUCTCES1000&prtlBbsId=26634,,수도권 / 서울 / 상위단위: 약학,약과학과|약과학|약학
경희대,간호학과,2028,2028 공식자료,간호/보건,"대수, 미적분Ⅰ,확률과 통계,생명과학,세포와 물질대사,생물의 유전","미적분Ⅱ, 화학, 물질과 에너지, 화학 반응의 세계",,한국대학교육협의회·대입정보포털 어디가,2028학년도 권역별 대학별 권장과목(반영과목),https://www.adiga.kr/uct/ces/archiveView.do?menuId=PCUCTCES1000&prtlBbsId=26634,,수도권 / 서울 / 상위단위: 간호/보건,간호학과|간호학|간호/보건|간호
고려대,생명과학부,2028,2028 공식자료,생명과학대학,,"미적분Ⅱ, 물질과 에너지, 화학 반응의 세계, 세포와 물질대사, 생물의 유전",과학 교과 권장 과목 중 2과목 이상 권장,한국대학교육협의회·대입정보포털 어디가,2028학년도 권역별 대학별 권장과목(반영과목),https://www.adiga.kr/uct/ces/archiveView.do?menuId=PCUCTCES1000&prtlBbsId=26634,,수도권 / 서울 / 상위단위: 생명과학대학,생명과학부|생명과|생명과학대학
고려대,생명공학부,2028,2028 공식자료,생명과학대학,,"미적분Ⅱ, 물질과 에너지, 화학 반응의 세계, 세포와 물질대사, 생물의 유전",과학 교과 권장 과목 중 2과목 이상 권장,한국대학교육협의회·대입정보포털 어디가,2028학년도 권역별 대학별 권장과목(반영과목),https://www.adiga.kr/uct/ces/archiveView.do?menuId=PCUCTCES1000&prtlBbsId=26634,,수도권 / 서울 / 상위단위: 생명과학대학,생명공학부|생명공|생명과학대학|생명공학|바이오공학|바이오
고려대,식품공학과,2028,2028 공식자료,생명과학대학,,"미적분Ⅱ, 물질과 에너지, 화학 반응의 세계, 세포와 물질대사, 생물의 유전",과학 교과 권장 과목 중 2과목 이상 권장,한국대학교육협의회·대입정보포털 어디가,2028학년도 권역별 대학별 권장과목(반영과목),https://www.adiga.kr/uct/ces/archiveView.do?menuId=PCUCTCES1000&prtlBbsId=26634,,수도권 / 서울 / 상위단위: 생명과학대학,식품공학과|식품공학|생명과학대학
고려대,환경생태공학부,2028,2028 공식자료,생명과학대학,,"미적분Ⅱ, 물질과 에너지, 화학 반응의 세계, 세포와 물질대사, 생물의 유전",과학 교과 권장 과목 중 2과목 이상 권장,한국대학교육협의회·대입정보포털 어디가,2028학년도 권역별 대학별 권장과목(반영과목),https://www.adiga.kr/uct/ces/archiveView.do?menuId=PCUCTCES1000&prtlBbsId=26634,,수도권 / 서울 / 상위단위: 생명과학대학,환경생태공학부|환경생태공|생명과학대학
고려대,수학과,2028,2028 공식자료,이과대학,,"미적분Ⅱ, 기하",,한국대학교육협의회·대입정보포털 어디가,2028학년도 권역별 대학별 권장과목(반영과목),https://www.adiga.kr/uct/ces/archiveView.do?menuId=PCUCTCES1000&prtlBbsId=26634,,수도권 / 서울 / 상위단위: 이과대학,수학과|수학|이과대학
고려대,물리학과,2028,2028 공식자료,이과대학,,"미적분Ⅱ, 역학과 에너지, 전자기와 양자",,한국대학교육협의회·대입정보포털 어디가,2028학년도 권역별 대학별 권장과목(반영과목),https://www.adiga.kr/uct/ces/archiveView.do?menuId=PCUCTCES1000&prtlBbsId=26634,,수도권 / 서울 / 상위단위: 이과대학,물리학과|물리학|이과대학
고려대,화학과,2028,2028 공식자료,이과대학,,"미적분Ⅱ, 물질과 에너지, 화학 반응의 세계",,한국대학교육협의회·대입정보포털 어디가,2028학년도 권역별 대학별 권장과목(반영과목),https://www.adiga.kr/uct/ces/archiveView.do?menuId=PCUCTCES1000&prtlBbsId=26634,,수도권 / 서울 / 상위단위: 이과대학,화학과|화학|이과대학
고려대,지구환경과학과,2028,2028 공식자료,이과대학,,"미적분Ⅱ, 지구시스템과학, 행성우주과학",,한국대학교육협의회·대입정보포털 어디가,2028학년도 권역별 대학별 권장과목(반영과목),https://www.adiga.kr/uct/ces/archiveView.do?menuId=PCUCTCES1000&prtlBbsId=26634,,수도권 / 서울 / 상위단위: 이과대학,지구환경과학과|지구환경과학|이과대학
고려대,공과대학 (전공자율선택제),2028,2028 공식자료,공과대학,,"미적분Ⅱ, 역학과 에너지, 전자기와 양자, 물질과 에너지, 화학 반응의 세계, 세포와 물질대사, 생물의 유전",과학 교과 권장 과목 중 2과목 이상 권장,한국대학교육협의회·대입정보포털 어디가,2028학년도 권역별 대학별 권장과목(반영과목),https://www.adiga.kr/uct/ces/archiveView.do?menuId=PCUCTCES1000&prtlBbsId=26634,,수도권 / 서울 / 상위단위: 공과대학,공과대학 (전공자율선택제)|공과대학
고려대,화공생명공학과,2028,2028 공식자료,공과대학,,"미적분Ⅱ, 기하, 역학과 에너지, 전자기와 양자, 물질과 에너지, 화학 반응의 세계",과학 교과 권장 과목 중 2과목 이상 권장,한국대학교육협의회·대입정보포털 어디가,2028학년도 권역별 대학별 권장과목(반영과목),https://www.adiga.kr/uct/ces/archiveView.do?menuId=PCUCTCES1000&prtlBbsId=26634,,수도권 / 서울 / 상위단위: 공과대학,화공생명공학과|화공생명공학|공과대학|화학공학과|화학공학|화공|화공생명|생명공학|바이오공학|바이오
고려대,신소재공학부,2028,2028 공식자료,공과대학,,"미적분Ⅱ, 역학과 에너지, 전자기와 양자, 물질과 에너지, 화학 반응의 세계, 세포와 물질대사, 생물의 유전",과학 교과 권장 과목 중 2과목 이상 권장,한국대학교육협의회·대입정보포털 어디가,2028학년도 권역별 대학별 권장과목(반영과목),https://www.adiga.kr/uct/ces/archiveView.do?menuId=PCUCTCES1000&prtlBbsId=26634,,수도권 / 서울 / 상위단위: 공과대학,신소재공학부|신소재공|공과대학|신소재공학|신소재|재료공학
고려대,건축사회환경공학부,2028,2028 공식자료,공과대학,,"미적분Ⅱ, 역학과 에너지",,한국대학교육협의회·대입정보포털 어디가,2028학년도 권역별 대학별 권장과목(반영과목),https://www.adiga.kr/uct/ces/archiveView.do?menuId=PCUCTCES1000&prtlBbsId=26634,,수도권 / 서울 / 상위단위: 공과대학,건축사회환경공학부|건축사회환경공|공과대학
고려대,건축학과,2028,2028 공식자료,공과대학,,미적분Ⅱ,,한국대학교육협의회·대입정보포털 어디가,2028학년도 권역별 대학별 권장과목(반영과목),https://www.adiga.kr/uct/ces/archiveView.do?menuId=PCUCTCES1000&prtlBbsId=26634,,수도권 / 서울 / 상위단위: 공과대학,건축학과|건축학|공과대학
고려대,기계공학부,2028,2028 공식자료,공과대학,,"미적분Ⅱ, 역학과 에너지, 전자기와 양자",,한국대학교육협의회·대입정보포털 어디가,2028학년도 권역별 대학별 권장과목(반영과목),https://www.adiga.kr/uct/ces/archiveView.do?menuId=PCUCTCES1000&prtlBbsId=26634,,수도권 / 서울 / 상위단위: 공과대학,기계공학부|기계공|공과대학|기계공학|기계
고려대,산업경영공학부,2028,2028 공식자료,공과대학,,미적분Ⅱ,,한국대학교육협의회·대입정보포털 어디가,2028학년도 권역별 대학별 권장과목(반영과목),https://www.adiga.kr/uct/ces/archiveView.do?menuId=PCUCTCES1000&prtlBbsId=26634,,수도권 / 서울 / 상위단위: 공과대학,산업경영공학부|산업경영공|공과대학|산업공학|산공|산업경영공학
고려대,전기전자공학부,2028,2028 공식자료,공과대학,,"미적분Ⅱ, 기하, 역학과 에너지, 전자기와 양자, 물질과 에너지, 화학 반응의 세계",과학 교과 권장 과목 중 2과목 이상 권장,한국대학교육협의회·대입정보포털 어디가,2028학년도 권역별 대학별 권장과목(반영과목),https://www.adiga.kr/uct/ces/archiveView.do?menuId=PCUCTCES1000&prtlBbsId=26634,,수도권 / 서울 / 상위단위: 공과대학,전기전자공학부|전기전자공|공과대학|전기전자|전자전기|전자공학|전기공학
고려대,반도체공학과,2028,2028 공식자료,공과대학,,"미적분Ⅱ, 역학과 에너지, 전자기와 양자",,한국대학교육협의회·대입정보포털 어디가,2028학년도 권역별 대학별 권장과목(반영과목),https://www.adiga.kr/uct/ces/archiveView.do?menuId=PCUCTCES1000&prtlBbsId=26634,,수도권 / 서울 / 상위단위: 공과대학,반도체공학과|반도체공학|공과대학
고려대,융합에너지공학과,2028,2028 공식자료,공과대학,,"미적분Ⅱ, 역학과 에너지, 전자기와 양자, 물질과 에너지, 화학 반응의 세계, 세포와 물질대사, 생물의 유전",과학 교과 권장 과목 중 2과목 이상 권장,한국대학교육협의회·대입정보포털 어디가,2028학년도 권역별 대학별 권장과목(반영과목),https://www.adiga.kr/uct/ces/archiveView.do?menuId=PCUCTCES1000&prtlBbsId=26634,,수도권 / 서울 / 상위단위: 공과대학,융합에너지공학과|융합에너지공학|공과대학
고려대,차세대통신학과,2028,2028 공식자료,공과대학,,"미적분Ⅱ, 역학과 에너지, 전자기와 양자",,한국대학교육협의회·대입정보포털 어디가,2028학년도 권역별 대학별 권장과목(반영과목),https://www.adiga.kr/uct/ces/archiveView.do?menuId=PCUCTCES1000&prtlBbsId=26634,,수도권 / 서울 / 상위단위: 공과대학,차세대통신학과|차세대통신학|공과대학
고려대,의과대학,2028,2028 공식자료,의과대학,,"미적분Ⅱ, 물질과 에너지, 화학 반응의 세계, 세포와 물질대사, 생물의 유전",과학 교과 권장 과목 중 2과목 이상 권장,한국대학교육협의회·대입정보포털 어디가,2028학년도 권역별 대학별 권장과목(반영과목),https://www.adiga.kr/uct/ces/archiveView.do?menuId=PCUCTCES1000&prtlBbsId=26634,,수도권 / 서울 / 상위단위: 의과대학,의과대학
고려대,가정교육과,2028,2028 공식자료,사범대학,,미적분Ⅱ,,한국대학교육협의회·대입정보포털 어디가,2028학년도 권역별 대학별 권장과목(반영과목),https://www.adiga.kr/uct/ces/archiveView.do?menuId=PCUCTCES1000&prtlBbsId=26634,,수도권 / 서울 / 상위단위: 사범대학,가정교육과|사범대학
고려대,수학교육과,2028,2028 공식자료,사범대학,,"미적분Ⅱ, 기하",,한국대학교육협의회·대입정보포털 어디가,2028학년도 권역별 대학별 권장과목(반영과목),https://www.adiga.kr/uct/ces/archiveView.do?menuId=PCUCTCES1000&prtlBbsId=26634,,수도권 / 서울 / 상위단위: 사범대학,수학교육과|사범대학
고려대,간호대학,2028,2028 공식자료,간호대학,,"미적분Ⅱ, 물질과 에너지, 화학 반응의 세계, 세포와 물질대사, 생물의 유전",과학 교과 권장 과목 중 2과목 이상 권장,한국대학교육협의회·대입정보포털 어디가,2028학년도 권역별 대학별 권장과목(반영과목),https://www.adiga.kr/uct/ces/archiveView.do?menuId=PCUCTCES1000&prtlBbsId=26634,,수도권 / 서울 / 상위단위: 간호대학,간호대학
고려대,컴퓨터학과,2028,2028 공식자료,정보대학,,"미적분Ⅱ, 기하",,한국대학교육협의회·대입정보포털 어디가,2028학년도 권역별 대학별 권장과목(반영과목),https://www.adiga.kr/uct/ces/archiveView.do?menuId=PCUCTCES1000&prtlBbsId=26634,,수도권 / 서울 / 상위단위: 정보대학,컴퓨터학과|컴퓨터학|정보대학|컴퓨터공학|컴공|컴퓨터과학|컴퓨터
고려대,데이터과학과,2028,2028 공식자료,정보대학,,"미적분Ⅱ, 기하",,한국대학교육협의회·대입정보포털 어디가,2028학년도 권역별 대학별 권장과목(반영과목),https://www.adiga.kr/uct/ces/archiveView.do?menuId=PCUCTCES1000&prtlBbsId=26634,,수도권 / 서울 / 상위단위: 정보대학,데이터과학과|데이터과학|정보대학
고려대,인공지능학과,2028,2028 공식자료,정보대학,,"미적분Ⅱ, 기하",,한국대학교육협의회·대입정보포털 어디가,2028학년도 권역별 대학별 권장과목(반영과목),https://www.adiga.kr/uct/ces/archiveView.do?menuId=PCUCTCES1000&prtlBbsId=26634,,수도권 / 서울 / 상위단위: 정보대학,인공지능학과|인공지능학|정보대학
고려대,바이오의공학부,2028,2028 공식자료,보건과학대학,,"미적분Ⅱ, 역학과 에너지, 전자기와 양자, 물질과 에너지, 화학 반응의 세계, 세포와 물질대사, 생물의 유전",과학 교과 권장 과목 중 2과목 이상 권장,한국대학교육협의회·대입정보포털 어디가,2028학년도 권역별 대학별 권장과목(반영과목),https://www.adiga.kr/uct/ces/archiveView.do?menuId=PCUCTCES1000&prtlBbsId=26634,,수도권 / 서울 / 상위단위: 보건과학대학,바이오의공학부|바이오의공|보건과학대학
고려대,바이오시스템의과학부,2028,2028 공식자료,보건과학대학,,"미적분Ⅱ, 물질과 에너지, 화학 반응의 세계, 세포와 물질대사, 생물의 유전",과학 교과 권장 과목 중 2과목 이상 권장,한국대학교육협의회·대입정보포털 어디가,2028학년도 권역별 대학별 권장과목(반영과목),https://www.adiga.kr/uct/ces/archiveView.do?menuId=PCUCTCES1000&prtlBbsId=26634,,수도권 / 서울 / 상위단위: 보건과학대학,바이오시스템의과학부|바이오시스템의과|보건과학대학
고려대,보건환경융합과학부,2028,2028 공식자료,보건과학대학,,"미적분Ⅱ, 물질과 에너지, 화학 반응의 세계, 세포와 물질대사, 생물의 유전",과학 교과 권장 과목 중 2과목 이상 권장,한국대학교육협의회·대입정보포털 어디가,2028학년도 권역별 대학별 권장과목(반영과목),https://www.adiga.kr/uct/ces/archiveView.do?menuId=PCUCTCES1000&prtlBbsId=26634,,수도권 / 서울 / 상위단위: 보건과학대학,보건환경융합과학부|보건환경융합과|보건과학대학
고려대,사이버국방학과,2028,2028 공식자료,스마트보안학부,,"미적분Ⅱ, 기하",,한국대학교육협의회·대입정보포털 어디가,2028학년도 권역별 대학별 권장과목(반영과목),https://www.adiga.kr/uct/ces/archiveView.do?menuId=PCUCTCES1000&prtlBbsId=26634,,수도권 / 서울 / 상위단위: 스마트보안학부,사이버국방학과|사이버국방학|스마트보안학부|스마트보안
고려대,스마트보안학부,2028,2028 공식자료,스마트보안학부,,"미적분Ⅱ, 기하",,한국대학교육협의회·대입정보포털 어디가,2028학년도 권역별 대학별 권장과목(반영과목),https://www.adiga.kr/uct/ces/archiveView.do?menuId=PCUCTCES1000&prtlBbsId=26634,,수도권 / 서울 / 상위단위: 스마트보안학부,스마트보안학부|스마트보안
고려대,스마트모빌리티학부,2028,2028 공식자료,스마트모빌리티학부,,"미적분Ⅱ, 역학과 에너지, 전자기와 양자, 물질과 에너지, 화학 반응의 세계, 세포와 물질대사, 생물의 유전",과학 교과 권장 과목 중 2과목 이상 권장,한국대학교육협의회·대입정보포털 어디가,2028학년도 권역별 대학별 권장과목(반영과목),https://www.adiga.kr/uct/ces/archiveView.do?menuId=PCUCTCES1000&prtlBbsId=26634,,수도권 / 서울 / 상위단위: 스마트모빌리티학부,스마트모빌리티학부|스마트모빌리티
광운대,전자공학과,2028,2028 공식자료,전자정보공과대학,"대수, 미적분Ⅰ, 확률과 통계, 물리학, 화학, 정보, 기술·가정","기하, 미적분Ⅱ, 인공지능 수학, 역학과 에너지, 전자기와 양자, 물질과 에너지, 화학 반응의 세계","융합선택 과목: 실용 통계, 수학과제 탐구, 융합과학 탐구",한국대학교육협의회·대입정보포털 어디가,2028학년도 권역별 대학별 권장과목(반영과목),https://www.adiga.kr/uct/ces/archiveView.do?menuId=PCUCTCES1000&prtlBbsId=26634,,수도권 / 서울 / 상위단위: 전자정보공과대학,전자공학과|전자공학|전자정보공과대학
광운대,전자통신공학과,2028,2028 공식자료,전자정보공과대학,"대수, 미적분Ⅰ, 확률과 통계, 물리학, 화학, 정보, 기술·가정","기하, 미적분Ⅱ, 인공지능 수학, 역학과 에너지, 전자기와 양자, 물질과 에너지, 화학 반응의 세계","융합선택 과목: 실용 통계, 수학과제 탐구, 융합과학 탐구",한국대학교육협의회·대입정보포털 어디가,2028학년도 권역별 대학별 권장과목(반영과목),https://www.adiga.kr/uct/ces/archiveView.do?menuId=PCUCTCES1000&prtlBbsId=26634,,수도권 / 서울 / 상위단위: 전자정보공과대학,전자통신공학과|전자통신공학|전자정보공과대학
광운대,전자융합공학과,2028,2028 공식자료,전자정보공과대학,"대수, 미적분Ⅰ, 확률과 통계, 물리학, 화학, 정보, 기술·가정","기하, 미적분Ⅱ, 인공지능 수학, 역학과 에너지, 전자기와 양자, 물질과 에너지, 화학 반응의 세계","융합선택 과목: 실용 통계, 수학과제 탐구, 융합과학 탐구",한국대학교육협의회·대입정보포털 어디가,2028학년도 권역별 대학별 권장과목(반영과목),https://www.adiga.kr/uct/ces/archiveView.do?menuId=PCUCTCES1000&prtlBbsId=26634,,수도권 / 서울 / 상위단위: 전자정보공과대학,전자융합공학과|전자융합공학|전자정보공과대학
광운대,전기공학과,2028,2028 공식자료,전자정보공과대학,"대수, 미적분Ⅰ, 확률과 통계, 물리학, 화학, 정보, 기술·가정","기하, 미적분Ⅱ, 인공지능 수학, 역학과 에너지, 전자기와 양자, 물질과 에너지, 화학 반응의 세계","융합선택 과목: 실용 통계, 수학과제 탐구, 융합과학 탐구",한국대학교육협의회·대입정보포털 어디가,2028학년도 권역별 대학별 권장과목(반영과목),https://www.adiga.kr/uct/ces/archiveView.do?menuId=PCUCTCES1000&prtlBbsId=26634,,수도권 / 서울 / 상위단위: 전자정보공과대학,전기공학과|전기공학|전자정보공과대학
광운대,전자재료공학과,2028,2028 공식자료,전자정보공과대학,"대수, 미적분Ⅰ, 확률과 통계, 물리학, 화학, 정보, 기술·가정","기하, 미적분Ⅱ, 인공지능 수학, 역학과 에너지, 전자기와 양자, 물질과 에너지, 화학 반응의 세계","융합선택 과목: 실용 통계, 수학과제 탐구, 융합과학 탐구",한국대학교육협의회·대입정보포털 어디가,2028학년도 권역별 대학별 권장과목(반영과목),https://www.adiga.kr/uct/ces/archiveView.do?menuId=PCUCTCES1000&prtlBbsId=26634,,수도권 / 서울 / 상위단위: 전자정보공과대학,전자재료공학과|전자재료공학|전자정보공과대학
광운대,반도체시스템공학부,2028,2028 공식자료,전자정보공과대학,"대수, 미적분Ⅰ, 확률과 통계, 물리학, 화학, 정보, 기술·가정","기하, 미적분Ⅱ, 인공지능 수학, 역학과 에너지, 전자기와 양자, 물질과 에너지, 화학 반응의 세계","융합선택 과목: 실용 통계, 수학과제 탐구, 융합과학 탐구",한국대학교육협의회·대입정보포털 어디가,2028학년도 권역별 대학별 권장과목(반영과목),https://www.adiga.kr/uct/ces/archiveView.do?menuId=PCUCTCES1000&prtlBbsId=26634,,수도권 / 서울 / 상위단위: 전자정보공과대학,반도체시스템공학부|반도체시스템공|전자정보공과대학
광운대,컴퓨터정보공학부,2028,2028 공식자료,인공지능융합대학,"대수, 미적분Ⅰ, 확률과 통계, 물리학, 정보","기하, 미적분Ⅱ, 인공지능 수학, 역학과 에너지, 전자기와 양자, 물질과 에너지","융합선택 과목: 실용 통계, 수학과제 탐구, 융합과학 탐구",한국대학교육협의회·대입정보포털 어디가,2028학년도 권역별 대학별 권장과목(반영과목),https://www.adiga.kr/uct/ces/archiveView.do?menuId=PCUCTCES1000&prtlBbsId=26634,,수도권 / 서울 / 상위단위: 인공지능융합대학,컴퓨터정보공학부|컴퓨터정보공|인공지능융합대학
광운대,소프트웨어학부,2028,2028 공식자료,인공지능융합대학,"대수, 미적분Ⅰ, 확률과 통계, 물리학, 정보","기하, 미적분Ⅱ, 인공지능 수학, 역학과 에너지, 전자기와 양자, 물질과 에너지","융합선택 과목: 실용 통계, 수학과제 탐구, 융합과학 탐구",한국대학교육협의회·대입정보포털 어디가,2028학년도 권역별 대학별 권장과목(반영과목),https://www.adiga.kr/uct/ces/archiveView.do?menuId=PCUCTCES1000&prtlBbsId=26634,,수도권 / 서울 / 상위단위: 인공지능융합대학,소프트웨어학부|소프트웨어|인공지능융합대학|소프트웨어공학|SW
광운대,정보융합학부,2028,2028 공식자료,인공지능융합대학,"대수, 미적분Ⅰ, 확률과 통계, 물리학, 정보","기하, 미적분Ⅱ, 인공지능 수학, 역학과 에너지, 전자기와 양자, 물질과 에너지","융합선택 과목: 실용 통계, 수학과제 탐구, 융합과학 탐구",한국대학교육협의회·대입정보포털 어디가,2028학년도 권역별 대학별 권장과목(반영과목),https://www.adiga.kr/uct/ces/archiveView.do?menuId=PCUCTCES1000&prtlBbsId=26634,,수도권 / 서울 / 상위단위: 인공지능융합대학,정보융합학부|정보융합|인공지능융합대학
광운대,로봇학부 AI로봇전공,2028,2028 공식자료,인공지능융합대학,"대수, 미적분Ⅰ, 확률과 통계, 물리학, 정보","기하, 미적분Ⅱ, 인공지능 수학, 역학과 에너지, 전자기와 양자, 물질과 에너지","융합선택 과목: 실용 통계, 수학과제 탐구, 융합과학 탐구",한국대학교육협의회·대입정보포털 어디가,2028학년도 권역별 대학별 권장과목(반영과목),https://www.adiga.kr/uct/ces/archiveView.do?menuId=PCUCTCES1000&prtlBbsId=26634,,수도권 / 서울 / 상위단위: 인공지능융합대학,로봇학부 AI로봇전공|로봇학부 AI로봇|인공지능융합대학
광운대,건축학과,2028,2028 공식자료,공과대학,"대수, 미적분Ⅰ, 확률과 통계, 물리학, 화학, 생명과학, 정보","기하, 미적분Ⅱ, 도시의 미래탐구, 역학과 에너지, 물질과 에너지, 화학 반응의 세계, 세포와 물질대사, 생물의 유전","융합선택 과목: 실용 통계, 수학과제 탐구, 기후변화와 지속가능한 세계, 과학의 역사와 문화, 기후변화와 환경생태, 융합과학 탐구",한국대학교육협의회·대입정보포털 어디가,2028학년도 권역별 대학별 권장과목(반영과목),https://www.adiga.kr/uct/ces/archiveView.do?menuId=PCUCTCES1000&prtlBbsId=26634,,수도권 / 서울 / 상위단위: 공과대학,건축학과|건축학|공과대학
광운대,건축공학과,2028,2028 공식자료,공과대학,"대수, 미적분Ⅰ, 확률과 통계, 물리학, 화학, 생명과학, 정보","기하, 미적분Ⅱ, 도시의 미래탐구, 역학과 에너지, 물질과 에너지, 화학 반응의 세계, 세포와 물질대사, 생물의 유전","융합선택 과목: 실용 통계, 수학과제 탐구, 기후변화와 지속가능한 세계, 과학의 역사와 문화, 기후변화와 환경생태, 융합과학 탐구",한국대학교육협의회·대입정보포털 어디가,2028학년도 권역별 대학별 권장과목(반영과목),https://www.adiga.kr/uct/ces/archiveView.do?menuId=PCUCTCES1000&prtlBbsId=26634,,수도권 / 서울 / 상위단위: 공과대학,건축공학과|건축공학|공과대학
광운대,화학공학과,2028,2028 공식자료,공과대학,"대수, 미적분Ⅰ, 확률과 통계, 물리학, 화학, 생명과학, 정보","기하, 미적분Ⅱ, 도시의 미래탐구, 역학과 에너지, 물질과 에너지, 화학 반응의 세계, 세포와 물질대사, 생물의 유전","융합선택 과목: 실용 통계, 수학과제 탐구, 기후변화와 지속가능한 세계, 과학의 역사와 문화, 기후변화와 환경생태, 융합과학 탐구",한국대학교육협의회·대입정보포털 어디가,2028학년도 권역별 대학별 권장과목(반영과목),https://www.adiga.kr/uct/ces/archiveView.do?menuId=PCUCTCES1000&prtlBbsId=26634,,수도권 / 서울 / 상위단위: 공과대학,화학공학과|화학공학|공과대학
광운대,환경공학과,2028,2028 공식자료,공과대학,"대수, 미적분Ⅰ, 확률과 통계, 물리학, 화학, 생명과학, 정보","기하, 미적분Ⅱ, 도시의 미래탐구, 역학과 에너지, 물질과 에너지, 화학 반응의 세계, 세포와 물질대사, 생물의 유전","융합선택 과목: 실용 통계, 수학과제 탐구, 기후변화와 지속가능한 세계, 과학의 역사와 문화, 기후변화와 환경생태, 융합과학 탐구",한국대학교육협의회·대입정보포털 어디가,2028학년도 권역별 대학별 권장과목(반영과목),https://www.adiga.kr/uct/ces/archiveView.do?menuId=PCUCTCES1000&prtlBbsId=26634,,수도권 / 서울 / 상위단위: 공과대학,환경공학과|환경공학|공과대학
광운대,수학과,2028,2028 공식자료,자연과학대학 (스포츠융합과학과 제외),"대수, 미적분Ⅰ, 확률과 통계, 물리학, 화학, 생명과학","기하, 미적분Ⅱ, 역학과 에너지, 전자기와 양자, 물질과 에너지, 화학 반응의 세계, 세포와 물질대사, 생물의 유전","융합선택 과목: 실용통계, 수학과제 탐구, 융합과학 탐구",한국대학교육협의회·대입정보포털 어디가,2028학년도 권역별 대학별 권장과목(반영과목),https://www.adiga.kr/uct/ces/archiveView.do?menuId=PCUCTCES1000&prtlBbsId=26634,,수도권 / 서울 / 상위단위: 자연과학대학 (스포츠융합과학과 제외),수학과|수학|자연과학대학 (스포츠융합과학과 제외)
광운대,전자바이오물리학과,2028,2028 공식자료,자연과학대학 (스포츠융합과학과 제외),"대수, 미적분Ⅰ, 확률과 통계, 물리학, 화학, 생명과학","기하, 미적분Ⅱ, 역학과 에너지, 전자기와 양자, 물질과 에너지, 화학 반응의 세계, 세포와 물질대사, 생물의 유전","융합선택 과목: 실용통계, 수학과제 탐구, 융합과학 탐구",한국대학교육협의회·대입정보포털 어디가,2028학년도 권역별 대학별 권장과목(반영과목),https://www.adiga.kr/uct/ces/archiveView.do?menuId=PCUCTCES1000&prtlBbsId=26634,,수도권 / 서울 / 상위단위: 자연과학대학 (스포츠융합과학과 제외),전자바이오물리학과|전자바이오물리학|자연과학대학 (스포츠융합과학과 제외)
광운대,화학과,2028,2028 공식자료,자연과학대학 (스포츠융합과학과 제외),"대수, 미적분Ⅰ, 확률과 통계, 물리학, 화학, 생명과학","기하, 미적분Ⅱ, 역학과 에너지, 전자기와 양자, 물질과 에너지, 화학 반응의 세계, 세포와 물질대사, 생물의 유전","융합선택 과목: 실용통계, 수학과제 탐구, 융합과학 탐구",한국대학교육협의회·대입정보포털 어디가,2028학년도 권역별 대학별 권장과목(반영과목),https://www.adiga.kr/uct/ces/archiveView.do?menuId=PCUCTCES1000&prtlBbsId=26634,,수도권 / 서울 / 상위단위: 자연과학대학 (스포츠융합과학과 제외),화학과|화학|자연과학대학 (스포츠융합과학과 제외)
광운대,국어국문학과,2028,2028 공식자료,인문사회과학대학,"화법과 언어, 독서와 작문, 문학, 대수, 미적분Ⅰ, 확률과 통계, 사회와 문화, 현대사회와 윤리, 한문, 제2외국어 과목","주제 탐구 독서, 문학과 영상, 영미 문학 읽기, 영어 발표와 토론, 윤리와 사상, 인문학과 윤리","융합선택 과목: 독서 토론과 글쓰기, 매체 의사소통, 실생활 영어 회화, 미디어 영어, 사회문제 탐구",한국대학교육협의회·대입정보포털 어디가,2028학년도 권역별 대학별 권장과목(반영과목),https://www.adiga.kr/uct/ces/archiveView.do?menuId=PCUCTCES1000&prtlBbsId=26634,,수도권 / 서울 / 상위단위: 인문사회과학대학,국어국문학과|국어국문학|인문사회과학대학
광운대,영어산업학과,2028,2028 공식자료,인문사회과학대학,"화법과 언어, 독서와 작문, 문학, 대수, 미적분Ⅰ, 확률과 통계, 사회와 문화, 현대사회와 윤리, 한문, 제2외국어 과목","주제 탐구 독서, 문학과 영상, 영미 문학 읽기, 영어 발표와 토론, 윤리와 사상, 인문학과 윤리","융합선택 과목: 독서 토론과 글쓰기, 매체 의사소통, 실생활 영어 회화, 미디어 영어, 사회문제 탐구",한국대학교육협의회·대입정보포털 어디가,2028학년도 권역별 대학별 권장과목(반영과목),https://www.adiga.kr/uct/ces/archiveView.do?menuId=PCUCTCES1000&prtlBbsId=26634,,수도권 / 서울 / 상위단위: 인문사회과학대학,영어산업학과|영어산업학|인문사회과학대학
광운대,미디어커뮤니케이션학부,2028,2028 공식자료,인문사회과학대학,"화법과 언어, 독서와 작문, 문학, 대수, 미적분Ⅰ, 확률과 통계, 사회와 문화, 현대사회와 윤리, 한문, 제2외국어 과목","주제 탐구 독서, 문학과 영상, 영미 문학 읽기, 영어 발표와 토론, 윤리와 사상, 인문학과 윤리","융합선택 과목: 독서 토론과 글쓰기, 매체 의사소통, 실생활 영어 회화, 미디어 영어, 사회문제 탐구",한국대학교육협의회·대입정보포털 어디가,2028학년도 권역별 대학별 권장과목(반영과목),https://www.adiga.kr/uct/ces/archiveView.do?menuId=PCUCTCES1000&prtlBbsId=26634,,수도권 / 서울 / 상위단위: 인문사회과학대학,미디어커뮤니케이션학부|미디어커뮤니케이션|인문사회과학대학
광운대,산업심리학과,2028,2028 공식자료,인문사회과학대학,"화법과 언어, 독서와 작문, 문학, 대수, 미적분Ⅰ, 확률과 통계, 사회와 문화, 현대사회와 윤리, 한문, 제2외국어 과목","주제 탐구 독서, 문학과 영상, 영미 문학 읽기, 영어 발표와 토론, 윤리와 사상, 인문학과 윤리","융합선택 과목: 독서 토론과 글쓰기, 매체 의사소통, 실생활 영어 회화, 미디어 영어, 사회문제 탐구",한국대학교육협의회·대입정보포털 어디가,2028학년도 권역별 대학별 권장과목(반영과목),https://www.adiga.kr/uct/ces/archiveView.do?menuId=PCUCTCES1000&prtlBbsId=26634,,수도권 / 서울 / 상위단위: 인문사회과학대학,산업심리학과|산업심리학|인문사회과학대학
광운대,동북아문화산업학부,2028,2028 공식자료,인문사회과학대학,"화법과 언어, 독서와 작문, 문학, 대수, 미적분Ⅰ, 확률과 통계, 사회와 문화, 현대사회와 윤리, 한문, 제2외국어 과목","주제 탐구 독서, 문학과 영상, 영미 문학 읽기, 영어 발표와 토론, 윤리와 사상, 인문학과 윤리","융합선택 과목: 독서 토론과 글쓰기, 매체 의사소통, 실생활 영어 회화, 미디어 영어, 사회문제 탐구",한국대학교육협의회·대입정보포털 어디가,2028학년도 권역별 대학별 권장과목(반영과목),https://www.adiga.kr/uct/ces/archiveView.do?menuId=PCUCTCES1000&prtlBbsId=26634,,수도권 / 서울 / 상위단위: 인문사회과학대학,동북아문화산업학부|동북아문화산업|인문사회과학대학
광운대,행정학과,2028,2028 공식자료,정책법학대학,"화법과 언어, 독서와 작문, 문학, 영어Ⅰ, 영어Ⅱ, 영어 독해와 작문, 세계시민과 지리, 사화와 문화, 현대사회와 윤리, 한문","주제 탐구 독서, 문학과 영상, 영어 발표와 토론, 정치, 법과 사회, 경제, 윤리와 사상, 현대사회와 윤리","융합선택 과목: 독서 토론과 글쓰기, 매체 의사소통, 실생활 영어 회화, 사회문제 탐구",한국대학교육협의회·대입정보포털 어디가,2028학년도 권역별 대학별 권장과목(반영과목),https://www.adiga.kr/uct/ces/archiveView.do?menuId=PCUCTCES1000&prtlBbsId=26634,,수도권 / 서울 / 상위단위: 정책법학대학,행정학과|행정학|정책법학대학
광운대,법학과,2028,2028 공식자료,정책법학대학,"화법과 언어, 독서와 작문, 문학, 영어Ⅰ, 영어Ⅱ, 영어 독해와 작문, 세계시민과 지리, 사화와 문화, 현대사회와 윤리, 한문","주제 탐구 독서, 문학과 영상, 영어 발표와 토론, 정치, 법과 사회, 경제, 윤리와 사상, 현대사회와 윤리","융합선택 과목: 독서 토론과 글쓰기, 매체 의사소통, 실생활 영어 회화, 사회문제 탐구",한국대학교육협의회·대입정보포털 어디가,2028학년도 권역별 대학별 권장과목(반영과목),https://www.adiga.kr/uct/ces/archiveView.do?menuId=PCUCTCES1000&prtlBbsId=26634,,수도권 / 서울 / 상위단위: 정책법학대학,법학과|법학|정책법학대학
광운대,국제학부,2028,2028 공식자료,정책법학대학,"화법과 언어, 독서와 작문, 문학, 영어Ⅰ, 영어Ⅱ, 영어 독해와 작문, 세계시민과 지리, 사화와 문화, 현대사회와 윤리, 한문","주제 탐구 독서, 문학과 영상, 영어 발표와 토론, 정치, 법과 사회, 경제, 윤리와 사상, 현대사회와 윤리","융합선택 과목: 독서 토론과 글쓰기, 매체 의사소통, 실생활 영어 회화, 사회문제 탐구",한국대학교육협의회·대입정보포털 어디가,2028학년도 권역별 대학별 권장과목(반영과목),https://www.adiga.kr/uct/ces/archiveView.do?menuId=PCUCTCES1000&prtlBbsId=26634,,수도권 / 서울 / 상위단위: 정책법학대학,국제학부|국제|정책법학대학
광운대,경영학부 경영학전공,2028,2028 공식자료,경영대학,"화법과 언어, 독서와 작문, 문학, 대수, 미적분Ⅰ, 확률과 통계, 영어Ⅰ, 영어Ⅱ, 영어 독해와 작문, 세계시민과 지리, 사회와 문화, 현대사회와 윤리, 제2외국어 과목","기하, 경제 수학, 인공지능 수학, 영어 발표와 토론, 법과 사회, 경제, 윤리와 사상, 국제 관계의 이해","융합선택 과목: 수학과제 탐구, 실용 통계, 실생활 영어 회화, 사회문제 탐구, 금융과 경제생활",한국대학교육협의회·대입정보포털 어디가,2028학년도 권역별 대학별 권장과목(반영과목),https://www.adiga.kr/uct/ces/archiveView.do?menuId=PCUCTCES1000&prtlBbsId=26634,,수도권 / 서울 / 상위단위: 경영대학,경영학부 경영학전공|경영학부 경영학|경영대학|경영학|경영
광운대,경영학부 빅데이터경영전공,2028,2028 공식자료,경영대학,"화법과 언어, 독서와 작문, 문학, 대수, 미적분Ⅰ, 확률과 통계, 영어Ⅰ, 영어Ⅱ, 영어 독해와 작문, 세계시민과 지리, 사회와 문화, 현대사회와 윤리, 제3외국어 과목","기하, 경제 수학, 인공지능 수학, 영어 발표와 토론, 법과 사회, 경제, 윤리와 사상, 국제 관계의 이해","융합선택 과목: 수학과제 탐구, 실용 통계, 실생활 영어 회화, 사회문제 탐구, 금융과 경제생활",한국대학교육협의회·대입정보포털 어디가,2028학년도 권역별 대학별 권장과목(반영과목),https://www.adiga.kr/uct/ces/archiveView.do?menuId=PCUCTCES1000&prtlBbsId=26634,,수도권 / 서울 / 상위단위: 경영대학,경영학부 빅데이터경영전공|경영학부 빅데이터경영|경영대학|경영학|경영
광운대,국제통상학부,2028,2028 공식자료,경영대학,"화법과 언어, 독서와 작문, 문학, 대수, 미적분Ⅰ, 확률과 통계, 영어Ⅰ, 영어Ⅱ, 영어 독해와 작문, 세계시민과 지리, 사회와 문화, 현대사회와 윤리, 제2외국어 과목","기하, 경제 수학, 인공지능 수학, 영어 발표와 토론, 법과 사회, 경제, 윤리와 사상, 국제 관계의 이해","융합선택 과목: 수학과제 탐구, 실용 통계, 실생활 영어 회화, 사회문제 탐구, 금융과 경제생활",한국대학교육협의회·대입정보포털 어디가,2028학년도 권역별 대학별 권장과목(반영과목),https://www.adiga.kr/uct/ces/archiveView.do?menuId=PCUCTCES1000&prtlBbsId=26634,,수도권 / 서울 / 상위단위: 경영대학,국제통상학부|국제통상|경영대학
국민대,한국어문학부,2028,2028 공식자료,글로벌인문·지역대학,,,교과를 제시하지 않은 모집단위는 학생의 진로와 적성을 고려하여 교과목을 선택 이수할 것.,한국대학교육협의회·대입정보포털 어디가,2028학년도 권역별 대학별 권장과목(반영과목),https://www.adiga.kr/uct/ces/archiveView.do?menuId=PCUCTCES1000&prtlBbsId=26634,,수도권 / 서울 / 상위단위: 글로벌인문·지역대학,한국어문학부|한국어문|글로벌인문·지역대학
국민대,영어영문학부,2028,2028 공식자료,글로벌인문·지역대학,,,교과를 제시하지 않은 모집단위는 학생의 진로와 적성을 고려하여 교과목을 선택 이수할 것.,한국대학교육협의회·대입정보포털 어디가,2028학년도 권역별 대학별 권장과목(반영과목),https://www.adiga.kr/uct/ces/archiveView.do?menuId=PCUCTCES1000&prtlBbsId=26634,,수도권 / 서울 / 상위단위: 글로벌인문·지역대학,영어영문학부|영어영문|글로벌인문·지역대학
국민대,중어중문학과,2028,2028 공식자료,글로벌인문·지역대학,중국어,"중국어 회화, 한문 고전 읽기",,한국대학교육협의회·대입정보포털 어디가,2028학년도 권역별 대학별 권장과목(반영과목),https://www.adiga.kr/uct/ces/archiveView.do?menuId=PCUCTCES1000&prtlBbsId=26634,,수도권 / 서울 / 상위단위: 글로벌인문·지역대학,중어중문학과|중어중문학|글로벌인문·지역대학
국민대,한국역사학과,2028,2028 공식자료,글로벌인문·지역대학,"한국사, 동아시아사","세계사, 한국지리, 한문",,한국대학교육협의회·대입정보포털 어디가,2028학년도 권역별 대학별 권장과목(반영과목),https://www.adiga.kr/uct/ces/archiveView.do?menuId=PCUCTCES1000&prtlBbsId=26634,,수도권 / 서울 / 상위단위: 글로벌인문·지역대학,한국역사학과|한국역사학|글로벌인문·지역대학
국민대,행정학과,2028,2028 공식자료,사회과학대학,,,교과를 제시하지 않은 모집단위는 학생의 진로와 적성을 고려하여 교과목을 선택 이수할 것.,한국대학교육협의회·대입정보포털 어디가,2028학년도 권역별 대학별 권장과목(반영과목),https://www.adiga.kr/uct/ces/archiveView.do?menuId=PCUCTCES1000&prtlBbsId=26634,,수도권 / 서울 / 상위단위: 사회과학대학,행정학과|행정학|사회과학대학
국민대,사회학과,2028,2028 공식자료,사회과학대학,,,교과를 제시하지 않은 모집단위는 학생의 진로와 적성을 고려하여 교과목을 선택 이수할 것.,한국대학교육협의회·대입정보포털 어디가,2028학년도 권역별 대학별 권장과목(반영과목),https://www.adiga.kr/uct/ces/archiveView.do?menuId=PCUCTCES1000&prtlBbsId=26634,,수도권 / 서울 / 상위단위: 사회과학대학,사회학과|사회학|사회과학대학
국민대,교육학과,2028,2028 공식자료,사회과학대학,,,교과를 제시하지 않은 모집단위는 학생의 진로와 적성을 고려하여 교과목을 선택 이수할 것.,한국대학교육협의회·대입정보포털 어디가,2028학년도 권역별 대학별 권장과목(반영과목),https://www.adiga.kr/uct/ces/archiveView.do?menuId=PCUCTCES1000&prtlBbsId=26634,,수도권 / 서울 / 상위단위: 사회과학대학,교육학과|교육학|사회과학대학
국민대,러시아·유라시아학과,2028,2028 공식자료,사회과학대학,,,교과를 제시하지 않은 모집단위는 학생의 진로와 적성을 고려하여 교과목을 선택 이수할 것.,한국대학교육협의회·대입정보포털 어디가,2028학년도 권역별 대학별 권장과목(반영과목),https://www.adiga.kr/uct/ces/archiveView.do?menuId=PCUCTCES1000&prtlBbsId=26634,,수도권 / 서울 / 상위단위: 사회과학대학,러시아·유라시아학과|러시아·유라시아학|사회과학대학
국민대,정치외교학과,2028,2028 공식자료,사회과학대학,사회와 문화,"정치, 법과 사회, 국제 관계의 이해, 확률과 통계",,한국대학교육협의회·대입정보포털 어디가,2028학년도 권역별 대학별 권장과목(반영과목),https://www.adiga.kr/uct/ces/archiveView.do?menuId=PCUCTCES1000&prtlBbsId=26634,,수도권 / 서울 / 상위단위: 사회과학대학,정치외교학과|정치외교학|사회과학대학
국민대,미디어광고학부 미디어전공,2028,2028 공식자료,사회과학대학,,확률과 통계,,한국대학교육협의회·대입정보포털 어디가,2028학년도 권역별 대학별 권장과목(반영과목),https://www.adiga.kr/uct/ces/archiveView.do?menuId=PCUCTCES1000&prtlBbsId=26634,,수도권 / 서울 / 상위단위: 사회과학대학,미디어광고학부 미디어전공|미디어광고학부 미디어|사회과학대학
국민대,미디어광고학부 광고홍보학전공,2028,2028 공식자료,사회과학대학,,"문학과 영상, 영어 발표와 토론",,한국대학교육협의회·대입정보포털 어디가,2028학년도 권역별 대학별 권장과목(반영과목),https://www.adiga.kr/uct/ces/archiveView.do?menuId=PCUCTCES1000&prtlBbsId=26634,,수도권 / 서울 / 상위단위: 사회과학대학,미디어광고학부 광고홍보학전공|미디어광고학부 광고홍보학|사회과학대학
국민대,동아시아국제학부,2028,2028 공식자료,사회과학대학,화법과 언어,"동아시아 역사 기행, 국제 관계의 이해",,한국대학교육협의회·대입정보포털 어디가,2028학년도 권역별 대학별 권장과목(반영과목),https://www.adiga.kr/uct/ces/archiveView.do?menuId=PCUCTCES1000&prtlBbsId=26634,,수도권 / 서울 / 상위단위: 사회과학대학,동아시아국제학부|동아시아국제|사회과학대학
국민대,법학부,2028,2028 공식자료,법과대학,,,교과를 제시하지 않은 모집단위는 학생의 진로와 적성을 고려하여 교과목을 선택 이수할 것.,한국대학교육협의회·대입정보포털 어디가,2028학년도 권역별 대학별 권장과목(반영과목),https://www.adiga.kr/uct/ces/archiveView.do?menuId=PCUCTCES1000&prtlBbsId=26634,,수도권 / 서울 / 상위단위: 법과대학,법학부|법|법과대학
국민대,경제학과,2028,2028 공식자료,경상대학,미적분Ⅰ 또는 확률과 통계,경제 수학 또는 경제,,한국대학교육협의회·대입정보포털 어디가,2028학년도 권역별 대학별 권장과목(반영과목),https://www.adiga.kr/uct/ces/archiveView.do?menuId=PCUCTCES1000&prtlBbsId=26634,,수도권 / 서울 / 상위단위: 경상대학,경제학과|경제학|경상대학|경제
국민대,국제통상학과,2028,2028 공식자료,경상대학,미적분Ⅰ 또는 확률과 통계,,,한국대학교육협의회·대입정보포털 어디가,2028학년도 권역별 대학별 권장과목(반영과목),https://www.adiga.kr/uct/ces/archiveView.do?menuId=PCUCTCES1000&prtlBbsId=26634,,수도권 / 서울 / 상위단위: 경상대학,국제통상학과|국제통상학|경상대학
국민대,경영학부,2028,2028 공식자료,경영대학,확률과 통계,경제 수학,,한국대학교육협의회·대입정보포털 어디가,2028학년도 권역별 대학별 권장과목(반영과목),https://www.adiga.kr/uct/ces/archiveView.do?menuId=PCUCTCES1000&prtlBbsId=26634,,수도권 / 서울 / 상위단위: 경영대학,경영학부|경영|경영대학|경영학
국민대,경영학부 글로벌경영전공,2028,2028 공식자료,경영대학,,,교과를 제시하지 않은 모집단위는 학생의 진로와 적성을 고려하여 교과목을 선택 이수할 것.,한국대학교육협의회·대입정보포털 어디가,2028학년도 권역별 대학별 권장과목(반영과목),https://www.adiga.kr/uct/ces/archiveView.do?menuId=PCUCTCES1000&prtlBbsId=26634,,수도권 / 서울 / 상위단위: 경영대학,경영학부 글로벌경영전공|경영학부 글로벌경영|경영대학|경영학|경영
국민대,기업경영학부[야],2028,2028 공식자료,경영대학,,,교과를 제시하지 않은 모집단위는 학생의 진로와 적성을 고려하여 교과목을 선택 이수할 것.,한국대학교육협의회·대입정보포털 어디가,2028학년도 권역별 대학별 권장과목(반영과목),https://www.adiga.kr/uct/ces/archiveView.do?menuId=PCUCTCES1000&prtlBbsId=26634,,수도권 / 서울 / 상위단위: 경영대학,기업경영학부[야]|경영대학|경영학|경영
국민대,회계세무학과[야],2028,2028 공식자료,경영대학,,,교과를 제시하지 않은 모집단위는 학생의 진로와 적성을 고려하여 교과목을 선택 이수할 것.,한국대학교육협의회·대입정보포털 어디가,2028학년도 권역별 대학별 권장과목(반영과목),https://www.adiga.kr/uct/ces/archiveView.do?menuId=PCUCTCES1000&prtlBbsId=26634,,수도권 / 서울 / 상위단위: 경영대학,회계세무학과[야]|경영대학
국민대,경영정보학부,2028,2028 공식자료,경영대학,확률과 통계,,,한국대학교육협의회·대입정보포털 어디가,2028학년도 권역별 대학별 권장과목(반영과목),https://www.adiga.kr/uct/ces/archiveView.do?menuId=PCUCTCES1000&prtlBbsId=26634,,수도권 / 서울 / 상위단위: 경영대학,경영정보학부|경영정보|경영대학
국민대,AI빅데이터융합경영학과,2028,2028 공식자료,경영대학,확률과 통계,미적분Ⅰ,,한국대학교육협의회·대입정보포털 어디가,2028학년도 권역별 대학별 권장과목(반영과목),https://www.adiga.kr/uct/ces/archiveView.do?menuId=PCUCTCES1000&prtlBbsId=26634,,수도권 / 서울 / 상위단위: 경영대학,AI빅데이터융합경영학과|AI빅데이터융합경영학|경영대학|경영학|경영
국민대,경영정보학부(자연),2028,2028 공식자료,경영대학,확률과 통계,미적분Ⅰ,,한국대학교육협의회·대입정보포털 어디가,2028학년도 권역별 대학별 권장과목(반영과목),https://www.adiga.kr/uct/ces/archiveView.do?menuId=PCUCTCES1000&prtlBbsId=26634,,수도권 / 서울 / 상위단위: 경영대학,경영정보학부(자연)|경영대학
국민대,AI빅데이터융합경영학과(자연),2028,2028 공식자료,경영대학,확률과 통계,미적분Ⅰ,,한국대학교육협의회·대입정보포털 어디가,2028학년도 권역별 대학별 권장과목(반영과목),https://www.adiga.kr/uct/ces/archiveView.do?menuId=PCUCTCES1000&prtlBbsId=26634,,수도권 / 서울 / 상위단위: 경영대학,AI빅데이터융합경영학과(자연)|경영대학|경영학|경영
국민대,International Business,2028,2028 공식자료,독립학부,,,교과를 제시하지 않은 모집단위는 학생의 진로와 적성을 고려하여 교과목을 선택 이수할 것.,한국대학교육협의회·대입정보포털 어디가,2028학년도 권역별 대학별 권장과목(반영과목),https://www.adiga.kr/uct/ces/archiveView.do?menuId=PCUCTCES1000&prtlBbsId=26634,,수도권 / 서울 / 상위단위: 독립학부,International Business|독립학부|독립
국민대,신소재공학부 에너지·모빌리티,2028,2028 공식자료,창의공과대학,"미적분Ⅰ, 물리학, 화학","기하, 역학과 에너지, 물질과 에너지",,한국대학교육협의회·대입정보포털 어디가,2028학년도 권역별 대학별 권장과목(반영과목),https://www.adiga.kr/uct/ces/archiveView.do?menuId=PCUCTCES1000&prtlBbsId=26634,,수도권 / 서울 / 상위단위: 창의공과대학,신소재공학부 에너지·모빌리티|창의공과대학|신소재공학|신소재|재료공학
국민대,재료전공,2028,2028 공식자료,창의공과대학,"미적분Ⅰ, 물리학, 화학","기하, 역학과 에너지, 물질과 에너지",,한국대학교육협의회·대입정보포털 어디가,2028학년도 권역별 대학별 권장과목(반영과목),https://www.adiga.kr/uct/ces/archiveView.do?menuId=PCUCTCES1000&prtlBbsId=26634,,수도권 / 서울 / 상위단위: 창의공과대학,재료전공|재료|창의공과대학
국민대,신소재공학부 전자화학재료전공,2028,2028 공식자료,창의공과대학,"미적분Ⅰ, 물리학, 화학","기하, 전자기와 양자, 물질과 에너지",,한국대학교육협의회·대입정보포털 어디가,2028학년도 권역별 대학별 권장과목(반영과목),https://www.adiga.kr/uct/ces/archiveView.do?menuId=PCUCTCES1000&prtlBbsId=26634,,수도권 / 서울 / 상위단위: 창의공과대학,신소재공학부 전자화학재료전공|신소재공학부 전자화학재료|창의공과대학|신소재공학|신소재|재료공학
국민대,기계공학부,2028,2028 공식자료,창의공과대학,"미적분Ⅰ, 물리학","미적분Ⅱ, 기하, 역학과 에너지",,한국대학교육협의회·대입정보포털 어디가,2028학년도 권역별 대학별 권장과목(반영과목),https://www.adiga.kr/uct/ces/archiveView.do?menuId=PCUCTCES1000&prtlBbsId=26634,,수도권 / 서울 / 상위단위: 창의공과대학,기계공학부|기계공|창의공과대학|기계공학|기계
국민대,건설시스템공학부,2028,2028 공식자료,창의공과대학,"대수, 미적분Ⅰ, 미적분Ⅱ, 물리학","확률과 통계, 화학",,한국대학교육협의회·대입정보포털 어디가,2028학년도 권역별 대학별 권장과목(반영과목),https://www.adiga.kr/uct/ces/archiveView.do?menuId=PCUCTCES1000&prtlBbsId=26634,,수도권 / 서울 / 상위단위: 창의공과대학,건설시스템공학부|건설시스템공|창의공과대학
국민대,전자공학부 지능형반도체융합,2028,2028 공식자료,창의공과대학,"대수, 미적분Ⅰ, 물리학",미적분Ⅱ,,한국대학교육협의회·대입정보포털 어디가,2028학년도 권역별 대학별 권장과목(반영과목),https://www.adiga.kr/uct/ces/archiveView.do?menuId=PCUCTCES1000&prtlBbsId=26634,,수도권 / 서울 / 상위단위: 창의공과대학,전자공학부 지능형반도체융합|창의공과대학
국민대,전자전공,2028,2028 공식자료,창의공과대학,"대수, 미적분Ⅰ, 물리학",미적분Ⅱ,,한국대학교육협의회·대입정보포털 어디가,2028학년도 권역별 대학별 권장과목(반영과목),https://www.adiga.kr/uct/ces/archiveView.do?menuId=PCUCTCES1000&prtlBbsId=26634,,수도권 / 서울 / 상위단위: 창의공과대학,전자전공|전자|창의공과대학
국민대,전자공학부 지능형ICT융합전공,2028,2028 공식자료,창의공과대학,"대수, 미적분Ⅰ, 물리학",미적분Ⅱ,,한국대학교육협의회·대입정보포털 어디가,2028학년도 권역별 대학별 권장과목(반영과목),https://www.adiga.kr/uct/ces/archiveView.do?menuId=PCUCTCES1000&prtlBbsId=26634,,수도권 / 서울 / 상위단위: 창의공과대학,전자공학부 지능형ICT융합전공|전자공학부 지능형ICT융합|창의공과대학
국민대,전자공학부 모빌리티전력전자융합전공,2028,2028 공식자료,창의공과대학,"대수, 미적분Ⅰ, 물리학",미적분Ⅱ,,한국대학교육협의회·대입정보포털 어디가,2028학년도 권역별 대학별 권장과목(반영과목),https://www.adiga.kr/uct/ces/archiveView.do?menuId=PCUCTCES1000&prtlBbsId=26634,,수도권 / 서울 / 상위단위: 창의공과대학,전자공학부 모빌리티전력전자융합전공|전자공학부 모빌리티전력전자융합|창의공과대학
국민대,소프트웨어학부,2028,2028 공식자료,소프트웨어융합대학,"확률과 통계, 미적분Ⅰ","미적분Ⅱ, 기하",,한국대학교육협의회·대입정보포털 어디가,2028학년도 권역별 대학별 권장과목(반영과목),https://www.adiga.kr/uct/ces/archiveView.do?menuId=PCUCTCES1000&prtlBbsId=26634,,수도권 / 서울 / 상위단위: 소프트웨어융합대학,소프트웨어학부|소프트웨어|소프트웨어융합대학|소프트웨어공학|SW
국민대,인공지능학부,2028,2028 공식자료,소프트웨어융합대학,"확률과 통계, 미적분Ⅰ","미적분Ⅱ, 기하",,한국대학교육협의회·대입정보포털 어디가,2028학년도 권역별 대학별 권장과목(반영과목),https://www.adiga.kr/uct/ces/archiveView.do?menuId=PCUCTCES1000&prtlBbsId=26634,,수도권 / 서울 / 상위단위: 소프트웨어융합대학,인공지능학부|인공지능|소프트웨어융합대학
국민대,자동차융합대학,2028,2028 공식자료,자동차융합대학,"미적분Ⅰ, 물리학","미적분Ⅱ, 기하",,한국대학교육협의회·대입정보포털 어디가,2028학년도 권역별 대학별 권장과목(반영과목),https://www.adiga.kr/uct/ces/archiveView.do?menuId=PCUCTCES1000&prtlBbsId=26634,,수도권 / 서울 / 상위단위: 자동차융합대학,자동차융합대학
국민대,미래모빌리티학과,2028,2028 공식자료,자동차융합대학,"미적분Ⅰ, 물리학","미적분Ⅱ, 기하",,한국대학교육협의회·대입정보포털 어디가,2028학년도 권역별 대학별 권장과목(반영과목),https://www.adiga.kr/uct/ces/archiveView.do?menuId=PCUCTCES1000&prtlBbsId=26634,,수도권 / 서울 / 상위단위: 자동차융합대학,미래모빌리티학과|미래모빌리티학|자동차융합대학
국민대,산림환경시스템학과,2028,2028 공식자료,과학기술대학,,,교과를 제시하지 않은 모집단위는 학생의 진로와 적성을 고려하여 교과목을 선택 이수할 것.,한국대학교육협의회·대입정보포털 어디가,2028학년도 권역별 대학별 권장과목(반영과목),https://www.adiga.kr/uct/ces/archiveView.do?menuId=PCUCTCES1000&prtlBbsId=26634,,수도권 / 서울 / 상위단위: 과학기술대학,산림환경시스템학과|산림환경시스템학|과학기술대학
국민대,식품영양학과,2028,2028 공식자료,과학기술대학,,,교과를 제시하지 않은 모집단위는 학생의 진로와 적성을 고려하여 교과목을 선택 이수할 것.,한국대학교육협의회·대입정보포털 어디가,2028학년도 권역별 대학별 권장과목(반영과목),https://www.adiga.kr/uct/ces/archiveView.do?menuId=PCUCTCES1000&prtlBbsId=26634,,수도권 / 서울 / 상위단위: 과학기술대학,식품영양학과|식품영양학|과학기술대학
국민대,융합바이오공학과,2028,2028 공식자료,과학기술대학,,,교과를 제시하지 않은 모집단위는 학생의 진로와 적성을 고려하여 교과목을 선택 이수할 것.,한국대학교육협의회·대입정보포털 어디가,2028학년도 권역별 대학별 권장과목(반영과목),https://www.adiga.kr/uct/ces/archiveView.do?menuId=PCUCTCES1000&prtlBbsId=26634,,수도권 / 서울 / 상위단위: 과학기술대학,융합바이오공학과|융합바이오공학|과학기술대학
국민대,임산생명공학과,2028,2028 공식자료,과학기술대학,"확률과 통계, 미적분Ⅰ, 화학, 생명과학","미적분Ⅱ, 세포와 물질대사, 화학 반응의 세계, 생물의 유전",,한국대학교육협의회·대입정보포털 어디가,2028학년도 권역별 대학별 권장과목(반영과목),https://www.adiga.kr/uct/ces/archiveView.do?menuId=PCUCTCES1000&prtlBbsId=26634,,수도권 / 서울 / 상위단위: 과학기술대학,임산생명공학과|임산생명공학|과학기술대학|생명공학|바이오공학|바이오
국민대,나노전자물리학과,2028,2028 공식자료,과학기술대학,"대수, 미적분Ⅰ, 물리학","역학과 에너지, 전자기와 양자",,한국대학교육협의회·대입정보포털 어디가,2028학년도 권역별 대학별 권장과목(반영과목),https://www.adiga.kr/uct/ces/archiveView.do?menuId=PCUCTCES1000&prtlBbsId=26634,,수도권 / 서울 / 상위단위: 과학기술대학,나노전자물리학과|나노전자물리학|과학기술대학
국민대,응용화학부 나노소재전공,2028,2028 공식자료,과학기술대학,"미적분Ⅰ, 화학","인공지능 수학, 물질과 에너지, 화학 반응의 세계",,한국대학교육협의회·대입정보포털 어디가,2028학년도 권역별 대학별 권장과목(반영과목),https://www.adiga.kr/uct/ces/archiveView.do?menuId=PCUCTCES1000&prtlBbsId=26634,,수도권 / 서울 / 상위단위: 과학기술대학,응용화학부 나노소재전공|응용화학부 나노소재|과학기술대학
국민대,응용화학부 바이오의약전공,2028,2028 공식자료,과학기술대학,"화학, 생명과학","세포와 물질대사, 생물의 유전, 화학 반응의 세계",,한국대학교육협의회·대입정보포털 어디가,2028학년도 권역별 대학별 권장과목(반영과목),https://www.adiga.kr/uct/ces/archiveView.do?menuId=PCUCTCES1000&prtlBbsId=26634,,수도권 / 서울 / 상위단위: 과학기술대학,응용화학부 바이오의약전공|응용화학부 바이오의약|과학기술대학
국민대,정보보안암호수학과,2028,2028 공식자료,과학기술대학,"대수, 미적분Ⅰ, 확률과 통계","기하, 미적분Ⅱ",,한국대학교육협의회·대입정보포털 어디가,2028학년도 권역별 대학별 권장과목(반영과목),https://www.adiga.kr/uct/ces/archiveView.do?menuId=PCUCTCES1000&prtlBbsId=26634,,수도권 / 서울 / 상위단위: 과학기술대학,정보보안암호수학과|정보보안암호수학|과학기술대학
국민대,건축학부,2028,2028 공식자료,건축대학,"대수, 미적분Ⅰ, 물리학","기하, 미적분Ⅱ",,한국대학교육협의회·대입정보포털 어디가,2028학년도 권역별 대학별 권장과목(반영과목),https://www.adiga.kr/uct/ces/archiveView.do?menuId=PCUCTCES1000&prtlBbsId=26634,,수도권 / 서울 / 상위단위: 건축대학,건축학부|건축|건축대학
국민대,시각디자인학과,2028,2028 공식자료,조형대학,,,교과를 제시하지 않은 모집단위는 학생의 진로와 적성을 고려하여 교과목을 선택 이수할 것.,한국대학교육협의회·대입정보포털 어디가,2028학년도 권역별 대학별 권장과목(반영과목),https://www.adiga.kr/uct/ces/archiveView.do?menuId=PCUCTCES1000&prtlBbsId=26634,,수도권 / 서울 / 상위단위: 조형대학,시각디자인학과|시각디자인학|조형대학
국민대,AI디자인학과,2028,2028 공식자료,조형대학,,,교과를 제시하지 않은 모집단위는 학생의 진로와 적성을 고려하여 교과목을 선택 이수할 것.,한국대학교육협의회·대입정보포털 어디가,2028학년도 권역별 대학별 권장과목(반영과목),https://www.adiga.kr/uct/ces/archiveView.do?menuId=PCUCTCES1000&prtlBbsId=26634,,수도권 / 서울 / 상위단위: 조형대학,AI디자인학과|AI디자인학|조형대학
국민대,스포츠건강재활학과,2028,2028 공식자료,체육대학,,,교과를 제시하지 않은 모집단위는 학생의 진로와 적성을 고려하여 교과목을 선택 이수할 것.,한국대학교육협의회·대입정보포털 어디가,2028학년도 권역별 대학별 권장과목(반영과목),https://www.adiga.kr/uct/ces/archiveView.do?menuId=PCUCTCES1000&prtlBbsId=26634,,수도권 / 서울 / 상위단위: 체육대학,스포츠건강재활학과|스포츠건강재활학|체육대학
덕성여대,인문사회,2028,2028 공식자료,글로벌융합대학,"국어, 영어, 사회(역사/도덕 포함), 제2외국어/한문 교과 적극 이수",,"-모집단위와 관계없이 기초학습역량을 위해 국어, 영어, 수학의 일반 선택 과목을 성실하게 이수하는 것을 권장함. -교과별 과목의 학습위계를 고려하여 선택 과목을 이수하는 것을 권장함.",한국대학교육협의회·대입정보포털 어디가,2028학년도 권역별 대학별 권장과목(반영과목),https://www.adiga.kr/uct/ces/archiveView.do?menuId=PCUCTCES1000&prtlBbsId=26634,,수도권 / 서울 / 상위단위: 글로벌융합대학,인문사회|글로벌융합대학
덕성여대,유아교육과,2028,2028 공식자료,글로벌융합대학,"국어, 영어, 사회(역사/도덕 포함), 제2외국어/한문 교과 적극 이수",,"-모집단위와 관계없이 기초학습역량을 위해 국어, 영어, 수학의 일반 선택 과목을 성실하게 이수하는 것을 권장함. -교과별 과목의 학습위계를 고려하여 선택 과목을 이수하는 것을 권장함.",한국대학교육협의회·대입정보포털 어디가,2028학년도 권역별 대학별 권장과목(반영과목),https://www.adiga.kr/uct/ces/archiveView.do?menuId=PCUCTCES1000&prtlBbsId=26634,,수도권 / 서울 / 상위단위: 글로벌융합대학,유아교육과|글로벌융합대학
덕성여대,과학기술대학,2028,2028 공식자료,,"수학, 과학 교과 적극 이수",,"-모집단위와 관계없이 기초학습역량을 위해 국어, 영어, 수학의 일반 선택 과목을 성실하게 이수하는 것을 권장함. -교과별 과목의 학습위계를 고려하여 선택 과목을 이수하는 것을 권장함.",한국대학교육협의회·대입정보포털 어디가,2028학년도 권역별 대학별 권장과목(반영과목),https://www.adiga.kr/uct/ces/archiveView.do?menuId=PCUCTCES1000&prtlBbsId=26634,,수도권 / 서울,과학기술대학
덕성여대,가상현실융합학과,2028,2028 공식자료,미래인재대학,"수학, 과학 교과 적극 이수",,"-모집단위와 관계없이 기초학습역량을 위해 국어, 영어, 수학의 일반 선택 과목을 성실하게 이수하는 것을 권장함. -교과별 과목의 학습위계를 고려하여 선택 과목을 이수하는 것을 권장함.",한국대학교육협의회·대입정보포털 어디가,2028학년도 권역별 대학별 권장과목(반영과목),https://www.adiga.kr/uct/ces/archiveView.do?menuId=PCUCTCES1000&prtlBbsId=26634,,수도권 / 서울 / 상위단위: 미래인재대학,가상현실융합학과|가상현실융합학|미래인재대학
덕성여대,데이터사이언스학과,2028,2028 공식자료,미래인재대학,"수학, 과학 교과 적극 이수",,"-모집단위와 관계없이 기초학습역량을 위해 국어, 영어, 수학의 일반 선택 과목을 성실하게 이수하는 것을 권장함. -교과별 과목의 학습위계를 고려하여 선택 과목을 이수하는 것을 권장함.",한국대학교육협의회·대입정보포털 어디가,2028학년도 권역별 대학별 권장과목(반영과목),https://www.adiga.kr/uct/ces/archiveView.do?menuId=PCUCTCES1000&prtlBbsId=26634,,수도권 / 서울 / 상위단위: 미래인재대학,데이터사이언스학과|데이터사이언스학|미래인재대학
덕성여대,AI신약학과,2028,2028 공식자료,미래인재대학,"수학, 과학 교과 적극 이수",,"-모집단위와 관계없이 기초학습역량을 위해 국어, 영어, 수학의 일반 선택 과목을 성실하게 이수하는 것을 권장함. -교과별 과목의 학습위계를 고려하여 선택 과목을 이수하는 것을 권장함.",한국대학교육협의회·대입정보포털 어디가,2028학년도 권역별 대학별 권장과목(반영과목),https://www.adiga.kr/uct/ces/archiveView.do?menuId=PCUCTCES1000&prtlBbsId=26634,,수도권 / 서울 / 상위단위: 미래인재대학,AI신약학과|AI신약학|미래인재대학|약대|약학
덕성여대,자유전공학부,2028,2028 공식자료,미래인재대학,"지식활용, 집단지성 기반 학습 권장",,"-모집단위와 관계없이 기초학습역량을 위해 국어, 영어, 수학의 일반 선택 과목을 성실하게 이수하는 것을 권장함. -교과별 과목의 학습위계를 고려하여 선택 과목을 이수하는 것을 권장함.",한국대학교육협의회·대입정보포털 어디가,2028학년도 권역별 대학별 권장과목(반영과목),https://www.adiga.kr/uct/ces/archiveView.do?menuId=PCUCTCES1000&prtlBbsId=26634,,수도권 / 서울 / 상위단위: 미래인재대학,자유전공학부|자유전공|미래인재대학
덕성여대,약학과,2028,2028 공식자료,약학대학,"수학, 과학(화학/생명과학 포함) 교과 적극 이수",,"-모집단위와 관계없이 기초학습역량을 위해 국어, 영어, 수학의 일반 선택 과목을 성실하게 이수하는 것을 권장함. -교과별 과목의 학습위계를 고려하여 선택 과목을 이수하는 것을 권장함.",한국대학교육협의회·대입정보포털 어디가,2028학년도 권역별 대학별 권장과목(반영과목),https://www.adiga.kr/uct/ces/archiveView.do?menuId=PCUCTCES1000&prtlBbsId=26634,,수도권 / 서울 / 상위단위: 약학대학,약학과|약학|약학대학|약대
동국대,불교학부,2028,2028 공식자료,불교,"역사, 윤리","지리, 일반사회",기초 학업 역량을 기반으로 한 전공 관련 역량 및 소양이 필요함에 따라 사회 교과의 관심 있는 과목이수를 추천함.,한국대학교육협의회·대입정보포털 어디가,2028학년도 권역별 대학별 권장과목(반영과목),https://www.adiga.kr/uct/ces/archiveView.do?menuId=PCUCTCES1000&prtlBbsId=26634,,수도권 / 서울 / 상위단위: 불교,불교학부|불교
동국대,문화유산학과,2028,2028 공식자료,문과,"역사, 일반사회",한문,기초 학업 역량을 기반으로 한 전공 관련 역량 및 소양이 필요함에 따라 사회 교과의 관심 있는 과목이수를 추천함.,한국대학교육협의회·대입정보포털 어디가,2028학년도 권역별 대학별 권장과목(반영과목),https://www.adiga.kr/uct/ces/archiveView.do?menuId=PCUCTCES1000&prtlBbsId=26634,,수도권 / 서울 / 상위단위: 문과,문화유산학과|문화유산학|문과
동국대,국어국문·문예창작학부,2028,2028 공식자료,문과,국어,"역사, 일반사회, 한문",기초 학업 역량을 기반으로 한 전공 관련 역량 및 소양이 필요함에 따라 사회 교과의 관심 있는 과목이수를 추천함.,한국대학교육협의회·대입정보포털 어디가,2028학년도 권역별 대학별 권장과목(반영과목),https://www.adiga.kr/uct/ces/archiveView.do?menuId=PCUCTCES1000&prtlBbsId=26634,,수도권 / 서울 / 상위단위: 문과,국어국문·문예창작학부|국어국문·문예창작|문과
동국대,영어영문학부,2028,2028 공식자료,문과,"국어, 영어","일반사회, 역사",기초 학업 역량을 기반으로 한 전공 관련 역량 및 소양이 필요함에 따라 사회 교과의 관심 있는 과목이수를 추천함.,한국대학교육협의회·대입정보포털 어디가,2028학년도 권역별 대학별 권장과목(반영과목),https://www.adiga.kr/uct/ces/archiveView.do?menuId=PCUCTCES1000&prtlBbsId=26634,,수도권 / 서울 / 상위단위: 문과,영어영문학부|영어영문|문과
동국대,일본학과,2028,2028 공식자료,문과,"국어,일본어",,,한국대학교육협의회·대입정보포털 어디가,2028학년도 권역별 대학별 권장과목(반영과목),https://www.adiga.kr/uct/ces/archiveView.do?menuId=PCUCTCES1000&prtlBbsId=26634,,수도권 / 서울 / 상위단위: 문과,일본학과|일본학|문과
동국대,중어중문학과,2028,2028 공식자료,문과,"국어, 중국어",,,한국대학교육협의회·대입정보포털 어디가,2028학년도 권역별 대학별 권장과목(반영과목),https://www.adiga.kr/uct/ces/archiveView.do?menuId=PCUCTCES1000&prtlBbsId=26634,,수도권 / 서울 / 상위단위: 문과,중어중문학과|중어중문학|문과
동국대,철학과,2028,2028 공식자료,문과,"국어, 윤리","교양, 한문",기초 학업 역량을 기반으로 한 전공 관련 역량 및 소양이 필요함에 따라 사회 교과의 관심 있는 과목이수를 추천함.,한국대학교육협의회·대입정보포털 어디가,2028학년도 권역별 대학별 권장과목(반영과목),https://www.adiga.kr/uct/ces/archiveView.do?menuId=PCUCTCES1000&prtlBbsId=26634,,수도권 / 서울 / 상위단위: 문과,철학과|철학|문과
동국대,사학과,2028,2028 공식자료,문과,"국어, 역사","일반사회, 지리, 윤리, 한문",기초 학업 역량을 기반으로 한 전공 관련 역량 및 소양이 필요함에 따라 사회 교과의 관심 있는 과목이수를 추천함.,한국대학교육협의회·대입정보포털 어디가,2028학년도 권역별 대학별 권장과목(반영과목),https://www.adiga.kr/uct/ces/archiveView.do?menuId=PCUCTCES1000&prtlBbsId=26634,,수도권 / 서울 / 상위단위: 문과,사학과|사학|문과
동국대,법학과,2028,2028 공식자료,법과,"국어, 일반사회",윤리,기초 학업 역량을 기반으로 한 전공 관련 역량 및 소양이 필요함에 따라 사회 교과의 관심 있는 과목이수를 추천함.,한국대학교육협의회·대입정보포털 어디가,2028학년도 권역별 대학별 권장과목(반영과목),https://www.adiga.kr/uct/ces/archiveView.do?menuId=PCUCTCES1000&prtlBbsId=26634,,수도권 / 서울 / 상위단위: 법과,법학과|법학|법과
동국대,정치외교학전공,2028,2028 공식자료,사회과학,일반사회,"역사, 윤리, 지리",기초 학업 역량을 기반으로 한 전공 관련 역량 및 소양이 필요함에 따라 사회 교과의 관심 있는 과목이수를 추천함.,한국대학교육협의회·대입정보포털 어디가,2028학년도 권역별 대학별 권장과목(반영과목),https://www.adiga.kr/uct/ces/archiveView.do?menuId=PCUCTCES1000&prtlBbsId=26634,,수도권 / 서울 / 상위단위: 사회과학,정치외교학전공|정치외교학|사회과학
동국대,행정학전공,2028,2028 공식자료,사회과학,일반사회,"역사, 윤리, 지리",기초 학업 역량을 기반으로 한 전공 관련 역량 및 소양이 필요함에 따라 사회 교과의 관심 있는 과목이수를 추천함.,한국대학교육협의회·대입정보포털 어디가,2028학년도 권역별 대학별 권장과목(반영과목),https://www.adiga.kr/uct/ces/archiveView.do?menuId=PCUCTCES1000&prtlBbsId=26634,,수도권 / 서울 / 상위단위: 사회과학,행정학전공|행정학|사회과학
동국대,북한학전공,2028,2028 공식자료,사회과학,일반사회,"역사, 윤리, 지리",기초 학업 역량을 기반으로 한 전공 관련 역량 및 소양이 필요함에 따라 사회 교과의 관심 있는 과목이수를 추천함.,한국대학교육협의회·대입정보포털 어디가,2028학년도 권역별 대학별 권장과목(반영과목),https://www.adiga.kr/uct/ces/archiveView.do?menuId=PCUCTCES1000&prtlBbsId=26634,,수도권 / 서울 / 상위단위: 사회과학,북한학전공|북한학|사회과학
동국대,광고홍보학과,2028,2028 공식자료,사회과학,일반사회,"역사, 윤리, 지리",기초 학업 역량을 기반으로 한 전공 관련 역량 및 소양이 필요함에 따라 사회 교과의 관심 있는 과목이수를 추천함.,한국대학교육협의회·대입정보포털 어디가,2028학년도 권역별 대학별 권장과목(반영과목),https://www.adiga.kr/uct/ces/archiveView.do?menuId=PCUCTCES1000&prtlBbsId=26634,,수도권 / 서울 / 상위단위: 사회과학,광고홍보학과|광고홍보학|사회과학
동국대,미디어커뮤니케이션학전공,2028,2028 공식자료,사회과학,일반사회,"역사, 윤리, 지리",기초 학업 역량을 기반으로 한 전공 관련 역량 및 소양이 필요함에 따라 사회 교과의 관심 있는 과목이수를 추천함.,한국대학교육협의회·대입정보포털 어디가,2028학년도 권역별 대학별 권장과목(반영과목),https://www.adiga.kr/uct/ces/archiveView.do?menuId=PCUCTCES1000&prtlBbsId=26634,,수도권 / 서울 / 상위단위: 사회과학,미디어커뮤니케이션학전공|미디어커뮤니케이션학|사회과학
동국대,경찰행정학부,2028,2028 공식자료,경찰사법,"수학①, 일반사회","역사, 윤리, 지리","-수학① 진로선택 과목: 미적분Ⅱ, 경제수학 -수학①,② 일반선택 과목: 대수, 미적분Ⅰ, 확률과 통계 -수학② 진로선택 과목: 미적분Ⅱ, 기하, 인공지능 -수학①,② 융합선택 과목: 수학과 문화, 실용 통계, 수학과제 탐구 -계열 특성에 따라 수학 및 과학 역량이 기초 학업 역량이자 전공 수학 역량임. -기초 학업 역량을 기반으로 한 전공 관련 역량 및 소양이 필요함에 따라 사회 교과의 관심 있는 과목이수를 추천함.",한국대학교육협의회·대입정보포털 어디가,2028학년도 권역별 대학별 권장과목(반영과목),https://www.adiga.kr/uct/ces/archiveView.do?menuId=PCUCTCES1000&prtlBbsId=26634,,수도권 / 서울 / 상위단위: 경찰사법,경찰행정학부|경찰행정|경찰사법
동국대,경영대학(광역화),2028,2028 공식자료,경영,"수학①, 영어",일반사회,"-수학① 진로선택 과목: 미적분Ⅱ, 경제수학 -수학①,② 일반선택 과목: 대수, 미적분Ⅰ, 확률과 통계 -수학①,② 융합선택 과목: 수학과 문화, 실용 통계, 수학과제 탐구 -계열 특성에 따라 수학 및 과학 역량이 기초 학업 역량이자 전공 수학 역량임. -기초 학업 역량을 기반으로 한 전공 관련 역량 및 소양이 필요함에 따라 사회 교과의 관심 있는 과목이수를 추천함.",한국대학교육협의회·대입정보포털 어디가,2028학년도 권역별 대학별 권장과목(반영과목),https://www.adiga.kr/uct/ces/archiveView.do?menuId=PCUCTCES1000&prtlBbsId=26634,,수도권 / 서울 / 상위단위: 경영,경영대학(광역화)|경영
동국대,교육학과,2028,2028 공식자료,사범,일반사회,"역사, 윤리, 지리",기초 학업 역량을 기반으로 한 전공 관련 역량 및 소양이 필요함에 따라 사회 교과의 관심 있는 과목이수를 추천함.,한국대학교육협의회·대입정보포털 어디가,2028학년도 권역별 대학별 권장과목(반영과목),https://www.adiga.kr/uct/ces/archiveView.do?menuId=PCUCTCES1000&prtlBbsId=26634,,수도권 / 서울 / 상위단위: 사범,교육학과|교육학|사범
동국대,국어교육과,2028,2028 공식자료,사범,국어,"일반사회, 역사, 윤리, 지리",-기초 학업 역량을 기반으로 한 전공 관련 역량 및 소양이 필요함에 따라 사회 교과의 관심 있는 과목이수를 추천함.,한국대학교육협의회·대입정보포털 어디가,2028학년도 권역별 대학별 권장과목(반영과목),https://www.adiga.kr/uct/ces/archiveView.do?menuId=PCUCTCES1000&prtlBbsId=26634,,수도권 / 서울 / 상위단위: 사범,국어교육과|사범
동국대,역사교육과,2028,2028 공식자료,사범,역사,"일반사회, 지리, 윤리",기초 학업 역량을 기반으로 한 전공 관련 역량 및 소양이 필요함에 따라 사회 교과의 관심 있는 과목이수를 추천함.,한국대학교육협의회·대입정보포털 어디가,2028학년도 권역별 대학별 권장과목(반영과목),https://www.adiga.kr/uct/ces/archiveView.do?menuId=PCUCTCES1000&prtlBbsId=26634,,수도권 / 서울 / 상위단위: 사범,역사교육과|사범
동국대,지리교육과,2028,2028 공식자료,사범,지리,"일반사회, 역사, 윤리",기초 학업 역량을 기반으로 한 전공 관련 역량 및 소양이 필요함에 따라 사회 교과의 관심 있는 과목이수를 추천함.,한국대학교육협의회·대입정보포털 어디가,2028학년도 권역별 대학별 권장과목(반영과목),https://www.adiga.kr/uct/ces/archiveView.do?menuId=PCUCTCES1000&prtlBbsId=26634,,수도권 / 서울 / 상위단위: 사범,지리교육과|사범
동국대,수학교육과,2028,2028 공식자료,사범,수학②,,"-수학①,② 일반선택 과목: 대수, 미적분Ⅰ, 확률과 통계 -수학② 진로선택 과목: 미적분Ⅱ, 기하, 인공지능 -수학①,② 융합선택 과목: 수학과 문화, 실용 통계, 수학과제 탐구 -계열 특성에 따라 수학 및 과학 역량이 기초 학업 역량이자 전공 수학 역량임.",한국대학교육협의회·대입정보포털 어디가,2028학년도 권역별 대학별 권장과목(반영과목),https://www.adiga.kr/uct/ces/archiveView.do?menuId=PCUCTCES1000&prtlBbsId=26634,,수도권 / 서울 / 상위단위: 사범,수학교육과|사범
동국대,가정교육과,2028,2028 공식자료,사범,"화학, 기술·가정","일반사회, 생명과학, 정보",-계열 특성에 따라 수학 및 과학 역량이 기초 학업 역량이자 전공 수학 역량임. -과학 교과의 역량영역은 동국대 기준 교과 영역별 일반 선택 과목 이수 후 진로 선택 3과목 이상 이수 권장. -기초 학업 역량을 기반으로 한 전공 관련 역량 및 소양이 필요함에 따라 사회 교과의 관심 있는 과목이수를 추천함.,한국대학교육협의회·대입정보포털 어디가,2028학년도 권역별 대학별 권장과목(반영과목),https://www.adiga.kr/uct/ces/archiveView.do?menuId=PCUCTCES1000&prtlBbsId=26634,,수도권 / 서울 / 상위단위: 사범,가정교육과|사범
동국대,연극학부,2028,2028 공식자료,예술,,"일반사회, 역사, 윤리, 지리",기초 학업 역량을 기반으로 한 전공 관련 역량 및 소양이 필요함에 따라 사회 교과의 관심 있는 과목이수를 추천함.,한국대학교육협의회·대입정보포털 어디가,2028학년도 권역별 대학별 권장과목(반영과목),https://www.adiga.kr/uct/ces/archiveView.do?menuId=PCUCTCES1000&prtlBbsId=26634,,수도권 / 서울 / 상위단위: 예술,연극학부|연극|예술
동국대,영화영상학과,2028,2028 공식자료,예술,,"일반사회, 역사, 윤리, 지리",기초 학업 역량을 기반으로 한 전공 관련 역량 및 소양이 필요함에 따라 사회 교과의 관심 있는 과목이수를 추천함.,한국대학교육협의회·대입정보포털 어디가,2028학년도 권역별 대학별 권장과목(반영과목),https://www.adiga.kr/uct/ces/archiveView.do?menuId=PCUCTCES1000&prtlBbsId=26634,,수도권 / 서울 / 상위단위: 예술,영화영상학과|영화영상학|예술
동국대,열린전공학부(인문),2028,2028 공식자료,,"국어, 영어","일반사회, 역사, 윤리, 지리, 제2외국어",기초 학업 역량을 기반으로 한 전공 관련 역량 및 소양이 필요함에 따라 사회 교과의 관심 있는 과목이수를 추천함.,한국대학교육협의회·대입정보포털 어디가,2028학년도 권역별 대학별 권장과목(반영과목),https://www.adiga.kr/uct/ces/archiveView.do?menuId=PCUCTCES1000&prtlBbsId=26634,,수도권 / 서울,열린전공학부(인문)
동국대,수학과/통계학과,2028,2028 공식자료,이과,수학②,,"-수학①,② 일반선택 과목: 대수, 미적분Ⅰ, 확률과 통계 -수학② 진로선택 과목: 미적분Ⅱ, 기하, 인공지능 -수학①,② 융합선택 과목: 수학과 문화, 실용 통계, 수학과제 탐구 -계열 특성에 따라 수학 및 과학 역량이 기초 학업 역량이자 전공 수학 역량임.",한국대학교육협의회·대입정보포털 어디가,2028학년도 권역별 대학별 권장과목(반영과목),https://www.adiga.kr/uct/ces/archiveView.do?menuId=PCUCTCES1000&prtlBbsId=26634,,수도권 / 서울 / 상위단위: 이과,수학과/통계학과|수학과/통계학|이과
동국대,화학과,2028,2028 공식자료,이과,"수학②, 물리학, 화학",생명과학,"-수학①,② 일반선택 과목: 대수, 미적분Ⅰ, 확률과 통계 -수학② 진로선택 과목: 미적분Ⅱ, 기하, 인공지능 -수학①,② 융합선택 과목: 수학과 문화, 실용 통계, 수학과제 탐구 -계열 특성에 따라 수학 및 과학 역량이 기초 학업 역량이자 전공 수학 역량임. -과학 교과의 역량영역은 동국대 기준 교과 영역별 일반 선택 과목 이수 후 진로 선택 1과목 이상 이수 권장.",한국대학교육협의회·대입정보포털 어디가,2028학년도 권역별 대학별 권장과목(반영과목),https://www.adiga.kr/uct/ces/archiveView.do?menuId=PCUCTCES1000&prtlBbsId=26634,,수도권 / 서울 / 상위단위: 이과,화학과|화학|이과
동국대,물리학과,2028,2028 공식자료,이과,"수학②, 물리학, 화학",,"-수학①,② 일반선택 과목: 대수, 미적분Ⅰ, 확률과 통계 -수학② 진로선택 과목: 미적분Ⅱ, 기하, 인공지능 -수학①,② 융합선택 과목: 수학과 문화, 실용 통계, 수학과제 탐구 -계열 특성에 따라 수학 및 과학 역량이 기초 학업 역량이자 전공 수학 역량임. -과학 교과의 역량영역은 동국대 기준 교과 영역별 일반 선택 과목 이수 후 진로 선택 1과목 이상 이수 권장.",한국대학교육협의회·대입정보포털 어디가,2028학년도 권역별 대학별 권장과목(반영과목),https://www.adiga.kr/uct/ces/archiveView.do?menuId=PCUCTCES1000&prtlBbsId=26634,,수도권 / 서울 / 상위단위: 이과,물리학과|물리학|이과
동국대,바이오시스템대학(광역화),2028,2028 공식자료,바이오시스템,"수학②, 화학, 생명과학",,"-수학①,② 일반선택 과목: 대수, 미적분Ⅰ, 확률과 통계 -수학② 진로선택 과목: 미적분Ⅱ, 기하, 인공지능 -수학①,② 융합선택 과목: 수학과 문화, 실용 통계, 수학과제 탐구 -계열 특성에 따라 수학 및 과학 역량이 기초 학업 역량이자 전공 수학 역량임. -과학 교과의 역량영역은 동국대 기준 교과 영역별 일반 선택 과목 이수 후 진로 선택 1과목 이상 이수 권장.",한국대학교육협의회·대입정보포털 어디가,2028학년도 권역별 대학별 권장과목(반영과목),https://www.adiga.kr/uct/ces/archiveView.do?menuId=PCUCTCES1000&prtlBbsId=26634,,수도권 / 서울 / 상위단위: 바이오시스템,바이오시스템대학(광역화)|바이오시스템
동국대,식품바이오융합공학과,2028,2028 공식자료,바이오시스템,"수학②, 화학, 생명과학",,"-수학①,② 일반선택 과목: 대수, 미적분Ⅰ, 확률과 통계 -수학② 진로선택 과목: 미적분Ⅱ, 기하, 인공지능 -수학①,② 융합선택 과목: 수학과 문화, 실용 통계, 수학과제 탐구 -계열 특성에 따라 수학 및 과학 역량이 기초 학업 역량이자 전공 수학 역량임. -과학 교과의 역량영역은 동국대 기준 교과 영역별 일반 선택 과목 이수 후 진로 선택 1과목 이상 이수 권장.",한국대학교육협의회·대입정보포털 어디가,2028학년도 권역별 대학별 권장과목(반영과목),https://www.adiga.kr/uct/ces/archiveView.do?menuId=PCUCTCES1000&prtlBbsId=26634,,수도권 / 서울 / 상위단위: 바이오시스템,식품바이오융합공학과|식품바이오융합공학|바이오시스템
동국대,융합환경과학과,2028,2028 공식자료,바이오시스템,"수학②, 화학, 생명과학",지구과학,"-수학①,② 일반선택 과목: 대수, 미적분Ⅰ, 확률과 통계 -수학② 진로선택 과목: 미적분Ⅱ, 기하, 인공지능 -수학①,② 융합선택 과목: 수학과 문화, 실용 통계, 수학과제 탐구 -계열 특성에 따라 수학 및 과학 역량이 기초 학업 역량이자 전공 수학 역량임. -과학 교과의 역량영역은 동국대 기준 교과 영역별 일반 선택 과목 이수 후 진로 선택 1과목 이상 이수 권장.",한국대학교육협의회·대입정보포털 어디가,2028학년도 권역별 대학별 권장과목(반영과목),https://www.adiga.kr/uct/ces/archiveView.do?menuId=PCUCTCES1000&prtlBbsId=26634,,수도권 / 서울 / 상위단위: 바이오시스템,융합환경과학과|융합환경과학|바이오시스템
동국대,생명과학과,2028,2028 공식자료,바이오시스템,"수학②, 화학, 생명과학",물리학,"-수학①,② 일반선택 과목: 대수, 미적분Ⅰ, 확률과 통계 -수학② 진로선택 과목: 미적분Ⅱ, 기하, 인공지능 -수학①,② 융합선택 과목: 수학과 문화, 실용 통계, 수학과제 탐구 -계열 특성에 따라 수학 및 과학 역량이 기초 학업 역량이자 전공 수학 역량임. -과학 교과의 역량영역은 동국대 기준 교과 영역별 일반 선택 과목 이수 후 진로 선택 1과목 이상 이수 권장.",한국대학교육협의회·대입정보포털 어디가,2028학년도 권역별 대학별 권장과목(반영과목),https://www.adiga.kr/uct/ces/archiveView.do?menuId=PCUCTCES1000&prtlBbsId=26634,,수도권 / 서울 / 상위단위: 바이오시스템,생명과학과|생명과학|바이오시스템
동국대,의생명공학과,2028,2028 공식자료,바이오시스템,"수학②, 물리학, 화학",생명과학,"-수학①,② 일반선택 과목: 대수, 미적분Ⅰ, 확률과 통계 -수학② 진로선택 과목: 미적분Ⅱ, 기하, 인공지능 -수학①,② 융합선택 과목: 수학과 문화, 실용 통계, 수학과제 탐구 -계열 특성에 따라 수학 및 과학 역량이 기초 학업 역량이자 전공 수학 역량임. -과학 교과의 역량영역은 동국대 기준 교과 영역별 일반 선택 과목 이수 후 진로 선택 1과목 이상 이수 권장.",한국대학교육협의회·대입정보포털 어디가,2028학년도 권역별 대학별 권장과목(반영과목),https://www.adiga.kr/uct/ces/archiveView.do?menuId=PCUCTCES1000&prtlBbsId=26634,,수도권 / 서울 / 상위단위: 바이오시스템,의생명공학과|의생명공학|바이오시스템|생명공학|바이오공학|바이오
동국대,전자전기공학부,2028,2028 공식자료,공과,"수학②, 물리학, 화학",,"-수학①,② 일반선택 과목: 대수, 미적분Ⅰ, 확률과 통계 -수학② 진로선택 과목: 미적분Ⅱ, 기하, 인공지능 -수학①,② 융합선택 과목: 수학과 문화, 실용 통계, 수학과제 탐구 -계열 특성에 따라 수학 및 과학 역량이 기초 학업 역량이자 전공 수학 역량임. -과학 교과의 역량영역은 동국대 기준 교과 영역별 일반 선택 과목 이수 후 진로 선택 1과목 이상 이수 권장.",한국대학교육협의회·대입정보포털 어디가,2028학년도 권역별 대학별 권장과목(반영과목),https://www.adiga.kr/uct/ces/archiveView.do?menuId=PCUCTCES1000&prtlBbsId=26634,,수도권 / 서울 / 상위단위: 공과,전자전기공학부|전자전기공|공과
동국대,기계로봇에너지공학과,2028,2028 공식자료,공과,"수학②, 물리학, 화학",,"-수학①,② 일반선택 과목: 대수, 미적분Ⅰ, 확률과 통계 -수학② 진로선택 과목: 미적분Ⅱ, 기하, 인공지능 -수학①,② 융합선택 과목: 수학과 문화, 실용 통계, 수학과제 탐구 -계열 특성에 따라 수학 및 과학 역량이 기초 학업 역량이자 전공 수학 역량임. -과학 교과의 역량영역은 동국대 기준 교과 영역별 일반 선택 과목 이수 후 진로 선택 1과목 이상 이수 권장.",한국대학교육협의회·대입정보포털 어디가,2028학년도 권역별 대학별 권장과목(반영과목),https://www.adiga.kr/uct/ces/archiveView.do?menuId=PCUCTCES1000&prtlBbsId=26634,,수도권 / 서울 / 상위단위: 공과,기계로봇에너지공학과|기계로봇에너지공학|공과
동국대,에너지신소재공학과,2028,2028 공식자료,공과,"수학②, 물리학, 화학",,"-수학①,② 일반선택 과목: 대수, 미적분Ⅰ, 확률과 통계 -수학② 진로선택 과목: 미적분Ⅱ, 기하, 인공지능 -수학①,② 융합선택 과목: 수학과 문화, 실용 통계, 수학과제 탐구 -계열 특성에 따라 수학 및 과학 역량이 기초 학업 역량이자 전공 수학 역량임. -과학 교과의 역량영역은 동국대 기준 교과 영역별 일반 선택 과목 이수 후 진로 선택 1과목 이상 이수 권장.",한국대학교육협의회·대입정보포털 어디가,2028학년도 권역별 대학별 권장과목(반영과목),https://www.adiga.kr/uct/ces/archiveView.do?menuId=PCUCTCES1000&prtlBbsId=26634,,수도권 / 서울 / 상위단위: 공과,에너지신소재공학과|에너지신소재공학|공과|신소재공학|신소재|재료공학
동국대,정보통신공학과,2028,2028 공식자료,공과,"수학②, 물리학",,"-수학①,② 일반선택 과목: 대수, 미적분Ⅰ, 확률과 통계 -수학② 진로선택 과목: 미적분Ⅱ, 기하, 인공지능 -수학①,② 융합선택 과목: 수학과 문화, 실용 통계, 수학과제 탐구 -계열 특성에 따라 수학 및 과학 역량이 기초 학업 역량이자 전공 수학 역량임. -과학 교과의 역량영역은 동국대 기준 교과 영역별 일반 선택 과목 이수 후 진로 선택 1과목 이상 이수 권장.",한국대학교육협의회·대입정보포털 어디가,2028학년도 권역별 대학별 권장과목(반영과목),https://www.adiga.kr/uct/ces/archiveView.do?menuId=PCUCTCES1000&prtlBbsId=26634,,수도권 / 서울 / 상위단위: 공과,정보통신공학과|정보통신공학|공과
동국대,건축공학부,2028,2028 공식자료,공과,"수학②, 물리학",,"-수학①,② 일반선택 과목: 대수, 미적분Ⅰ, 확률과 통계 -수학② 진로선택 과목: 미적분Ⅱ, 기하, 인공지능 -수학①,② 융합선택 과목: 수학과 문화, 실용 통계, 수학과제 탐구 -계열 특성에 따라 수학 및 과학 역량이 기초 학업 역량이자 전공 수학 역량임. -과학 교과의 역량영역은 동국대 기준 교과 영역별 일반 선택 과목 이수 후 진로 선택 1과목 이상 이수 권장.",한국대학교육협의회·대입정보포털 어디가,2028학년도 권역별 대학별 권장과목(반영과목),https://www.adiga.kr/uct/ces/archiveView.do?menuId=PCUCTCES1000&prtlBbsId=26634,,수도권 / 서울 / 상위단위: 공과,건축공학부|건축공|공과
동국대,건설환경공학과,2028,2028 공식자료,공과,"수학②, 물리학, 화학",지구과학,"-수학①,② 일반선택 과목: 대수, 미적분Ⅰ, 확률과 통계 -수학② 진로선택 과목: 미적분Ⅱ, 기하, 인공지능 -수학①,② 융합선택 과목: 수학과 문화, 실용 통계, 수학과제 탐구 -계열 특성에 따라 수학 및 과학 역량이 기초 학업 역량이자 전공 수학 역량임. -과학 교과의 역량영역은 동국대 기준 교과 영역별 일반 선택 과목 이수 후 진로 선택 1과목 이상 이수 권장.",한국대학교육협의회·대입정보포털 어디가,2028학년도 권역별 대학별 권장과목(반영과목),https://www.adiga.kr/uct/ces/archiveView.do?menuId=PCUCTCES1000&prtlBbsId=26634,,수도권 / 서울 / 상위단위: 공과,건설환경공학과|건설환경공학|공과
동국대,화공생물공학과,2028,2028 공식자료,공과,"수학②, 물리학, 화학",생명과학,"-수학①,② 일반선택 과목: 대수, 미적분Ⅰ, 확률과 통계 -수학② 진로선택 과목: 미적분Ⅱ, 기하, 인공지능 -수학①,② 융합선택 과목: 수학과 문화, 실용 통계, 수학과제 탐구 -계열 특성에 따라 수학 및 과학 역량이 기초 학업 역량이자 전공 수학 역량임. -과학 교과의 역량영역은 동국대 기준 교과 영역별 일반 선택 과목 이수 후 진로 선택 1과목 이상 이수 권장.",한국대학교육협의회·대입정보포털 어디가,2028학년도 권역별 대학별 권장과목(반영과목),https://www.adiga.kr/uct/ces/archiveView.do?menuId=PCUCTCES1000&prtlBbsId=26634,,수도권 / 서울 / 상위단위: 공과,화공생물공학과|화공생물공학|공과
동국대,산업시스템공학과,2028,2028 공식자료,공과,수학②,물리학,"-수학①,② 일반선택 과목: 대수, 미적분Ⅰ, 확률과 통계 -수학② 진로선택 과목: 미적분Ⅱ, 기하, 인공지능 -수학①,② 융합선택 과목: 수학과 문화, 실용 통계, 수학과제 탐구 -계열 특성에 따라 수학 및 과학 역량이 기초 학업 역량이자 전공 수학 역량임. -과학 교과의 역량영역은 동국대 기준 교과 영역별 일반 선택 과목 이수 후 진로 선택 1과목 이상 이수 권장.",한국대학교육협의회·대입정보포털 어디가,2028학년도 권역별 대학별 권장과목(반영과목),https://www.adiga.kr/uct/ces/archiveView.do?menuId=PCUCTCES1000&prtlBbsId=26634,,수도권 / 서울 / 상위단위: 공과,산업시스템공학과|산업시스템공학|공과
동국대,컴퓨터·AI학부,2028,2028 공식자료,첨단융합,수학②,,"-수학①,② 일반선택 과목: 대수, 미적분Ⅰ, 확률과 통계 -수학② 진로선택 과목: 미적분Ⅱ, 기하, 인공지능 -수학①,② 융합선택 과목: 수학과 문화, 실용 통계, 수학과제 탐구 -계열 특성에 따라 수학 및 과학 역량이 기초 학업 역량이자 전공 수학 역량임.",한국대학교육협의회·대입정보포털 어디가,2028학년도 권역별 대학별 권장과목(반영과목),https://www.adiga.kr/uct/ces/archiveView.do?menuId=PCUCTCES1000&prtlBbsId=26634,,수도권 / 서울 / 상위단위: 첨단융합,컴퓨터·AI학부|컴퓨터·AI|첨단융합
동국대,시스템반도체학부,2028,2028 공식자료,첨단융합,"수학②, 물리학, 화학",,"-수학①,② 일반선택 과목: 대수, 미적분Ⅰ, 확률과 통계 -수학② 진로선택 과목: 미적분Ⅱ, 기하, 인공지능 -수학①,② 융합선택 과목: 수학과 문화, 실용 통계, 수학과제 탐구 -계열 특성에 따라 수학 및 과학 역량이 기초 학업 역량이자 전공 수학 역량임. -과학 교과의 역량영역은 동국대 기준 교과 영역별 일반 선택 과목 이수 후 진로 선택 1과목 이상 이수 권장.",한국대학교육협의회·대입정보포털 어디가,2028학년도 권역별 대학별 권장과목(반영과목),https://www.adiga.kr/uct/ces/archiveView.do?menuId=PCUCTCES1000&prtlBbsId=26634,,수도권 / 서울 / 상위단위: 첨단융합,시스템반도체학부|시스템반도체|첨단융합
동국대,의료인공지능공학과,2028,2028 공식자료,첨단융합,"수학②, 물리학",,"-수학①,② 일반선택 과목: 대수, 미적분Ⅰ, 확률과 통계 -수학② 진로선택 과목: 미적분Ⅱ, 기하, 인공지능 -수학①,② 융합선택 과목: 수학과 문화, 실용 통계, 수학과제 탐구 -계열 특성에 따라 수학 및 과학 역량이 기초 학업 역량이자 전공 수학 역량임. -과학 교과의 역량영역은 동국대 기준 교과 영역별 일반 선택 과목 이수 후 진로 선택 1과목 이상 이수 권장.",한국대학교육협의회·대입정보포털 어디가,2028학년도 권역별 대학별 권장과목(반영과목),https://www.adiga.kr/uct/ces/archiveView.do?menuId=PCUCTCES1000&prtlBbsId=26634,,수도권 / 서울 / 상위단위: 첨단융합,의료인공지능공학과|의료인공지능공학|첨단융합
동국대,지능형네트워크융합학과,2028,2028 공식자료,첨단융합,"수학②, 물리학",,"-수학①,② 일반선택 과목: 대수, 미적분Ⅰ, 확률과 통계 -수학② 진로선택 과목: 미적분Ⅱ, 기하, 인공지능 -수학①,② 융합선택 과목: 수학과 문화, 실용 통계, 수학과제 탐구 -계열 특성에 따라 수학 및 과학 역량이 기초 학업 역량이자 전공 수학 역량임. -과학 교과의 역량영역은 동국대 기준 교과 영역별 일반 선택 과목 이수 후 진로 선택 1과목 이상 이수 권장.",한국대학교육협의회·대입정보포털 어디가,2028학년도 권역별 대학별 권장과목(반영과목),https://www.adiga.kr/uct/ces/archiveView.do?menuId=PCUCTCES1000&prtlBbsId=26634,,수도권 / 서울 / 상위단위: 첨단융합,지능형네트워크융합학과|지능형네트워크융합학|첨단융합
동국대,약학과,2028,2028 공식자료,약학,"수학②, 화학, 생명과학",물리학,"-수학①,② 일반선택 과목: 대수, 미적분Ⅰ, 확률과 통계 -수학② 진로선택 과목: 미적분Ⅱ, 기하, 인공지능 -수학①,② 융합선택 과목: 수학과 문화, 실용 통계, 수학과제 탐구 -계열 특성에 따라 수학 및 과학 역량이 기초 학업 역량이자 전공 수학 역량임. -과학 교과의 역량영역은 동국대 기준 교과 영역별 일반 선택 과목 이수 후 진로 선택 1과목 이상 이수 권장.",한국대학교육협의회·대입정보포털 어디가,2028학년도 권역별 대학별 권장과목(반영과목),https://www.adiga.kr/uct/ces/archiveView.do?menuId=PCUCTCES1000&prtlBbsId=26634,,수도권 / 서울 / 상위단위: 약학,약학과|약학|약대
동국대,열린전공학부(자연),2028,2028 공식자료,,수학②,"물리학, 화학","-수학①,② 일반선택 과목: 대수, 미적분Ⅰ, 확률과 통계 -수학② 진로선택 과목: 미적분Ⅱ, 기하, 인공지능 -수학①,② 융합선택 과목: 수학과 문화, 실용 통계, 수학과제 탐구 -계열 특성에 따라 수학 및 과학 역량이 기초 학업 역량이자 전공 수학 역량임. -과학 교과의 역량영역은 동국대 기준 교과 영역별 일반 선택 과목 이수 후 진로 선택 1과목 이상 이수 권장.",한국대학교육협의회·대입정보포털 어디가,2028학년도 권역별 대학별 권장과목(반영과목),https://www.adiga.kr/uct/ces/archiveView.do?menuId=PCUCTCES1000&prtlBbsId=26634,,수도권 / 서울,열린전공학부(자연)
서울과기대,기계시스템공학부 지능형로봇전공,2028,2028 공식자료,공과대학,"대수, 미적분Ⅰ, 확률과 통계, 물리학, 화학, 미적분Ⅱ, 기하, 역학과 에너지, 전자기와 양자",,,한국대학교육협의회·대입정보포털 어디가,2028학년도 권역별 대학별 권장과목(반영과목),https://www.adiga.kr/uct/ces/archiveView.do?menuId=PCUCTCES1000&prtlBbsId=26634,,수도권 / 서울 / 상위단위: 공과대학,기계시스템공학부 지능형로봇전공|기계시스템공학부 지능형로봇|공과대학
서울과기대,기계시스템공학부 미래자동차전공,2028,2028 공식자료,공과대학,"대수, 미적분Ⅰ, 확률과 통계, 물리학, 화학, 미적분Ⅱ, 기하, 역학과 에너지, 전자기와 양자",,,한국대학교육협의회·대입정보포털 어디가,2028학년도 권역별 대학별 권장과목(반영과목),https://www.adiga.kr/uct/ces/archiveView.do?menuId=PCUCTCES1000&prtlBbsId=26634,,수도권 / 서울 / 상위단위: 공과대학,기계시스템공학부 미래자동차전공|기계시스템공학부 미래자동차|공과대학
서울과기대,기계공학과,2028,2028 공식자료,공과대학,"대수, 미적분Ⅰ, 확률과 통계, 물리학, 화학, 미적분Ⅱ, 기하, 역학과 에너지, 전자기와 양자",,,한국대학교육협의회·대입정보포털 어디가,2028학년도 권역별 대학별 권장과목(반영과목),https://www.adiga.kr/uct/ces/archiveView.do?menuId=PCUCTCES1000&prtlBbsId=26634,,수도권 / 서울 / 상위단위: 공과대학,기계공학과|기계공학|공과대학|기계
서울과기대,안전공학과,2028,2028 공식자료,공과대학,"대수, 미적분Ⅰ, 확률과 통계, 물리학, 화학",,,한국대학교육협의회·대입정보포털 어디가,2028학년도 권역별 대학별 권장과목(반영과목),https://www.adiga.kr/uct/ces/archiveView.do?menuId=PCUCTCES1000&prtlBbsId=26634,,수도권 / 서울 / 상위단위: 공과대학,안전공학과|안전공학|공과대학
서울과기대,신소재공학과,2028,2028 공식자료,공과대학,"미적분Ⅱ, 기하, 역학과 에너지, 전자기와 양자, 물질과 에너지, 화학 반응의 세계",,,한국대학교육협의회·대입정보포털 어디가,2028학년도 권역별 대학별 권장과목(반영과목),https://www.adiga.kr/uct/ces/archiveView.do?menuId=PCUCTCES1000&prtlBbsId=26634,,수도권 / 서울 / 상위단위: 공과대학,신소재공학과|신소재공학|공과대학|신소재|재료공학
서울과기대,건설시스템공학과,2028,2028 공식자료,공과대학,"대수, 미적분Ⅰ, 확률과 통계, 물리학, 화학, 미적분Ⅱ, 기하, 역학과 에너지",,,한국대학교육협의회·대입정보포털 어디가,2028학년도 권역별 대학별 권장과목(반영과목),https://www.adiga.kr/uct/ces/archiveView.do?menuId=PCUCTCES1000&prtlBbsId=26634,,수도권 / 서울 / 상위단위: 공과대학,건설시스템공학과|건설시스템공학|공과대학
서울과기대,건축학부 건축공학전공,2028,2028 공식자료,공과대학,"대수, 미적분Ⅰ, 확률과 통계, 물리학, 화학, 미적분Ⅱ, 기하, 역학과 에너지",,,한국대학교육협의회·대입정보포털 어디가,2028학년도 권역별 대학별 권장과목(반영과목),https://www.adiga.kr/uct/ces/archiveView.do?menuId=PCUCTCES1000&prtlBbsId=26634,,수도권 / 서울 / 상위단위: 공과대학,건축학부 건축공학전공|건축학부 건축공학|공과대학
서울과기대,건축학부 건축학전공,2028,2028 공식자료,공과대학,"대수, 미적분Ⅰ, 확률과 통계, 물리학, 화학, 미적분Ⅱ, 기하, 역학과 에너지",,,한국대학교육협의회·대입정보포털 어디가,2028학년도 권역별 대학별 권장과목(반영과목),https://www.adiga.kr/uct/ces/archiveView.do?menuId=PCUCTCES1000&prtlBbsId=26634,,수도권 / 서울 / 상위단위: 공과대학,건축학부 건축학전공|건축학부 건축학|공과대학
서울과기대,전기정보공학과,2028,2028 공식자료,정보통신대학,"대수, 미적분Ⅰ, 확률과 통계, 물리학, 화학, 미적분Ⅱ, 기하, 역학과 에너지, 전자기와 양자",,,한국대학교육협의회·대입정보포털 어디가,2028학년도 권역별 대학별 권장과목(반영과목),https://www.adiga.kr/uct/ces/archiveView.do?menuId=PCUCTCES1000&prtlBbsId=26634,,수도권 / 서울 / 상위단위: 정보통신대학,전기정보공학과|전기정보공학|정보통신대학
서울과기대,전자공학과,2028,2028 공식자료,정보통신대학,"대수, 미적분Ⅰ, 확률과 통계, 물리학, 화학, 미적분Ⅱ, 기하, 역학과 에너지, 전자기와 양자",,,한국대학교육협의회·대입정보포털 어디가,2028학년도 권역별 대학별 권장과목(반영과목),https://www.adiga.kr/uct/ces/archiveView.do?menuId=PCUCTCES1000&prtlBbsId=26634,,수도권 / 서울 / 상위단위: 정보통신대학,전자공학과|전자공학|정보통신대학
서울과기대,스마트ICT융합공학과,2028,2028 공식자료,정보통신대학,"대수, 미적분Ⅰ, 확률과 통계, 물리학, 미적분Ⅱ, 기하",,,한국대학교육협의회·대입정보포털 어디가,2028학년도 권역별 대학별 권장과목(반영과목),https://www.adiga.kr/uct/ces/archiveView.do?menuId=PCUCTCES1000&prtlBbsId=26634,,수도권 / 서울 / 상위단위: 정보통신대학,스마트ICT융합공학과|스마트ICT융합공학|정보통신대학
서울과기대,컴퓨터공학과,2028,2028 공식자료,정보통신대학,"대수, 미적분Ⅰ, 확률과 통계, 물리학, 미적분Ⅱ, 기하",,,한국대학교육협의회·대입정보포털 어디가,2028학년도 권역별 대학별 권장과목(반영과목),https://www.adiga.kr/uct/ces/archiveView.do?menuId=PCUCTCES1000&prtlBbsId=26634,,수도권 / 서울 / 상위단위: 정보통신대학,컴퓨터공학과|컴퓨터공학|정보통신대학|컴공|컴퓨터과학|컴퓨터
서울과기대,화공생명공학과,2028,2028 공식자료,에너지바이오대학,"대수, 미적분Ⅰ, 확률과 통계, 물리학, 화학, 생명과학, 미적분Ⅱ, 기하, 물질과 에너지, 화학 반응의 세계, 세포와 물질대사",,,한국대학교육협의회·대입정보포털 어디가,2028학년도 권역별 대학별 권장과목(반영과목),https://www.adiga.kr/uct/ces/archiveView.do?menuId=PCUCTCES1000&prtlBbsId=26634,,수도권 / 서울 / 상위단위: 에너지바이오대학,화공생명공학과|화공생명공학|에너지바이오대학|화학공학과|화학공학|화공|화공생명|생명공학|바이오공학|바이오
서울과기대,환경공학과,2028,2028 공식자료,에너지바이오대학,"대수, 미적분Ⅰ, 확률과 통계, 물리학, 화학, 생명과학, 미적분Ⅱ, 물질과 에너지, 화학 반응의 세계, 세포와 물질대사",,,한국대학교육협의회·대입정보포털 어디가,2028학년도 권역별 대학별 권장과목(반영과목),https://www.adiga.kr/uct/ces/archiveView.do?menuId=PCUCTCES1000&prtlBbsId=26634,,수도권 / 서울 / 상위단위: 에너지바이오대학,환경공학과|환경공학|에너지바이오대학
서울과기대,식품생명공학과,2028,2028 공식자료,에너지바이오대학,"대수, 미적분Ⅰ, 확률과 통계, 화학, 생명과학, 미적분Ⅱ, 물질과 에너지, 화학 반응의 세계, 세포와 물질대사, 생물의 유전",,,한국대학교육협의회·대입정보포털 어디가,2028학년도 권역별 대학별 권장과목(반영과목),https://www.adiga.kr/uct/ces/archiveView.do?menuId=PCUCTCES1000&prtlBbsId=26634,,수도권 / 서울 / 상위단위: 에너지바이오대학,식품생명공학과|식품생명공학|에너지바이오대학|생명공학|바이오공학|바이오
서울과기대,정밀화학과,2028,2028 공식자료,에너지바이오대학,"대수, 미적분Ⅰ, 확률과 통계, 물리학, 화학, 미적분Ⅱ, 물질과 에너지, 화학 반응의 세계",,,한국대학교육협의회·대입정보포털 어디가,2028학년도 권역별 대학별 권장과목(반영과목),https://www.adiga.kr/uct/ces/archiveView.do?menuId=PCUCTCES1000&prtlBbsId=26634,,수도권 / 서울 / 상위단위: 에너지바이오대학,정밀화학과|정밀화학|에너지바이오대학
서울과기대,안경광학과,2028,2028 공식자료,에너지바이오대학,"대수, 미적분Ⅰ, 확률과 통계, 물리학, 화학, 미적분Ⅱ, 역학과 에너지, 전자기와 양자",,,한국대학교육협의회·대입정보포털 어디가,2028학년도 권역별 대학별 권장과목(반영과목),https://www.adiga.kr/uct/ces/archiveView.do?menuId=PCUCTCES1000&prtlBbsId=26634,,수도권 / 서울 / 상위단위: 에너지바이오대학,안경광학과|안경광학|에너지바이오대학
서울과기대,바이오메디컬학과,2028,2028 공식자료,에너지바이오대학,"대수, 미적분Ⅰ, 확률과 통계, 화학, 생명과학, 미적분Ⅱ, 물질과 에너지, 화학 반응의 세계, 세포와 물질대사, 생물의 유전",,,한국대학교육협의회·대입정보포털 어디가,2028학년도 권역별 대학별 권장과목(반영과목),https://www.adiga.kr/uct/ces/archiveView.do?menuId=PCUCTCES1000&prtlBbsId=26634,,수도권 / 서울 / 상위단위: 에너지바이오대학,바이오메디컬학과|바이오메디컬학|에너지바이오대학
서울과기대,산업공학과 산업정보시스템전공,2028,2028 공식자료,기술경영융합대학,"대수, 미적분Ⅰ,확률과 통계, 미적분Ⅱ",,,한국대학교육협의회·대입정보포털 어디가,2028학년도 권역별 대학별 권장과목(반영과목),https://www.adiga.kr/uct/ces/archiveView.do?menuId=PCUCTCES1000&prtlBbsId=26634,,수도권 / 서울 / 상위단위: 기술경영융합대학,산업공학과 산업정보시스템전공|산업공학과 산업정보시스템|기술경영융합대학|산업공학|산공
서울과기대,산업공학과 ITM전공,2028,2028 공식자료,기술경영융합대학,"대수, 미적분Ⅰ,확률과 통계, 미적분Ⅱ",,,한국대학교육협의회·대입정보포털 어디가,2028학년도 권역별 대학별 권장과목(반영과목),https://www.adiga.kr/uct/ces/archiveView.do?menuId=PCUCTCES1000&prtlBbsId=26634,,수도권 / 서울 / 상위단위: 기술경영융합대학,산업공학과 ITM전공|산업공학과 ITM|기술경영융합대학|산업공학|산공
서울과기대,MSDE학과,2028,2028 공식자료,기술경영융합대학,"대수, 미적분Ⅰ, 확률과 통계, 물리학, 미적분Ⅱ, 기하, 역학과 에너지, 전자기와 양자",,,한국대학교육협의회·대입정보포털 어디가,2028학년도 권역별 대학별 권장과목(반영과목),https://www.adiga.kr/uct/ces/archiveView.do?menuId=PCUCTCES1000&prtlBbsId=26634,,수도권 / 서울 / 상위단위: 기술경영융합대학,MSDE학과|MSDE학|기술경영융합대학
서울과기대,경영학과 글로벌테크노경영전공,2028,2028 공식자료,기술경영융합대학,"대수, 미적분Ⅰ, 확률과 통계, 미적분Ⅱ",,,한국대학교육협의회·대입정보포털 어디가,2028학년도 권역별 대학별 권장과목(반영과목),https://www.adiga.kr/uct/ces/archiveView.do?menuId=PCUCTCES1000&prtlBbsId=26634,,수도권 / 서울 / 상위단위: 기술경영융합대학,경영학과 글로벌테크노경영전공|경영학과 글로벌테크노경영|기술경영융합대학|경영학|경영
서울과기대,인공지능응용학과,2028,2028 공식자료,창의융합대학,"대수, 미적분Ⅰ, 확률과 통계, 물리학, 미적분Ⅱ, 기하, 역학과 에너지, 전자기와 양자",,,한국대학교육협의회·대입정보포털 어디가,2028학년도 권역별 대학별 권장과목(반영과목),https://www.adiga.kr/uct/ces/archiveView.do?menuId=PCUCTCES1000&prtlBbsId=26634,,수도권 / 서울 / 상위단위: 창의융합대학,인공지능응용학과|인공지능응용학|창의융합대학
서울과기대,지능형반도체공학과,2028,2028 공식자료,창의융합대학,"대수, 미적분Ⅰ, 확률과 통계, 물리학, 화학, 미적분Ⅱ, 기하, 역학과 에너지, 전자기와 양자",,,한국대학교육협의회·대입정보포털 어디가,2028학년도 권역별 대학별 권장과목(반영과목),https://www.adiga.kr/uct/ces/archiveView.do?menuId=PCUCTCES1000&prtlBbsId=26634,,수도권 / 서울 / 상위단위: 창의융합대학,지능형반도체공학과|지능형반도체공학|창의융합대학
서울과기대,미래에너지융합학과,2028,2028 공식자료,창의융합대학,"대수, 미적분Ⅰ, 확률과 통계, 물리학, 화학미적분Ⅱ, 기하, 역학과 에너지, 전자기와 양자, 물질과 에너지, 화학 반응의 세계",,,한국대학교육협의회·대입정보포털 어디가,2028학년도 권역별 대학별 권장과목(반영과목),https://www.adiga.kr/uct/ces/archiveView.do?menuId=PCUCTCES1000&prtlBbsId=26634,,수도권 / 서울 / 상위단위: 창의융합대학,미래에너지융합학과|미래에너지융합학|창의융합대학
서울대,국어국문학과,2028,2028 공식자료,인문대학,제2외국어/한문,,"해당 교과(군)의 일반선택, 진로선택, 융합선택 과목 중 1과목 이상",한국대학교육협의회·대입정보포털 어디가,2028학년도 권역별 대학별 권장과목(반영과목),https://www.adiga.kr/uct/ces/archiveView.do?menuId=PCUCTCES1000&prtlBbsId=26634,,수도권 / 서울 / 상위단위: 인문대학,국어국문학과|국어국문학|인문대학
서울대,중어중문학과,2028,2028 공식자료,인문대학,제2외국어/한문,,"해당 교과(군)의 일반선택, 진로선택, 융합선택 과목 중 1과목 이상",한국대학교육협의회·대입정보포털 어디가,2028학년도 권역별 대학별 권장과목(반영과목),https://www.adiga.kr/uct/ces/archiveView.do?menuId=PCUCTCES1000&prtlBbsId=26634,,수도권 / 서울 / 상위단위: 인문대학,중어중문학과|중어중문학|인문대학
서울대,영어영문학과,2028,2028 공식자료,인문대학,제2외국어/한문,,"해당 교과(군)의 일반선택, 진로선택, 융합선택 과목 중 1과목 이상",한국대학교육협의회·대입정보포털 어디가,2028학년도 권역별 대학별 권장과목(반영과목),https://www.adiga.kr/uct/ces/archiveView.do?menuId=PCUCTCES1000&prtlBbsId=26634,,수도권 / 서울 / 상위단위: 인문대학,영어영문학과|영어영문학|인문대학
서울대,불어불문학과,2028,2028 공식자료,인문대학,제2외국어/한문,,"해당 교과(군)의 일반선택, 진로선택, 융합선택 과목 중 1과목 이상",한국대학교육협의회·대입정보포털 어디가,2028학년도 권역별 대학별 권장과목(반영과목),https://www.adiga.kr/uct/ces/archiveView.do?menuId=PCUCTCES1000&prtlBbsId=26634,,수도권 / 서울 / 상위단위: 인문대학,불어불문학과|불어불문학|인문대학
서울대,독어독문학과,2028,2028 공식자료,인문대학,제2외국어/한문,,"해당 교과(군)의 일반선택, 진로선택, 융합선택 과목 중 1과목 이상",한국대학교육협의회·대입정보포털 어디가,2028학년도 권역별 대학별 권장과목(반영과목),https://www.adiga.kr/uct/ces/archiveView.do?menuId=PCUCTCES1000&prtlBbsId=26634,,수도권 / 서울 / 상위단위: 인문대학,독어독문학과|독어독문학|인문대학
서울대,노어노문학과,2028,2028 공식자료,인문대학,제2외국어/한문,,"해당 교과(군)의 일반선택, 진로선택, 융합선택 과목 중 1과목 이상",한국대학교육협의회·대입정보포털 어디가,2028학년도 권역별 대학별 권장과목(반영과목),https://www.adiga.kr/uct/ces/archiveView.do?menuId=PCUCTCES1000&prtlBbsId=26634,,수도권 / 서울 / 상위단위: 인문대학,노어노문학과|노어노문학|인문대학
서울대,서어서문학과,2028,2028 공식자료,인문대학,제2외국어/한문,,"해당 교과(군)의 일반선택, 진로선택, 융합선택 과목 중 1과목 이상",한국대학교육협의회·대입정보포털 어디가,2028학년도 권역별 대학별 권장과목(반영과목),https://www.adiga.kr/uct/ces/archiveView.do?menuId=PCUCTCES1000&prtlBbsId=26634,,수도권 / 서울 / 상위단위: 인문대학,서어서문학과|서어서문학|인문대학
서울대,언어학과,2028,2028 공식자료,인문대학,제2외국어/한문,,"해당 교과(군)의 일반선택, 진로선택, 융합선택 과목 중 1과목 이상",한국대학교육협의회·대입정보포털 어디가,2028학년도 권역별 대학별 권장과목(반영과목),https://www.adiga.kr/uct/ces/archiveView.do?menuId=PCUCTCES1000&prtlBbsId=26634,,수도권 / 서울 / 상위단위: 인문대학,언어학과|언어학|인문대학
서울대,아시아언어문명학부,2028,2028 공식자료,인문대학,제2외국어/한문,,"해당 교과(군)의 일반선택, 진로선택, 융합선택 과목 중 1과목 이상",한국대학교육협의회·대입정보포털 어디가,2028학년도 권역별 대학별 권장과목(반영과목),https://www.adiga.kr/uct/ces/archiveView.do?menuId=PCUCTCES1000&prtlBbsId=26634,,수도권 / 서울 / 상위단위: 인문대학,아시아언어문명학부|아시아언어문명|인문대학
서울대,역사학부,2028,2028 공식자료,인문대학,제2외국어/한문,,"해당 교과(군)의 일반선택, 진로선택, 융합선택 과목 중 1과목 이상",한국대학교육협의회·대입정보포털 어디가,2028학년도 권역별 대학별 권장과목(반영과목),https://www.adiga.kr/uct/ces/archiveView.do?menuId=PCUCTCES1000&prtlBbsId=26634,,수도권 / 서울 / 상위단위: 인문대학,역사학부|역사|인문대학
서울대,고고미술사학과,2028,2028 공식자료,인문대학,제2외국어/한문,,"해당 교과(군)의 일반선택, 진로선택, 융합선택 과목 중 1과목 이상",한국대학교육협의회·대입정보포털 어디가,2028학년도 권역별 대학별 권장과목(반영과목),https://www.adiga.kr/uct/ces/archiveView.do?menuId=PCUCTCES1000&prtlBbsId=26634,,수도권 / 서울 / 상위단위: 인문대학,고고미술사학과|고고미술사학|인문대학
서울대,철학과,2028,2028 공식자료,인문대학,제2외국어/한문,,"해당 교과(군)의 일반선택, 진로선택, 융합선택 과목 중 1과목 이상",한국대학교육협의회·대입정보포털 어디가,2028학년도 권역별 대학별 권장과목(반영과목),https://www.adiga.kr/uct/ces/archiveView.do?menuId=PCUCTCES1000&prtlBbsId=26634,,수도권 / 서울 / 상위단위: 인문대학,철학과|철학|인문대학
서울대,종교학과,2028,2028 공식자료,인문대학,제2외국어/한문,,"해당 교과(군)의 일반선택, 진로선택, 융합선택 과목 중 1과목 이상",한국대학교육협의회·대입정보포털 어디가,2028학년도 권역별 대학별 권장과목(반영과목),https://www.adiga.kr/uct/ces/archiveView.do?menuId=PCUCTCES1000&prtlBbsId=26634,,수도권 / 서울 / 상위단위: 인문대학,종교학과|종교학|인문대학
서울대,미학과,2028,2028 공식자료,인문대학,제2외국어/한문,,"해당 교과(군)의 일반선택, 진로선택, 융합선택 과목 중 1과목 이상",한국대학교육협의회·대입정보포털 어디가,2028학년도 권역별 대학별 권장과목(반영과목),https://www.adiga.kr/uct/ces/archiveView.do?menuId=PCUCTCES1000&prtlBbsId=26634,,수도권 / 서울 / 상위단위: 인문대학,미학과|미학|인문대학
서울대,정치외교학부,2028,2028 공식자료,사회과학대학,제2외국어/한문,,"해당 교과(군)의 일반선택, 진로선택, 융합선택 과목 중 1과목 이상",한국대학교육협의회·대입정보포털 어디가,2028학년도 권역별 대학별 권장과목(반영과목),https://www.adiga.kr/uct/ces/archiveView.do?menuId=PCUCTCES1000&prtlBbsId=26634,,수도권 / 서울 / 상위단위: 사회과학대학,정치외교학부|정치외교|사회과학대학
서울대,경제학부,2028,2028 공식자료,사회과학대학,제2외국어/한문,,"해당 교과(군)의 일반선택, 진로선택, 융합선택 과목 중 1과목 이상",한국대학교육협의회·대입정보포털 어디가,2028학년도 권역별 대학별 권장과목(반영과목),https://www.adiga.kr/uct/ces/archiveView.do?menuId=PCUCTCES1000&prtlBbsId=26634,,수도권 / 서울 / 상위단위: 사회과학대학,경제학부|경제|사회과학대학|경제학
서울대,사회학과,2028,2028 공식자료,사회과학대학,제2외국어/한문,,"해당 교과(군)의 일반선택, 진로선택, 융합선택 과목 중 1과목 이상",한국대학교육협의회·대입정보포털 어디가,2028학년도 권역별 대학별 권장과목(반영과목),https://www.adiga.kr/uct/ces/archiveView.do?menuId=PCUCTCES1000&prtlBbsId=26634,,수도권 / 서울 / 상위단위: 사회과학대학,사회학과|사회학|사회과학대학
서울대,인류학과,2028,2028 공식자료,사회과학대학,제2외국어/한문,,"해당 교과(군)의 일반선택, 진로선택, 융합선택 과목 중 1과목 이상",한국대학교육협의회·대입정보포털 어디가,2028학년도 권역별 대학별 권장과목(반영과목),https://www.adiga.kr/uct/ces/archiveView.do?menuId=PCUCTCES1000&prtlBbsId=26634,,수도권 / 서울 / 상위단위: 사회과학대학,인류학과|인류학|사회과학대학
서울대,심리학과,2028,2028 공식자료,사회과학대학,제2외국어/한문,,"해당 교과(군)의 일반선택, 진로선택, 융합선택 과목 중 1과목 이상",한국대학교육협의회·대입정보포털 어디가,2028학년도 권역별 대학별 권장과목(반영과목),https://www.adiga.kr/uct/ces/archiveView.do?menuId=PCUCTCES1000&prtlBbsId=26634,,수도권 / 서울 / 상위단위: 사회과학대학,심리학과|심리학|사회과학대학
서울대,지리학과,2028,2028 공식자료,사회과학대학,제2외국어/한문,,"해당 교과(군)의 일반선택, 진로선택, 융합선택 과목 중 1과목 이상",한국대학교육협의회·대입정보포털 어디가,2028학년도 권역별 대학별 권장과목(반영과목),https://www.adiga.kr/uct/ces/archiveView.do?menuId=PCUCTCES1000&prtlBbsId=26634,,수도권 / 서울 / 상위단위: 사회과학대학,지리학과|지리학|사회과학대학
서울대,사회복지학과,2028,2028 공식자료,사회과학대학,제2외국어/한문,,"해당 교과(군)의 일반선택, 진로선택, 융합선택 과목 중 1과목 이상",한국대학교육협의회·대입정보포털 어디가,2028학년도 권역별 대학별 권장과목(반영과목),https://www.adiga.kr/uct/ces/archiveView.do?menuId=PCUCTCES1000&prtlBbsId=26634,,수도권 / 서울 / 상위단위: 사회과학대학,사회복지학과|사회복지학|사회과학대학
서울대,언론정보학과,2028,2028 공식자료,사회과학대학,제2외국어/한문,,"해당 교과(군)의 일반선택, 진로선택, 융합선택 과목 중 1과목 이상",한국대학교육협의회·대입정보포털 어디가,2028학년도 권역별 대학별 권장과목(반영과목),https://www.adiga.kr/uct/ces/archiveView.do?menuId=PCUCTCES1000&prtlBbsId=26634,,수도권 / 서울 / 상위단위: 사회과학대학,언론정보학과|언론정보학|사회과학대학
서울대,경영학과,2028,2028 공식자료,경영대학,제2외국어/한문,,"해당 교과(군)의 일반선택, 진로선택, 융합선택 과목 중 1과목 이상",한국대학교육협의회·대입정보포털 어디가,2028학년도 권역별 대학별 권장과목(반영과목),https://www.adiga.kr/uct/ces/archiveView.do?menuId=PCUCTCES1000&prtlBbsId=26634,,수도권 / 서울 / 상위단위: 경영대학,경영학과|경영학|경영대학|경영
서울대,농경제사회학부,2028,2028 공식자료,농업생명과학대학,제2외국어/한문,,"해당 교과(군)의 일반선택, 진로선택, 융합선택 과목 중 1과목 이상",한국대학교육협의회·대입정보포털 어디가,2028학년도 권역별 대학별 권장과목(반영과목),https://www.adiga.kr/uct/ces/archiveView.do?menuId=PCUCTCES1000&prtlBbsId=26634,,수도권 / 서울 / 상위단위: 농업생명과학대학,농경제사회학부|농경제사회|농업생명과학대학
서울대,교육학과,2028,2028 공식자료,사범대학,제2외국어/한문,,"해당 교과(군)의 일반선택, 진로선택, 융합선택 과목 중 1과목 이상",한국대학교육협의회·대입정보포털 어디가,2028학년도 권역별 대학별 권장과목(반영과목),https://www.adiga.kr/uct/ces/archiveView.do?menuId=PCUCTCES1000&prtlBbsId=26634,,수도권 / 서울 / 상위단위: 사범대학,교육학과|교육학|사범대학
서울대,국어교육과,2028,2028 공식자료,사범대학,제2외국어/한문,,"해당 교과(군)의 일반선택, 진로선택, 융합선택 과목 중 1과목 이상",한국대학교육협의회·대입정보포털 어디가,2028학년도 권역별 대학별 권장과목(반영과목),https://www.adiga.kr/uct/ces/archiveView.do?menuId=PCUCTCES1000&prtlBbsId=26634,,수도권 / 서울 / 상위단위: 사범대학,국어교육과|사범대학
서울대,영어교육과,2028,2028 공식자료,사범대학,제2외국어/한문,,"해당 교과(군)의 일반선택, 진로선택, 융합선택 과목 중 1과목 이상",한국대학교육협의회·대입정보포털 어디가,2028학년도 권역별 대학별 권장과목(반영과목),https://www.adiga.kr/uct/ces/archiveView.do?menuId=PCUCTCES1000&prtlBbsId=26634,,수도권 / 서울 / 상위단위: 사범대학,영어교육과|사범대학
서울대,독어교육과,2028,2028 공식자료,사범대학,제2외국어/한문,,"해당 교과(군)의 일반선택, 진로선택, 융합선택 과목 중 1과목 이상",한국대학교육협의회·대입정보포털 어디가,2028학년도 권역별 대학별 권장과목(반영과목),https://www.adiga.kr/uct/ces/archiveView.do?menuId=PCUCTCES1000&prtlBbsId=26634,,수도권 / 서울 / 상위단위: 사범대학,독어교육과|사범대학
서울대,불어교육과,2028,2028 공식자료,사범대학,제2외국어/한문,,"해당 교과(군)의 일반선택, 진로선택, 융합선택 과목 중 1과목 이상",한국대학교육협의회·대입정보포털 어디가,2028학년도 권역별 대학별 권장과목(반영과목),https://www.adiga.kr/uct/ces/archiveView.do?menuId=PCUCTCES1000&prtlBbsId=26634,,수도권 / 서울 / 상위단위: 사범대학,불어교육과|사범대학
서울대,사회교육과,2028,2028 공식자료,사범대학,제2외국어/한문,,"해당 교과(군)의 일반선택, 진로선택, 융합선택 과목 중 1과목 이상",한국대학교육협의회·대입정보포털 어디가,2028학년도 권역별 대학별 권장과목(반영과목),https://www.adiga.kr/uct/ces/archiveView.do?menuId=PCUCTCES1000&prtlBbsId=26634,,수도권 / 서울 / 상위단위: 사범대학,사회교육과|사범대학
서울대,역사교육과,2028,2028 공식자료,사범대학,제2외국어/한문,,"해당 교과(군)의 일반선택, 진로선택, 융합선택 과목 중 1과목 이상",한국대학교육협의회·대입정보포털 어디가,2028학년도 권역별 대학별 권장과목(반영과목),https://www.adiga.kr/uct/ces/archiveView.do?menuId=PCUCTCES1000&prtlBbsId=26634,,수도권 / 서울 / 상위단위: 사범대학,역사교육과|사범대학
서울대,지리교육과,2028,2028 공식자료,사범대학,제2외국어/한문,,"해당 교과(군)의 일반선택, 진로선택, 융합선택 과목 중 1과목 이상",한국대학교육협의회·대입정보포털 어디가,2028학년도 권역별 대학별 권장과목(반영과목),https://www.adiga.kr/uct/ces/archiveView.do?menuId=PCUCTCES1000&prtlBbsId=26634,,수도권 / 서울 / 상위단위: 사범대학,지리교육과|사범대학
서울대,윤리교육과,2028,2028 공식자료,사범대학,제2외국어/한문,,"해당 교과(군)의 일반선택, 진로선택, 융합선택 과목 중 1과목 이상",한국대학교육협의회·대입정보포털 어디가,2028학년도 권역별 대학별 권장과목(반영과목),https://www.adiga.kr/uct/ces/archiveView.do?menuId=PCUCTCES1000&prtlBbsId=26634,,수도권 / 서울 / 상위단위: 사범대학,윤리교육과|사범대학
서울대,소비자아동학부 소비자학전공,2028,2028 공식자료,생활과학대학,제2외국어/한문,,"해당 교과(군)의 일반선택, 진로선택, 융합선택 과목 중 1과목 이상",한국대학교육협의회·대입정보포털 어디가,2028학년도 권역별 대학별 권장과목(반영과목),https://www.adiga.kr/uct/ces/archiveView.do?menuId=PCUCTCES1000&prtlBbsId=26634,,수도권 / 서울 / 상위단위: 생활과학대학,소비자아동학부 소비자학전공|소비자아동학부 소비자학|생활과학대학
서울대,소비자아동학부 아동가족학전공,2028,2028 공식자료,생활과학대학,제2외국어/한문,,"해당 교과(군)의 일반선택, 진로선택, 융합선택 과목 중 1과목 이상",한국대학교육협의회·대입정보포털 어디가,2028학년도 권역별 대학별 권장과목(반영과목),https://www.adiga.kr/uct/ces/archiveView.do?menuId=PCUCTCES1000&prtlBbsId=26634,,수도권 / 서울 / 상위단위: 생활과학대학,소비자아동학부 아동가족학전공|소비자아동학부 아동가족학|생활과학대학
서울대,식품영양학과,2028,2028 공식자료,생활과학대학,제2외국어/한문,,"해당 교과(군)의 일반선택, 진로선택, 융합선택 과목 중 1과목 이상",한국대학교육협의회·대입정보포털 어디가,2028학년도 권역별 대학별 권장과목(반영과목),https://www.adiga.kr/uct/ces/archiveView.do?menuId=PCUCTCES1000&prtlBbsId=26634,,수도권 / 서울 / 상위단위: 생활과학대학,식품영양학과|식품영양학|생활과학대학
서울대,의류학과,2028,2028 공식자료,생활과학대학,제2외국어/한문,,"해당 교과(군)의 일반선택, 진로선택, 융합선택 과목 중 1과목 이상",한국대학교육협의회·대입정보포털 어디가,2028학년도 권역별 대학별 권장과목(반영과목),https://www.adiga.kr/uct/ces/archiveView.do?menuId=PCUCTCES1000&prtlBbsId=26634,,수도권 / 서울 / 상위단위: 생활과학대학,의류학과|의류학|생활과학대학
서울대,물리·천문학부 물리학전공,2028,2028 공식자료,자연과학대학,물리학,"기하, 미적분Ⅱ, 과학",과학 교과의 진로선택 과목 중 3과목 이상,한국대학교육협의회·대입정보포털 어디가,2028학년도 권역별 대학별 권장과목(반영과목),https://www.adiga.kr/uct/ces/archiveView.do?menuId=PCUCTCES1000&prtlBbsId=26634,,수도권 / 서울 / 상위단위: 자연과학대학,물리·천문학부 물리학전공|물리·천문학부 물리학|자연과학대학
서울대,물리·천문학부 천문학전공,2028,2028 공식자료,자연과학대학,지구과학,"기하, 미적분Ⅱ, 과학",과학 교과의 진로선택 과목 중 3과목 이상,한국대학교육협의회·대입정보포털 어디가,2028학년도 권역별 대학별 권장과목(반영과목),https://www.adiga.kr/uct/ces/archiveView.do?menuId=PCUCTCES1000&prtlBbsId=26634,,수도권 / 서울 / 상위단위: 자연과학대학,물리·천문학부 천문학전공|물리·천문학부 천문학|자연과학대학
서울대,수리과학부,2028,2028 공식자료,자연과학대학,,"기하, 미적분Ⅱ, 과학",과학 교과의 진로선택 과목 중 3과목 이상,한국대학교육협의회·대입정보포털 어디가,2028학년도 권역별 대학별 권장과목(반영과목),https://www.adiga.kr/uct/ces/archiveView.do?menuId=PCUCTCES1000&prtlBbsId=26634,,수도권 / 서울 / 상위단위: 자연과학대학,수리과학부|수리과|자연과학대학
서울대,통계학과,2028,2028 공식자료,자연과학대학,,"기하, 미적분Ⅱ, 과학",과학 교과의 진로선택 과목 중 3과목 이상,한국대학교육협의회·대입정보포털 어디가,2028학년도 권역별 대학별 권장과목(반영과목),https://www.adiga.kr/uct/ces/archiveView.do?menuId=PCUCTCES1000&prtlBbsId=26634,,수도권 / 서울 / 상위단위: 자연과학대학,통계학과|통계학|자연과학대학
서울대,화학부,2028,2028 공식자료,자연과학대학,화학,"기하, 미적분Ⅱ, 과학",과학 교과의 진로선택 과목 중 3과목 이상,한국대학교육협의회·대입정보포털 어디가,2028학년도 권역별 대학별 권장과목(반영과목),https://www.adiga.kr/uct/ces/archiveView.do?menuId=PCUCTCES1000&prtlBbsId=26634,,수도권 / 서울 / 상위단위: 자연과학대학,화학부|화|자연과학대학
서울대,생명과학부,2028,2028 공식자료,자연과학대학,생명과학,"기하, 미적분Ⅱ, 과학",과학 교과의 진로선택 과목 중 3과목 이상,한국대학교육협의회·대입정보포털 어디가,2028학년도 권역별 대학별 권장과목(반영과목),https://www.adiga.kr/uct/ces/archiveView.do?menuId=PCUCTCES1000&prtlBbsId=26634,,수도권 / 서울 / 상위단위: 자연과학대학,생명과학부|생명과|자연과학대학
서울대,지구환경과학부,2028,2028 공식자료,자연과학대학,지구과학,"기하, 미적분Ⅱ, 과학",과학 교과의 진로선택 과목 중 3과목 이상,한국대학교육협의회·대입정보포털 어디가,2028학년도 권역별 대학별 권장과목(반영과목),https://www.adiga.kr/uct/ces/archiveView.do?menuId=PCUCTCES1000&prtlBbsId=26634,,수도권 / 서울 / 상위단위: 자연과학대학,지구환경과학부|지구환경과|자연과학대학
서울대,간호대학,2028,2028 공식자료,간호대학,,"기하 또는 미적분Ⅱ, 과학",과학 교과의 진로선택 과목 중 3과목 이상,한국대학교육협의회·대입정보포털 어디가,2028학년도 권역별 대학별 권장과목(반영과목),https://www.adiga.kr/uct/ces/archiveView.do?menuId=PCUCTCES1000&prtlBbsId=26634,,수도권 / 서울 / 상위단위: 간호대학,간호대학
서울대,건설환경도시공학부,2028,2028 공식자료,공과대학,,"기하, 미적분Ⅱ, 과학",과학 교과의 진로선택 과목 중 3과목 이상,한국대학교육협의회·대입정보포털 어디가,2028학년도 권역별 대학별 권장과목(반영과목),https://www.adiga.kr/uct/ces/archiveView.do?menuId=PCUCTCES1000&prtlBbsId=26634,,수도권 / 서울 / 상위단위: 공과대학,건설환경도시공학부|건설환경도시공|공과대학
서울대,기계공학부,2028,2028 공식자료,공과대학,물리학,"기하, 미적분Ⅱ, 과학",과학 교과의 진로선택 과목 중 3과목 이상,한국대학교육협의회·대입정보포털 어디가,2028학년도 권역별 대학별 권장과목(반영과목),https://www.adiga.kr/uct/ces/archiveView.do?menuId=PCUCTCES1000&prtlBbsId=26634,,수도권 / 서울 / 상위단위: 공과대학,기계공학부|기계공|공과대학|기계공학|기계
서울대,재료공학부,2028,2028 공식자료,공과대학,,"기하, 미적분Ⅱ, 과학",과학 교과의 진로선택 과목 중 3과목 이상,한국대학교육협의회·대입정보포털 어디가,2028학년도 권역별 대학별 권장과목(반영과목),https://www.adiga.kr/uct/ces/archiveView.do?menuId=PCUCTCES1000&prtlBbsId=26634,,수도권 / 서울 / 상위단위: 공과대학,재료공학부|재료공|공과대학
서울대,전기·정보공학부,2028,2028 공식자료,공과대학,물리학,"기하, 미적분Ⅱ, 과학",과학 교과의 진로선택 과목 중 3과목 이상,한국대학교육협의회·대입정보포털 어디가,2028학년도 권역별 대학별 권장과목(반영과목),https://www.adiga.kr/uct/ces/archiveView.do?menuId=PCUCTCES1000&prtlBbsId=26634,,수도권 / 서울 / 상위단위: 공과대학,전기·정보공학부|전기·정보공|공과대학
서울대,컴퓨터공학부,2028,2028 공식자료,공과대학,,"기하, 미적분Ⅱ, 과학",과학 교과의 진로선택 과목 중 3과목 이상,한국대학교육협의회·대입정보포털 어디가,2028학년도 권역별 대학별 권장과목(반영과목),https://www.adiga.kr/uct/ces/archiveView.do?menuId=PCUCTCES1000&prtlBbsId=26634,,수도권 / 서울 / 상위단위: 공과대학,컴퓨터공학부|컴퓨터공|공과대학|컴퓨터공학|컴공|컴퓨터과학|컴퓨터
서울대,화학생물공학부,2028,2028 공식자료,공과대학,,"기하, 미적분Ⅱ, 과학",과학 교과의 진로선택 과목 중 3과목 이상,한국대학교육협의회·대입정보포털 어디가,2028학년도 권역별 대학별 권장과목(반영과목),https://www.adiga.kr/uct/ces/archiveView.do?menuId=PCUCTCES1000&prtlBbsId=26634,,수도권 / 서울 / 상위단위: 공과대학,화학생물공학부|화학생물공|공과대학
서울대,건축학과,2028,2028 공식자료,공과대학,,"기하, 미적분Ⅱ, 과학",과학 교과의 진로선택 과목 중 3과목 이상,한국대학교육협의회·대입정보포털 어디가,2028학년도 권역별 대학별 권장과목(반영과목),https://www.adiga.kr/uct/ces/archiveView.do?menuId=PCUCTCES1000&prtlBbsId=26634,,수도권 / 서울 / 상위단위: 공과대학,건축학과|건축학|공과대학
서울대,산업공학과,2028,2028 공식자료,공과대학,,"기하, 미적분Ⅱ, 과학",과학 교과의 진로선택 과목 중 3과목 이상,한국대학교육협의회·대입정보포털 어디가,2028학년도 권역별 대학별 권장과목(반영과목),https://www.adiga.kr/uct/ces/archiveView.do?menuId=PCUCTCES1000&prtlBbsId=26634,,수도권 / 서울 / 상위단위: 공과대학,산업공학과|산업공학|공과대학|산공
서울대,에너지자원공학과,2028,2028 공식자료,공과대학,,"기하, 미적분Ⅱ, 과학",과학 교과의 진로선택 과목 중 3과목 이상,한국대학교육협의회·대입정보포털 어디가,2028학년도 권역별 대학별 권장과목(반영과목),https://www.adiga.kr/uct/ces/archiveView.do?menuId=PCUCTCES1000&prtlBbsId=26634,,수도권 / 서울 / 상위단위: 공과대학,에너지자원공학과|에너지자원공학|공과대학
서울대,원자핵공학과,2028,2028 공식자료,공과대학,물리학,"기하, 미적분Ⅱ, 과학",과학 교과의 진로선택 과목 중 3과목 이상,한국대학교육협의회·대입정보포털 어디가,2028학년도 권역별 대학별 권장과목(반영과목),https://www.adiga.kr/uct/ces/archiveView.do?menuId=PCUCTCES1000&prtlBbsId=26634,,수도권 / 서울 / 상위단위: 공과대학,원자핵공학과|원자핵공학|공과대학
서울대,조선해양공학과,2028,2028 공식자료,공과대학,물리학,"기하, 미적분Ⅱ, 과학",과학 교과의 진로선택 과목 중 3과목 이상,한국대학교육협의회·대입정보포털 어디가,2028학년도 권역별 대학별 권장과목(반영과목),https://www.adiga.kr/uct/ces/archiveView.do?menuId=PCUCTCES1000&prtlBbsId=26634,,수도권 / 서울 / 상위단위: 공과대학,조선해양공학과|조선해양공학|공과대학
서울대,항공우주공학과,2028,2028 공식자료,공과대학,물리학,"기하, 미적분Ⅱ, 과학",과학 교과의 진로선택 과목 중 3과목 이상,한국대학교육협의회·대입정보포털 어디가,2028학년도 권역별 대학별 권장과목(반영과목),https://www.adiga.kr/uct/ces/archiveView.do?menuId=PCUCTCES1000&prtlBbsId=26634,,수도권 / 서울 / 상위단위: 공과대학,항공우주공학과|항공우주공학|공과대학
서울대,식물생산과학부,2028,2028 공식자료,농업생명과학대학,,"기하, 미적분Ⅱ, 과학",과학 교과의 진로선택 과목 중 3과목 이상,한국대학교육협의회·대입정보포털 어디가,2028학년도 권역별 대학별 권장과목(반영과목),https://www.adiga.kr/uct/ces/archiveView.do?menuId=PCUCTCES1000&prtlBbsId=26634,,수도권 / 서울 / 상위단위: 농업생명과학대학,식물생산과학부|식물생산과|농업생명과학대학
서울대,산림과학부,2028,2028 공식자료,농업생명과학대학,,"기하, 미적분Ⅱ, 과학",과학 교과의 진로선택 과목 중 3과목 이상,한국대학교육협의회·대입정보포털 어디가,2028학년도 권역별 대학별 권장과목(반영과목),https://www.adiga.kr/uct/ces/archiveView.do?menuId=PCUCTCES1000&prtlBbsId=26634,,수도권 / 서울 / 상위단위: 농업생명과학대학,산림과학부|산림과|농업생명과학대학
서울대,식품·동물생명공학부,2028,2028 공식자료,농업생명과학대학,,"기하, 미적분Ⅱ, 과학",과학 교과의 진로선택 과목 중 3과목 이상,한국대학교육협의회·대입정보포털 어디가,2028학년도 권역별 대학별 권장과목(반영과목),https://www.adiga.kr/uct/ces/archiveView.do?menuId=PCUCTCES1000&prtlBbsId=26634,,수도권 / 서울 / 상위단위: 농업생명과학대학,식품·동물생명공학부|식품·동물생명공|농업생명과학대학|생명공학|바이오공학|바이오
서울대,응용생물화학부,2028,2028 공식자료,농업생명과학대학,,"기하, 미적분Ⅱ, 과학",과학 교과의 진로선택 과목 중 3과목 이상,한국대학교육협의회·대입정보포털 어디가,2028학년도 권역별 대학별 권장과목(반영과목),https://www.adiga.kr/uct/ces/archiveView.do?menuId=PCUCTCES1000&prtlBbsId=26634,,수도권 / 서울 / 상위단위: 농업생명과학대학,응용생물화학부|응용생물화|농업생명과학대학
서울대,조경·지역시스템공학부,2028,2028 공식자료,농업생명과학대학,,"기하, 미적분Ⅱ, 과학",과학 교과의 진로선택 과목 중 3과목 이상,한국대학교육협의회·대입정보포털 어디가,2028학년도 권역별 대학별 권장과목(반영과목),https://www.adiga.kr/uct/ces/archiveView.do?menuId=PCUCTCES1000&prtlBbsId=26634,,수도권 / 서울 / 상위단위: 농업생명과학대학,조경·지역시스템공학부|조경·지역시스템공|농업생명과학대학
서울대,바이오시스템·소재학부,2028,2028 공식자료,농업생명과학대학,,"기하, 미적분Ⅱ, 과학",과학 교과의 진로선택 과목 중 3과목 이상,한국대학교육협의회·대입정보포털 어디가,2028학년도 권역별 대학별 권장과목(반영과목),https://www.adiga.kr/uct/ces/archiveView.do?menuId=PCUCTCES1000&prtlBbsId=26634,,수도권 / 서울 / 상위단위: 농업생명과학대학,바이오시스템·소재학부|바이오시스템·소재|농업생명과학대학
서울대,스마트시스템과학과,2028,2028 공식자료,농업생명과학대학,,"기하, 미적분Ⅱ, 과학",과학 교과의 진로선택 과목 중 3과목 이상,한국대학교육협의회·대입정보포털 어디가,2028학년도 권역별 대학별 권장과목(반영과목),https://www.adiga.kr/uct/ces/archiveView.do?menuId=PCUCTCES1000&prtlBbsId=26634,,수도권 / 서울 / 상위단위: 농업생명과학대학,스마트시스템과학과|스마트시스템과학|농업생명과학대학
서울대,수학교육과,2028,2028 공식자료,사범대학,,"기하, 미적분Ⅱ, 과학",과학 교과의 진로선택 과목 중 3과목 이상,한국대학교육협의회·대입정보포털 어디가,2028학년도 권역별 대학별 권장과목(반영과목),https://www.adiga.kr/uct/ces/archiveView.do?menuId=PCUCTCES1000&prtlBbsId=26634,,수도권 / 서울 / 상위단위: 사범대학,수학교육과|사범대학
서울대,물리교육과,2028,2028 공식자료,사범대학,물리학,"기하, 미적분Ⅱ, 과학",과학 교과의 진로선택 과목 중 3과목 이상,한국대학교육협의회·대입정보포털 어디가,2028학년도 권역별 대학별 권장과목(반영과목),https://www.adiga.kr/uct/ces/archiveView.do?menuId=PCUCTCES1000&prtlBbsId=26634,,수도권 / 서울 / 상위단위: 사범대학,물리교육과|사범대학
서울대,화학교육과,2028,2028 공식자료,사범대학,화학,"기하, 미적분Ⅱ, 과학",과학 교과의 진로선택 과목 중 3과목 이상,한국대학교육협의회·대입정보포털 어디가,2028학년도 권역별 대학별 권장과목(반영과목),https://www.adiga.kr/uct/ces/archiveView.do?menuId=PCUCTCES1000&prtlBbsId=26634,,수도권 / 서울 / 상위단위: 사범대학,화학교육과|사범대학
서울대,생물교육과,2028,2028 공식자료,사범대학,생명과학,"기하, 미적분Ⅱ, 과학",과학 교과의 진로선택 과목 중 3과목 이상,한국대학교육협의회·대입정보포털 어디가,2028학년도 권역별 대학별 권장과목(반영과목),https://www.adiga.kr/uct/ces/archiveView.do?menuId=PCUCTCES1000&prtlBbsId=26634,,수도권 / 서울 / 상위단위: 사범대학,생물교육과|사범대학
서울대,지구과학교육과,2028,2028 공식자료,사범대학,지구과학,"기하, 미적분Ⅱ, 과학",과학 교과의 진로선택 과목 중 3과목 이상,한국대학교육협의회·대입정보포털 어디가,2028학년도 권역별 대학별 권장과목(반영과목),https://www.adiga.kr/uct/ces/archiveView.do?menuId=PCUCTCES1000&prtlBbsId=26634,,수도권 / 서울 / 상위단위: 사범대학,지구과학교육과|사범대학
서울대,식품영양학과,2028,2028 공식자료,생활과학대학,,"기하, 미적분Ⅱ, 과학",과학 교과의 진로선택 과목 중 3과목 이상,한국대학교육협의회·대입정보포털 어디가,2028학년도 권역별 대학별 권장과목(반영과목),https://www.adiga.kr/uct/ces/archiveView.do?menuId=PCUCTCES1000&prtlBbsId=26634,,수도권 / 서울 / 상위단위: 생활과학대학,식품영양학과|식품영양학|생활과학대학
서울대,의류학과,2028,2028 공식자료,생활과학대학,,"기하, 미적분Ⅱ, 과학",과학 교과의 진로선택 과목 중 3과목 이상,한국대학교육협의회·대입정보포털 어디가,2028학년도 권역별 대학별 권장과목(반영과목),https://www.adiga.kr/uct/ces/archiveView.do?menuId=PCUCTCES1000&prtlBbsId=26634,,수도권 / 서울 / 상위단위: 생활과학대학,의류학과|의류학|생활과학대학
서울대,수의예과,2028,2028 공식자료,수의과대학,,"기하, 미적분Ⅱ, 과학",과학 교과의 진로선택 과목 중 3과목 이상,한국대학교육협의회·대입정보포털 어디가,2028학년도 권역별 대학별 권장과목(반영과목),https://www.adiga.kr/uct/ces/archiveView.do?menuId=PCUCTCES1000&prtlBbsId=26634,,수도권 / 서울 / 상위단위: 수의과대학,수의예과|수의과대학|의대|의학|의예
서울대,의예과,2028,2028 공식자료,의과대학,생명과학,"기하, 미적분Ⅱ, 과학","과학 교과의 진로선택 과목 중 세포와 물질대사, 생물의 유전을 포함하여 3과목 이상",한국대학교육협의회·대입정보포털 어디가,2028학년도 권역별 대학별 권장과목(반영과목),https://www.adiga.kr/uct/ces/archiveView.do?menuId=PCUCTCES1000&prtlBbsId=26634,,수도권 / 서울 / 상위단위: 의과대학,의예과|의과대학|의대|의학|의예
서울대,첨단융합학부,2028,2028 공식자료,첨단융합학부,,"기하, 미적분Ⅱ, 과학",과학 교과의 진로선택 과목 중 3과목 이상,한국대학교육협의회·대입정보포털 어디가,2028학년도 권역별 대학별 권장과목(반영과목),https://www.adiga.kr/uct/ces/archiveView.do?menuId=PCUCTCES1000&prtlBbsId=26634,,수도권 / 서울 / 상위단위: 첨단융합학부,첨단융합학부|첨단융합
서울대,치의학과,2028,2028 공식자료,치의학대학원,,"기하 또는 미적분Ⅱ, 과학",과학 교과의 진로선택 과목 중 3과목 이상,한국대학교육협의회·대입정보포털 어디가,2028학년도 권역별 대학별 권장과목(반영과목),https://www.adiga.kr/uct/ces/archiveView.do?menuId=PCUCTCES1000&prtlBbsId=26634,,수도권 / 서울 / 상위단위: 치의학대학원,치의학과|치의학|치의학대학원
서울대,약학과,2028,2028 공식자료,약학대학,화학 또는 생명과학,"기하, 미적분Ⅱ, 과학",과학 교과의 진로선택 과목 중 3과목 이상,한국대학교육협의회·대입정보포털 어디가,2028학년도 권역별 대학별 권장과목(반영과목),https://www.adiga.kr/uct/ces/archiveView.do?menuId=PCUCTCES1000&prtlBbsId=26634,,수도권 / 서울 / 상위단위: 약학대학,약학과|약학|약학대학|약대
서울시립대,행정학과,2028,2028 공식자료,,"국어, 영어, 수학, 사회",,,한국대학교육협의회·대입정보포털 어디가,2028학년도 권역별 대학별 권장과목(반영과목),https://www.adiga.kr/uct/ces/archiveView.do?menuId=PCUCTCES1000&prtlBbsId=26634,,수도권 / 서울,행정학과|행정학
서울시립대,국제관계학과,2028,2028 공식자료,,"국어, 영어, 사회",,,한국대학교육협의회·대입정보포털 어디가,2028학년도 권역별 대학별 권장과목(반영과목),https://www.adiga.kr/uct/ces/archiveView.do?menuId=PCUCTCES1000&prtlBbsId=26634,,수도권 / 서울,국제관계학과|국제관계학
서울시립대,경제학부,2028,2028 공식자료,,수학,"영어, 사회",,한국대학교육협의회·대입정보포털 어디가,2028학년도 권역별 대학별 권장과목(반영과목),https://www.adiga.kr/uct/ces/archiveView.do?menuId=PCUCTCES1000&prtlBbsId=26634,,수도권 / 서울,경제학부|경제|경제학
서울시립대,사회복지학과,2028,2028 공식자료,,"국어, 영어, 수학, 사회",,,한국대학교육협의회·대입정보포털 어디가,2028학년도 권역별 대학별 권장과목(반영과목),https://www.adiga.kr/uct/ces/archiveView.do?menuId=PCUCTCES1000&prtlBbsId=26634,,수도권 / 서울,사회복지학과|사회복지학
서울시립대,세무학과,2028,2028 공식자료,,"국어, 영어, 수학, 사회",,,한국대학교육협의회·대입정보포털 어디가,2028학년도 권역별 대학별 권장과목(반영과목),https://www.adiga.kr/uct/ces/archiveView.do?menuId=PCUCTCES1000&prtlBbsId=26634,,수도권 / 서울,세무학과|세무학
서울시립대,경영학부,2028,2028 공식자료,,"수학, 영어",,,한국대학교육협의회·대입정보포털 어디가,2028학년도 권역별 대학별 권장과목(반영과목),https://www.adiga.kr/uct/ces/archiveView.do?menuId=PCUCTCES1000&prtlBbsId=26634,,수도권 / 서울,경영학부|경영|경영학
서울시립대,영어영문학과,2028,2028 공식자료,,영어,"국어, 수학, 사회",,한국대학교육협의회·대입정보포털 어디가,2028학년도 권역별 대학별 권장과목(반영과목),https://www.adiga.kr/uct/ces/archiveView.do?menuId=PCUCTCES1000&prtlBbsId=26634,,수도권 / 서울,영어영문학과|영어영문학
서울시립대,국어국문학과,2028,2028 공식자료,,국어,"영어, 사회",,한국대학교육협의회·대입정보포털 어디가,2028학년도 권역별 대학별 권장과목(반영과목),https://www.adiga.kr/uct/ces/archiveView.do?menuId=PCUCTCES1000&prtlBbsId=26634,,수도권 / 서울,국어국문학과|국어국문학
서울시립대,국사학과,2028,2028 공식자료,,역사,"국어, 사회",,한국대학교육협의회·대입정보포털 어디가,2028학년도 권역별 대학별 권장과목(반영과목),https://www.adiga.kr/uct/ces/archiveView.do?menuId=PCUCTCES1000&prtlBbsId=26634,,수도권 / 서울,국사학과|국사학
서울시립대,철학과,2028,2028 공식자료,,"국어, 영어, 수학, 사회",,,한국대학교육협의회·대입정보포털 어디가,2028학년도 권역별 대학별 권장과목(반영과목),https://www.adiga.kr/uct/ces/archiveView.do?menuId=PCUCTCES1000&prtlBbsId=26634,,수도권 / 서울,철학과|철학
서울시립대,중국어문화학과,2028,2028 공식자료,,"국어, 영어, 사회",,,한국대학교육협의회·대입정보포털 어디가,2028학년도 권역별 대학별 권장과목(반영과목),https://www.adiga.kr/uct/ces/archiveView.do?menuId=PCUCTCES1000&prtlBbsId=26634,,수도권 / 서울,중국어문화학과|중국어문화학
서울시립대,도시행정학과,2028,2028 공식자료,,"국어, 영어, 수학, 사회",,,한국대학교육협의회·대입정보포털 어디가,2028학년도 권역별 대학별 권장과목(반영과목),https://www.adiga.kr/uct/ces/archiveView.do?menuId=PCUCTCES1000&prtlBbsId=26634,,수도권 / 서울,도시행정학과|도시행정학
서울시립대,도시사회학과,2028,2028 공식자료,,,,,한국대학교육협의회·대입정보포털 어디가,2028학년도 권역별 대학별 권장과목(반영과목),https://www.adiga.kr/uct/ces/archiveView.do?menuId=PCUCTCES1000&prtlBbsId=26634,,수도권 / 서울,도시사회학과|도시사회학
서울시립대,전자전기컴퓨터공학부,2028,2028 공식자료,,"수학(특히 미적분), 물리",,,한국대학교육협의회·대입정보포털 어디가,2028학년도 권역별 대학별 권장과목(반영과목),https://www.adiga.kr/uct/ces/archiveView.do?menuId=PCUCTCES1000&prtlBbsId=26634,,수도권 / 서울,전자전기컴퓨터공학부|전자전기컴퓨터공|컴퓨터공학|컴공|컴퓨터과학|컴퓨터
서울시립대,화학공학과,2028,2028 공식자료,,"수학(특히 미적분), 물리, 화학",,,한국대학교육협의회·대입정보포털 어디가,2028학년도 권역별 대학별 권장과목(반영과목),https://www.adiga.kr/uct/ces/archiveView.do?menuId=PCUCTCES1000&prtlBbsId=26634,,수도권 / 서울,화학공학과|화학공학
서울시립대,신소재공학과,2028,2028 공식자료,,,,,한국대학교육협의회·대입정보포털 어디가,2028학년도 권역별 대학별 권장과목(반영과목),https://www.adiga.kr/uct/ces/archiveView.do?menuId=PCUCTCES1000&prtlBbsId=26634,,수도권 / 서울,신소재공학과|신소재공학|신소재|재료공학
서울시립대,기계정보공학과,2028,2028 공식자료,,미적분,"기하, 확률과 통계, 물리",,한국대학교육협의회·대입정보포털 어디가,2028학년도 권역별 대학별 권장과목(반영과목),https://www.adiga.kr/uct/ces/archiveView.do?menuId=PCUCTCES1000&prtlBbsId=26634,,수도권 / 서울,기계정보공학과|기계정보공학
서울시립대,토목공학과,2028,2028 공식자료,,"수학(특히 미적분), 물리",,,한국대학교육협의회·대입정보포털 어디가,2028학년도 권역별 대학별 권장과목(반영과목),https://www.adiga.kr/uct/ces/archiveView.do?menuId=PCUCTCES1000&prtlBbsId=26634,,수도권 / 서울,토목공학과|토목공학
서울시립대,컴퓨터과학부,2028,2028 공식자료,,수학(특히 미적분),과학,,한국대학교육협의회·대입정보포털 어디가,2028학년도 권역별 대학별 권장과목(반영과목),https://www.adiga.kr/uct/ces/archiveView.do?menuId=PCUCTCES1000&prtlBbsId=26634,,수도권 / 서울,컴퓨터과학부|컴퓨터과
서울시립대,인공지능학과,2028,2028 공식자료,,,물리,,한국대학교육협의회·대입정보포털 어디가,2028학년도 권역별 대학별 권장과목(반영과목),https://www.adiga.kr/uct/ces/archiveView.do?menuId=PCUCTCES1000&prtlBbsId=26634,,수도권 / 서울,인공지능학과|인공지능학
서울시립대,통계학과,2028,2028 공식자료,,수학,,,한국대학교육협의회·대입정보포털 어디가,2028학년도 권역별 대학별 권장과목(반영과목),https://www.adiga.kr/uct/ces/archiveView.do?menuId=PCUCTCES1000&prtlBbsId=26634,,수도권 / 서울,통계학과|통계학
서울시립대,물리학과,2028,2028 공식자료,,"수학(미적분, 기하), 물리",,,한국대학교육협의회·대입정보포털 어디가,2028학년도 권역별 대학별 권장과목(반영과목),https://www.adiga.kr/uct/ces/archiveView.do?menuId=PCUCTCES1000&prtlBbsId=26634,,수도권 / 서울,물리학과|물리학
서울시립대,생명과학과,2028,2028 공식자료,,생명과학,화학,,한국대학교육협의회·대입정보포털 어디가,2028학년도 권역별 대학별 권장과목(반영과목),https://www.adiga.kr/uct/ces/archiveView.do?menuId=PCUCTCES1000&prtlBbsId=26634,,수도권 / 서울,생명과학과|생명과학
서울시립대,환경원예학과,2028,2028 공식자료,,"과학(특히 생명과학, 화학)",,,한국대학교육협의회·대입정보포털 어디가,2028학년도 권역별 대학별 권장과목(반영과목),https://www.adiga.kr/uct/ces/archiveView.do?menuId=PCUCTCES1000&prtlBbsId=26634,,수도권 / 서울,환경원예학과|환경원예학
서울시립대,융합응용화학과,2028,2028 공식자료,,화학,수학(특히 미적분),,한국대학교육협의회·대입정보포털 어디가,2028학년도 권역별 대학별 권장과목(반영과목),https://www.adiga.kr/uct/ces/archiveView.do?menuId=PCUCTCES1000&prtlBbsId=26634,,수도권 / 서울,융합응용화학과|융합응용화학
서울시립대,건축학부 건축공학전공,2028,2028 공식자료,,"수학(특히 미적분, 기하), 물리, 영어",,,한국대학교육협의회·대입정보포털 어디가,2028학년도 권역별 대학별 권장과목(반영과목),https://www.adiga.kr/uct/ces/archiveView.do?menuId=PCUCTCES1000&prtlBbsId=26634,,수도권 / 서울,건축학부 건축공학전공|건축학부 건축공학
서울시립대,건축학부 건축학전공,2028,2028 공식자료,,"국어, 영어, 수학(기하), 과학(지구과학, 물리, 화학)",,,한국대학교육협의회·대입정보포털 어디가,2028학년도 권역별 대학별 권장과목(반영과목),https://www.adiga.kr/uct/ces/archiveView.do?menuId=PCUCTCES1000&prtlBbsId=26634,,수도권 / 서울,건축학부 건축학전공|건축학부 건축학
서울시립대,도시공학과,2028,2028 공식자료,,"국어, 영어, 수학",,,한국대학교육협의회·대입정보포털 어디가,2028학년도 권역별 대학별 권장과목(반영과목),https://www.adiga.kr/uct/ces/archiveView.do?menuId=PCUCTCES1000&prtlBbsId=26634,,수도권 / 서울,도시공학과|도시공학
서울시립대,교통공학과,2028,2028 공식자료,,"수학, 물리",,,한국대학교육협의회·대입정보포털 어디가,2028학년도 권역별 대학별 권장과목(반영과목),https://www.adiga.kr/uct/ces/archiveView.do?menuId=PCUCTCES1000&prtlBbsId=26634,,수도권 / 서울,교통공학과|교통공학
서울시립대,조경학과,2028,2028 공식자료,,"국어, 영어, 수학, 과학, 사회",,,한국대학교육협의회·대입정보포털 어디가,2028학년도 권역별 대학별 권장과목(반영과목),https://www.adiga.kr/uct/ces/archiveView.do?menuId=PCUCTCES1000&prtlBbsId=26634,,수도권 / 서울,조경학과|조경학
서울시립대,환경공학부,2028,2028 공식자료,,수학,"화학, 물리",,한국대학교육협의회·대입정보포털 어디가,2028학년도 권역별 대학별 권장과목(반영과목),https://www.adiga.kr/uct/ces/archiveView.do?menuId=PCUCTCES1000&prtlBbsId=26634,,수도권 / 서울,환경공학부|환경공
서울시립대,공간정보공학과,2028,2028 공식자료,,"수학(특히 미적분), 과학(지구과학, 물리학)",,,한국대학교육협의회·대입정보포털 어디가,2028학년도 권역별 대학별 권장과목(반영과목),https://www.adiga.kr/uct/ces/archiveView.do?menuId=PCUCTCES1000&prtlBbsId=26634,,수도권 / 서울,공간정보공학과|공간정보공학
서울시립대,자유전공학부(인문),2028,2028 공식자료,,"국어, 영어, 사회",,,한국대학교육협의회·대입정보포털 어디가,2028학년도 권역별 대학별 권장과목(반영과목),https://www.adiga.kr/uct/ces/archiveView.do?menuId=PCUCTCES1000&prtlBbsId=26634,,수도권 / 서울,자유전공학부(인문)
서울시립대,자유전공학부(자연),2028,2028 공식자료,,"수학, 과학","국어, 영어",,한국대학교육협의회·대입정보포털 어디가,2028학년도 권역별 대학별 권장과목(반영과목),https://www.adiga.kr/uct/ces/archiveView.do?menuId=PCUCTCES1000&prtlBbsId=26634,,수도권 / 서울,자유전공학부(자연)
서울시립대,첨단융합학부 융합바이오헬스전공,2028,2028 공식자료,,"수학(특히 미적분), 화학, 생명과학",,,한국대학교육협의회·대입정보포털 어디가,2028학년도 권역별 대학별 권장과목(반영과목),https://www.adiga.kr/uct/ces/archiveView.do?menuId=PCUCTCES1000&prtlBbsId=26634,,수도권 / 서울,첨단융합학부 융합바이오헬스전공|첨단융합학부 융합바이오헬스
서울시립대,첨단융합학부 첨단인공지능전공,2028,2028 공식자료,,수학,,,한국대학교육협의회·대입정보포털 어디가,2028학년도 권역별 대학별 권장과목(반영과목),https://www.adiga.kr/uct/ces/archiveView.do?menuId=PCUCTCES1000&prtlBbsId=26634,,수도권 / 서울,첨단융합학부 첨단인공지능전공|첨단융합학부 첨단인공지능
서울시립대,첨단융합학부 지능형반도체전공,2028,2028 공식자료,,"수학, 물리, 화학",,,한국대학교육협의회·대입정보포털 어디가,2028학년도 권역별 대학별 권장과목(반영과목),https://www.adiga.kr/uct/ces/archiveView.do?menuId=PCUCTCES1000&prtlBbsId=26634,,수도권 / 서울,첨단융합학부 지능형반도체전공|첨단융합학부 지능형반도체
숭실대,기독교학과,2028,2028 공식자료,인문대학,"국어, 영어, 사회 교과 영역 이수 권장",,,한국대학교육협의회·대입정보포털 어디가,2028학년도 권역별 대학별 권장과목(반영과목),https://www.adiga.kr/uct/ces/archiveView.do?menuId=PCUCTCES1000&prtlBbsId=26634,,수도권 / 서울 / 상위단위: 인문대학,기독교학과|기독교학|인문대학
숭실대,국어국문학과,2028,2028 공식자료,인문대학,"국어, 영어, 사회 교과 영역 이수 권장",,,한국대학교육협의회·대입정보포털 어디가,2028학년도 권역별 대학별 권장과목(반영과목),https://www.adiga.kr/uct/ces/archiveView.do?menuId=PCUCTCES1000&prtlBbsId=26634,,수도권 / 서울 / 상위단위: 인문대학,국어국문학과|국어국문학|인문대학
숭실대,영어영문학과,2028,2028 공식자료,인문대학,"국어, 영어, 사회 교과 영역 이수 권장",,,한국대학교육협의회·대입정보포털 어디가,2028학년도 권역별 대학별 권장과목(반영과목),https://www.adiga.kr/uct/ces/archiveView.do?menuId=PCUCTCES1000&prtlBbsId=26634,,수도권 / 서울 / 상위단위: 인문대학,영어영문학과|영어영문학|인문대학
숭실대,독어독문학과,2028,2028 공식자료,인문대학,"국어, 영어, 사회 교과 영역 이수 권장",,,한국대학교육협의회·대입정보포털 어디가,2028학년도 권역별 대학별 권장과목(반영과목),https://www.adiga.kr/uct/ces/archiveView.do?menuId=PCUCTCES1000&prtlBbsId=26634,,수도권 / 서울 / 상위단위: 인문대학,독어독문학과|독어독문학|인문대학
숭실대,불어불문학과,2028,2028 공식자료,인문대학,"국어, 영어, 사회 교과 영역 이수 권장",,,한국대학교육협의회·대입정보포털 어디가,2028학년도 권역별 대학별 권장과목(반영과목),https://www.adiga.kr/uct/ces/archiveView.do?menuId=PCUCTCES1000&prtlBbsId=26634,,수도권 / 서울 / 상위단위: 인문대학,불어불문학과|불어불문학|인문대학
숭실대,중어중문학과,2028,2028 공식자료,인문대학,"국어, 영어, 사회 교과 영역 이수 권장",,,한국대학교육협의회·대입정보포털 어디가,2028학년도 권역별 대학별 권장과목(반영과목),https://www.adiga.kr/uct/ces/archiveView.do?menuId=PCUCTCES1000&prtlBbsId=26634,,수도권 / 서울 / 상위단위: 인문대학,중어중문학과|중어중문학|인문대학
숭실대,일어일문학과,2028,2028 공식자료,인문대학,"국어, 영어, 사회 교과 영역 이수 권장",,,한국대학교육협의회·대입정보포털 어디가,2028학년도 권역별 대학별 권장과목(반영과목),https://www.adiga.kr/uct/ces/archiveView.do?menuId=PCUCTCES1000&prtlBbsId=26634,,수도권 / 서울 / 상위단위: 인문대학,일어일문학과|일어일문학|인문대학
숭실대,철학과,2028,2028 공식자료,인문대학,"국어, 영어, 사회 교과 영역 이수 권장",,,한국대학교육협의회·대입정보포털 어디가,2028학년도 권역별 대학별 권장과목(반영과목),https://www.adiga.kr/uct/ces/archiveView.do?menuId=PCUCTCES1000&prtlBbsId=26634,,수도권 / 서울 / 상위단위: 인문대학,철학과|철학|인문대학
숭실대,사학과,2028,2028 공식자료,인문대학,"국어, 영어, 사회 교과 영역 이수 권장",,,한국대학교육협의회·대입정보포털 어디가,2028학년도 권역별 대학별 권장과목(반영과목),https://www.adiga.kr/uct/ces/archiveView.do?menuId=PCUCTCES1000&prtlBbsId=26634,,수도권 / 서울 / 상위단위: 인문대학,사학과|사학|인문대학
숭실대,법학과,2028,2028 공식자료,법과대학,"국어, 영어, 사회 교과 영역 이수 권장",,,한국대학교육협의회·대입정보포털 어디가,2028학년도 권역별 대학별 권장과목(반영과목),https://www.adiga.kr/uct/ces/archiveView.do?menuId=PCUCTCES1000&prtlBbsId=26634,,수도권 / 서울 / 상위단위: 법과대학,법학과|법학|법과대학
숭실대,국제법무학과,2028,2028 공식자료,법과대학,"국어, 영어, 사회 교과 영역 이수 권장",,,한국대학교육협의회·대입정보포털 어디가,2028학년도 권역별 대학별 권장과목(반영과목),https://www.adiga.kr/uct/ces/archiveView.do?menuId=PCUCTCES1000&prtlBbsId=26634,,수도권 / 서울 / 상위단위: 법과대학,국제법무학과|국제법무학|법과대학
숭실대,사회복지학부,2028,2028 공식자료,사회과학대학,"국어, 수학, 사회 교과 영역 이수 권장",,"수학: 대수, 미적분Ⅰ, 확률과 통계 이수 권장",한국대학교육협의회·대입정보포털 어디가,2028학년도 권역별 대학별 권장과목(반영과목),https://www.adiga.kr/uct/ces/archiveView.do?menuId=PCUCTCES1000&prtlBbsId=26634,,수도권 / 서울 / 상위단위: 사회과학대학,사회복지학부|사회복지|사회과학대학
숭실대,행정학부,2028,2028 공식자료,사회과학대학,"국어, 수학, 사회 교과 영역 이수 권장",,"수학: 대수, 미적분Ⅰ, 확률과 통계 이수 권장",한국대학교육협의회·대입정보포털 어디가,2028학년도 권역별 대학별 권장과목(반영과목),https://www.adiga.kr/uct/ces/archiveView.do?menuId=PCUCTCES1000&prtlBbsId=26634,,수도권 / 서울 / 상위단위: 사회과학대학,행정학부|행정|사회과학대학
숭실대,정치외교학과,2028,2028 공식자료,사회과학대학,"국어, 수학, 사회 교과 영역 이수 권장",,"수학: 대수, 미적분Ⅰ, 확률과 통계 이수 권장",한국대학교육협의회·대입정보포털 어디가,2028학년도 권역별 대학별 권장과목(반영과목),https://www.adiga.kr/uct/ces/archiveView.do?menuId=PCUCTCES1000&prtlBbsId=26634,,수도권 / 서울 / 상위단위: 사회과학대학,정치외교학과|정치외교학|사회과학대학
숭실대,정보사회학과,2028,2028 공식자료,사회과학대학,"국어, 수학, 사회 교과 영역 이수 권장",,"수학: 대수, 미적분Ⅰ, 확률과 통계 이수 권장",한국대학교육협의회·대입정보포털 어디가,2028학년도 권역별 대학별 권장과목(반영과목),https://www.adiga.kr/uct/ces/archiveView.do?menuId=PCUCTCES1000&prtlBbsId=26634,,수도권 / 서울 / 상위단위: 사회과학대학,정보사회학과|정보사회학|사회과학대학
숭실대,언론홍보학과,2028,2028 공식자료,사회과학대학,"국어, 수학, 사회 교과 영역 이수 권장",,"수학: 대수, 미적분Ⅰ, 확률과 통계 이수 권장",한국대학교육협의회·대입정보포털 어디가,2028학년도 권역별 대학별 권장과목(반영과목),https://www.adiga.kr/uct/ces/archiveView.do?menuId=PCUCTCES1000&prtlBbsId=26634,,수도권 / 서울 / 상위단위: 사회과학대학,언론홍보학과|언론홍보학|사회과학대학
숭실대,평생교육학과,2028,2028 공식자료,사회과학대학,"국어, 수학, 사회 교과 영역 이수 권장",,"수학: 대수, 미적분Ⅰ, 확률과 통계 이수 권장",한국대학교육협의회·대입정보포털 어디가,2028학년도 권역별 대학별 권장과목(반영과목),https://www.adiga.kr/uct/ces/archiveView.do?menuId=PCUCTCES1000&prtlBbsId=26634,,수도권 / 서울 / 상위단위: 사회과학대학,평생교육학과|평생교육학|사회과학대학
숭실대,경제학과,2028,2028 공식자료,경제통상대학,"국어, 수학, 사회 교과 영역 이수 권장",,"수학: 대수, 미적분Ⅰ, 확률과 통계 이수 권장",한국대학교육협의회·대입정보포털 어디가,2028학년도 권역별 대학별 권장과목(반영과목),https://www.adiga.kr/uct/ces/archiveView.do?menuId=PCUCTCES1000&prtlBbsId=26634,,수도권 / 서울 / 상위단위: 경제통상대학,경제학과|경제학|경제통상대학|경제
숭실대,글로벌통상학과,2028,2028 공식자료,경제통상대학,"국어, 수학, 사회 교과 영역 이수 권장",,"수학: 대수, 미적분Ⅰ, 확률과 통계 이수 권장",한국대학교육협의회·대입정보포털 어디가,2028학년도 권역별 대학별 권장과목(반영과목),https://www.adiga.kr/uct/ces/archiveView.do?menuId=PCUCTCES1000&prtlBbsId=26634,,수도권 / 서울 / 상위단위: 경제통상대학,글로벌통상학과|글로벌통상학|경제통상대학
숭실대,경영학부,2028,2028 공식자료,경영대학,"국어, 수학, 사회 교과 영역 이수 권장",,"수학: 대수, 미적분Ⅰ, 확률과 통계 이수 권장",한국대학교육협의회·대입정보포털 어디가,2028학년도 권역별 대학별 권장과목(반영과목),https://www.adiga.kr/uct/ces/archiveView.do?menuId=PCUCTCES1000&prtlBbsId=26634,,수도권 / 서울 / 상위단위: 경영대학,경영학부|경영|경영대학|경영학
숭실대,회계학과,2028,2028 공식자료,경영대학,"국어, 수학, 사회 교과 영역 이수 권장",,"수학: 대수, 미적분Ⅰ, 확률과 통계 이수 권장",한국대학교육협의회·대입정보포털 어디가,2028학년도 권역별 대학별 권장과목(반영과목),https://www.adiga.kr/uct/ces/archiveView.do?menuId=PCUCTCES1000&prtlBbsId=26634,,수도권 / 서울 / 상위단위: 경영대학,회계학과|회계학|경영대학
숭실대,벤처중고기업학과,2028,2028 공식자료,경영대학,"국어, 수학, 사회 교과 영역 이수 권장",,"수학: 대수, 미적분Ⅰ, 확률과 통계 이수 권장",한국대학교육협의회·대입정보포털 어디가,2028학년도 권역별 대학별 권장과목(반영과목),https://www.adiga.kr/uct/ces/archiveView.do?menuId=PCUCTCES1000&prtlBbsId=26634,,수도권 / 서울 / 상위단위: 경영대학,벤처중고기업학과|벤처중고기업학|경영대학
숭실대,금융학부,2028,2028 공식자료,경영대학,"국어, 수학, 사회 교과 영역 이수 권장",,"수학: 대수, 미적분Ⅰ, 확률과 통계 이수 권장",한국대학교육협의회·대입정보포털 어디가,2028학년도 권역별 대학별 권장과목(반영과목),https://www.adiga.kr/uct/ces/archiveView.do?menuId=PCUCTCES1000&prtlBbsId=26634,,수도권 / 서울 / 상위단위: 경영대학,금융학부|금융|경영대학
숭실대,수학과,2028,2028 공식자료,자연과학대학,"수학, 과학 교과 영역 이수 권장",,"-수학: 기하, 미적분Ⅱ 중 이수 권장 -‘과학’으로 포괄적으로 제시된 경우 진로와 관심에 따라 교과목을 선택할 것을 권장하며, 권장 영역 외 과학 과목 이수도 의미 있게 평가에 반영함",한국대학교육협의회·대입정보포털 어디가,2028학년도 권역별 대학별 권장과목(반영과목),https://www.adiga.kr/uct/ces/archiveView.do?menuId=PCUCTCES1000&prtlBbsId=26634,,수도권 / 서울 / 상위단위: 자연과학대학,수학과|수학|자연과학대학
숭실대,정보통계·보험수리학과,2028,2028 공식자료,자연과학대학,"수학, 과학 교과 영역 이수 권장",,"-수학: 기하, 미적분Ⅱ 중 이수 권장 -‘과학’으로 포괄적으로 제시된 경우 진로와 관심에 따라 교과목을 선택할 것을 권장하며, 권장 영역 외 과학 과목 이수도 의미 있게 평가에 반영함",한국대학교육협의회·대입정보포털 어디가,2028학년도 권역별 대학별 권장과목(반영과목),https://www.adiga.kr/uct/ces/archiveView.do?menuId=PCUCTCES1000&prtlBbsId=26634,,수도권 / 서울 / 상위단위: 자연과학대학,정보통계·보험수리학과|정보통계·보험수리학|자연과학대학
숭실대,물리학과,2028,2028 공식자료,자연과학대학,"수학, 과학(물리학) 교과 영역 이수 권장",,"-수학: 기하, 미적분Ⅱ 중 이수 권장 -‘과학’으로 포괄적으로 제시된 경우 진로와 관심에 따라 교과목을 선택할 것을 권장하며, 권장 영역 외 과학 과목 이수도 의미 있게 평가에 반영함",한국대학교육협의회·대입정보포털 어디가,2028학년도 권역별 대학별 권장과목(반영과목),https://www.adiga.kr/uct/ces/archiveView.do?menuId=PCUCTCES1000&prtlBbsId=26634,,수도권 / 서울 / 상위단위: 자연과학대학,물리학과|물리학|자연과학대학
숭실대,화학과,2028,2028 공식자료,자연과학대학,"수학, 과학(화학) 교과 영역 이수 권장",,"-수학: 기하, 미적분Ⅱ 중 이수 권장 -‘과학’으로 포괄적으로 제시된 경우 진로와 관심에 따라 교과목을 선택할 것을 권장하며, 권장 영역 외 과학 과목 이수도 의미 있게 평가에 반영함",한국대학교육협의회·대입정보포털 어디가,2028학년도 권역별 대학별 권장과목(반영과목),https://www.adiga.kr/uct/ces/archiveView.do?menuId=PCUCTCES1000&prtlBbsId=26634,,수도권 / 서울 / 상위단위: 자연과학대학,화학과|화학|자연과학대학
숭실대,의생명시스템학부,2028,2028 공식자료,자연과학대학,"수학, 과학(생명과학) 교과 영역 이수 권장",,"-수학: 기하, 미적분Ⅱ 중 이수 권장 -‘과학’으로 포괄적으로 제시된 경우 진로와 관심에 따라 교과목을 선택할 것을 권장하며, 권장 영역 외 과학 과목 이수도 의미 있게 평가에 반영함",한국대학교육협의회·대입정보포털 어디가,2028학년도 권역별 대학별 권장과목(반영과목),https://www.adiga.kr/uct/ces/archiveView.do?menuId=PCUCTCES1000&prtlBbsId=26634,,수도권 / 서울 / 상위단위: 자연과학대학,의생명시스템학부|의생명시스템|자연과학대학
숭실대,화학공학과,2028,2028 공식자료,공과대학,"수학, 과학(화학) 교과 영역 이수 권장",,"-수학: 기하, 미적분Ⅱ 중 이수 권장 -‘과학’으로 포괄적으로 제시된 경우 진로와 관심에 따라 교과목을 선택할 것을 권장하며, 권장 영역 외 과학 과목 이수도 의미 있게 평가에 반영함",한국대학교육협의회·대입정보포털 어디가,2028학년도 권역별 대학별 권장과목(반영과목),https://www.adiga.kr/uct/ces/archiveView.do?menuId=PCUCTCES1000&prtlBbsId=26634,,수도권 / 서울 / 상위단위: 공과대학,화학공학과|화학공학|공과대학
숭실대,신소재공학과,2028,2028 공식자료,공과대학,"수학, 과학(화학) 교과 영역 이수 권장",,"-수학: 기하, 미적분Ⅱ 중 이수 권장 -‘과학’으로 포괄적으로 제시된 경우 진로와 관심에 따라 교과목을 선택할 것을 권장하며, 권장 영역 외 과학 과목 이수도 의미 있게 평가에 반영함",한국대학교육협의회·대입정보포털 어디가,2028학년도 권역별 대학별 권장과목(반영과목),https://www.adiga.kr/uct/ces/archiveView.do?menuId=PCUCTCES1000&prtlBbsId=26634,,수도권 / 서울 / 상위단위: 공과대학,신소재공학과|신소재공학|공과대학|신소재|재료공학
숭실대,전기공학부,2028,2028 공식자료,공과대학,"수학, 과학(물리학) 교과 영역 이수 권장",,"-수학: 기하, 미적분Ⅱ 중 이수 권장 -‘과학’으로 포괄적으로 제시된 경우 진로와 관심에 따라 교과목을 선택할 것을 권장하며, 권장 영역 외 과학 과목 이수도 의미 있게 평가에 반영함",한국대학교육협의회·대입정보포털 어디가,2028학년도 권역별 대학별 권장과목(반영과목),https://www.adiga.kr/uct/ces/archiveView.do?menuId=PCUCTCES1000&prtlBbsId=26634,,수도권 / 서울 / 상위단위: 공과대학,전기공학부|전기공|공과대학
숭실대,건축학부 건축학·건축공학전공,2028,2028 공식자료,공과대학,"수학, 과학(물리학) 교과 영역 이수 권장",,"-수학: 기하, 미적분Ⅱ 중 이수 권장 -‘과학’으로 포괄적으로 제시된 경우 진로와 관심에 따라 교과목을 선택할 것을 권장하며, 권장 영역 외 과학 과목 이수도 의미 있게 평가에 반영함",한국대학교육협의회·대입정보포털 어디가,2028학년도 권역별 대학별 권장과목(반영과목),https://www.adiga.kr/uct/ces/archiveView.do?menuId=PCUCTCES1000&prtlBbsId=26634,,수도권 / 서울 / 상위단위: 공과대학,건축학부 건축학·건축공학전공|건축학부 건축학·건축공학|공과대학
숭실대,건축학부 실내건축전공,2028,2028 공식자료,공과대학,"수학, 과학(물리학) 교과 영역 이수 권장",,"-수학: 기하, 미적분Ⅱ 중 이수 권장 -‘과학’으로 포괄적으로 제시된 경우 진로와 관심에 따라 교과목을 선택할 것을 권장하며, 권장 영역 외 과학 과목 이수도 의미 있게 평가에 반영함",한국대학교육협의회·대입정보포털 어디가,2028학년도 권역별 대학별 권장과목(반영과목),https://www.adiga.kr/uct/ces/archiveView.do?menuId=PCUCTCES1000&prtlBbsId=26634,,수도권 / 서울 / 상위단위: 공과대학,건축학부 실내건축전공|건축학부 실내건축|공과대학
숭실대,산업·정보시스템공학과,2028,2028 공식자료,공과대학,"수학, 과학 교과 영역 이수 권장",,"-수학: 기하, 미적분Ⅱ 중 이수 권장 -‘과학’으로 포괄적으로 제시된 경우 진로와 관심에 따라 교과목을 선택할 것을 권장하며, 권장 영역 외 과학 과목 이수도 의미 있게 평가에 반영함",한국대학교육협의회·대입정보포털 어디가,2028학년도 권역별 대학별 권장과목(반영과목),https://www.adiga.kr/uct/ces/archiveView.do?menuId=PCUCTCES1000&prtlBbsId=26634,,수도권 / 서울 / 상위단위: 공과대학,산업·정보시스템공학과|산업·정보시스템공학|공과대학
숭실대,컴퓨터학부,2028,2028 공식자료,IT대학,"수학, 과학 교과 영역 이수 권장",,"-수학: 기하, 미적분Ⅱ 중 이수 권장 -‘과학’으로 포괄적으로 제시된 경우 진로와 관심에 따라 교과목을 선택할 것을 권장하며, 권장 영역 외 과학 과목 이수도 의미 있게 평가에 반영함",한국대학교육협의회·대입정보포털 어디가,2028학년도 권역별 대학별 권장과목(반영과목),https://www.adiga.kr/uct/ces/archiveView.do?menuId=PCUCTCES1000&prtlBbsId=26634,,수도권 / 서울 / 상위단위: IT대학,컴퓨터학부|컴퓨터|IT대학
숭실대,글로벌미디어학부,2028,2028 공식자료,IT대학,"수학, 과학 교과 영역 이수 권장",,"-수학: 기하, 미적분Ⅱ 중 이수 권장 -‘과학’으로 포괄적으로 제시된 경우 진로와 관심에 따라 교과목을 선택할 것을 권장하며, 권장 영역 외 과학 과목 이수도 의미 있게 평가에 반영함",한국대학교육협의회·대입정보포털 어디가,2028학년도 권역별 대학별 권장과목(반영과목),https://www.adiga.kr/uct/ces/archiveView.do?menuId=PCUCTCES1000&prtlBbsId=26634,,수도권 / 서울 / 상위단위: IT대학,글로벌미디어학부|글로벌미디어|IT대학
숭실대,전자정보공학부 전자공학전공,2028,2028 공식자료,IT대학,"수학, 과학(물리학) 교과 영역 이수 권장",,"-수학: 기하, 미적분Ⅱ 중 이수 권장 -‘과학’으로 포괄적으로 제시된 경우 진로와 관심에 따라 교과목을 선택할 것을 권장하며, 권장 영역 외 과학 과목 이수도 의미 있게 평가에 반영함",한국대학교육협의회·대입정보포털 어디가,2028학년도 권역별 대학별 권장과목(반영과목),https://www.adiga.kr/uct/ces/archiveView.do?menuId=PCUCTCES1000&prtlBbsId=26634,,수도권 / 서울 / 상위단위: IT대학,전자정보공학부 전자공학전공|전자정보공학부 전자공학|IT대학
숭실대,전자정보공학부 IT융합전공,2028,2028 공식자료,IT대학,"수학, 과학(물리학) 교과 영역 이수 권장",,"-수학: 기하, 미적분Ⅱ 중 이수 권장 -‘과학’으로 포괄적으로 제시된 경우 진로와 관심에 따라 교과목을 선택할 것을 권장하며, 권장 영역 외 과학 과목 이수도 의미 있게 평가에 반영함",한국대학교육협의회·대입정보포털 어디가,2028학년도 권역별 대학별 권장과목(반영과목),https://www.adiga.kr/uct/ces/archiveView.do?menuId=PCUCTCES1000&prtlBbsId=26634,,수도권 / 서울 / 상위단위: IT대학,전자정보공학부 IT융합전공|전자정보공학부 IT융합|IT대학
숭실대,AI소프트웨어학부,2028,2028 공식자료,AI대학,"수학, 과학 교과 영역 이수 권장",,"-수학: 기하, 미적분Ⅱ 중 이수 권장 -‘과학’으로 포괄적으로 제시된 경우 진로와 관심에 따라 교과목을 선택할 것을 권장하며, 권장 영역 외 과학 과목 이수도 의미 있게 평가에 반영함",한국대학교육협의회·대입정보포털 어디가,2028학년도 권역별 대학별 권장과목(반영과목),https://www.adiga.kr/uct/ces/archiveView.do?menuId=PCUCTCES1000&prtlBbsId=26634,,수도권 / 서울 / 상위단위: AI대학,AI소프트웨어학부|AI소프트웨어|AI대학|소프트웨어|소프트웨어공학|SW
숭실대,정보보호학과,2028,2028 공식자료,AI대학,"수학, 과학 교과 영역 이수 권장",,"-수학: 기하, 미적분Ⅱ 중 이수 권장 -‘과학’으로 포괄적으로 제시된 경우 진로와 관심에 따라 교과목을 선택할 것을 권장하며, 권장 영역 외 과학 과목 이수도 의미 있게 평가에 반영함",한국대학교육협의회·대입정보포털 어디가,2028학년도 권역별 대학별 권장과목(반영과목),https://www.adiga.kr/uct/ces/archiveView.do?menuId=PCUCTCES1000&prtlBbsId=26634,,수도권 / 서울 / 상위단위: AI대학,정보보호학과|정보보호학|AI대학
숭실대,자유전공학부(인문),2028,2028 공식자료,베어드학부대학,"국어, 영어, 사회 교과 영역 이수 권장",,"-수학: 기하, 미적분Ⅱ 중 이수 권장 -‘과학’으로 포괄적으로 제시된 경우 진로와 관심에 따라 교과목을 선택할 것을 권장하며, 권장 영역 외 과학 과목 이수도 의미 있게 평가에 반영함",한국대학교육협의회·대입정보포털 어디가,2028학년도 권역별 대학별 권장과목(반영과목),https://www.adiga.kr/uct/ces/archiveView.do?menuId=PCUCTCES1000&prtlBbsId=26634,,수도권 / 서울 / 상위단위: 베어드학부대학,자유전공학부(인문)|베어드학부대학
숭실대,자유전공학부(자연),2028,2028 공식자료,베어드학부대학,"수학, 과학 교과 영역 이수 권장",,"-수학: 기하, 미적분Ⅱ 중 이수 권장 -‘과학’으로 포괄적으로 제시된 경우 진로와 관심에 따라 교과목을 선택할 것을 권장하며, 권장 영역 외 과학 과목 이수도 의미 있게 평가에 반영함",한국대학교육협의회·대입정보포털 어디가,2028학년도 권역별 대학별 권장과목(반영과목),https://www.adiga.kr/uct/ces/archiveView.do?menuId=PCUCTCES1000&prtlBbsId=26634,,수도권 / 서울 / 상위단위: 베어드학부대학,자유전공학부(자연)|베어드학부대학
중앙대,기계공학부,2028,2028 공식자료,,"미적분Ⅱ, 기하, 물리학, 화학, 역학과 에너지, 전자기와 양자",,,한국대학교육협의회·대입정보포털 어디가,2028학년도 권역별 대학별 권장과목(반영과목),https://www.adiga.kr/uct/ces/archiveView.do?menuId=PCUCTCES1000&prtlBbsId=26634,,수도권 / 서울,기계공학부|기계공|기계공학|기계
중앙대,물리학과,2028,2028 공식자료,,"미적분Ⅱ, 기하, 물리학, 화학, 역학과 에너지, 전자기와 양자",,,한국대학교육협의회·대입정보포털 어디가,2028학년도 권역별 대학별 권장과목(반영과목),https://www.adiga.kr/uct/ces/archiveView.do?menuId=PCUCTCES1000&prtlBbsId=26634,,수도권 / 서울,물리학과|물리학
중앙대,사회기반시스템공학부 건설환경플랜트공학전공,2028,2028 공식자료,,"미적분Ⅱ, 기하, 물리학, 화학, 역학과 에너지, 전자기와 양자",,,한국대학교육협의회·대입정보포털 어디가,2028학년도 권역별 대학별 권장과목(반영과목),https://www.adiga.kr/uct/ces/archiveView.do?menuId=PCUCTCES1000&prtlBbsId=26634,,수도권 / 서울,사회기반시스템공학부 건설환경플랜트공학전공|사회기반시스템공학부 건설환경플랜트공학
중앙대,전자전기공학부,2028,2028 공식자료,,"미적분Ⅱ, 기하, 물리학, 화학, 역학과 에너지, 전자기와 양자",,,한국대학교육협의회·대입정보포털 어디가,2028학년도 권역별 대학별 권장과목(반영과목),https://www.adiga.kr/uct/ces/archiveView.do?menuId=PCUCTCES1000&prtlBbsId=26634,,수도권 / 서울,전자전기공학부|전자전기공
중앙대,지능형반도체공학과,2028,2028 공식자료,,"미적분Ⅱ, 기하, 물리학, 화학, 역학과 에너지, 전자기와 양자",,,한국대학교육협의회·대입정보포털 어디가,2028학년도 권역별 대학별 권장과목(반영과목),https://www.adiga.kr/uct/ces/archiveView.do?menuId=PCUCTCES1000&prtlBbsId=26634,,수도권 / 서울,지능형반도체공학과|지능형반도체공학
중앙대,에너지시스템공학부,2028,2028 공식자료,,"미적분Ⅱ, 기하, 물리학, 화학, 물질과 에너지, 화학 반응의 세계",,,한국대학교육협의회·대입정보포털 어디가,2028학년도 권역별 대학별 권장과목(반영과목),https://www.adiga.kr/uct/ces/archiveView.do?menuId=PCUCTCES1000&prtlBbsId=26634,,수도권 / 서울,에너지시스템공학부|에너지시스템공
중앙대,첨단소재공학과,2028,2028 공식자료,,"미적분Ⅱ, 기하, 물리학, 화학, 물질과 에너지, 화학 반응의 세계",,,한국대학교육협의회·대입정보포털 어디가,2028학년도 권역별 대학별 권장과목(반영과목),https://www.adiga.kr/uct/ces/archiveView.do?menuId=PCUCTCES1000&prtlBbsId=26634,,수도권 / 서울,첨단소재공학과|첨단소재공학
중앙대,화학공학과,2028,2028 공식자료,,"미적분Ⅱ, 기하, 물리학, 화학, 물질과 에너지, 화학 반응의 세계",,,한국대학교육협의회·대입정보포털 어디가,2028학년도 권역별 대학별 권장과목(반영과목),https://www.adiga.kr/uct/ces/archiveView.do?menuId=PCUCTCES1000&prtlBbsId=26634,,수도권 / 서울,화학공학과|화학공학
중앙대,융합공학부,2028,2028 공식자료,,"미적분Ⅱ, 기하, 화학, [물리학 또는 생명과학], 물질과 에너지, 화학 반응의 세계",,,한국대학교육협의회·대입정보포털 어디가,2028학년도 권역별 대학별 권장과목(반영과목),https://www.adiga.kr/uct/ces/archiveView.do?menuId=PCUCTCES1000&prtlBbsId=26634,,수도권 / 서울,융합공학부|융합공
중앙대,건축학부,2028,2028 공식자료,,"미적분Ⅱ, 기하, 물리학, 역학과 에너지, 전자기와 양자",,,한국대학교육협의회·대입정보포털 어디가,2028학년도 권역별 대학별 권장과목(반영과목),https://www.adiga.kr/uct/ces/archiveView.do?menuId=PCUCTCES1000&prtlBbsId=26634,,수도권 / 서울,건축학부|건축
중앙대,사회기반시스템공학부 도시시스템공학전공,2028,2028 공식자료,,"미적분Ⅱ, 기하, 물리학, 역학과 에너지, 전자기와 양자",,,한국대학교육협의회·대입정보포털 어디가,2028학년도 권역별 대학별 권장과목(반영과목),https://www.adiga.kr/uct/ces/archiveView.do?menuId=PCUCTCES1000&prtlBbsId=26634,,수도권 / 서울,사회기반시스템공학부 도시시스템공학전공|사회기반시스템공학부 도시시스템공학
중앙대,소프트웨어학부,2028,2028 공식자료,,"미적분Ⅱ, 기하, 물리학, 역학과 에너지, 전자기와 양자",,,한국대학교육협의회·대입정보포털 어디가,2028학년도 권역별 대학별 권장과목(반영과목),https://www.adiga.kr/uct/ces/archiveView.do?menuId=PCUCTCES1000&prtlBbsId=26634,,수도권 / 서울,소프트웨어학부|소프트웨어|소프트웨어공학|SW
중앙대,AI학부,2028,2028 공식자료,,"미적분Ⅱ, 기하",,,한국대학교육협의회·대입정보포털 어디가,2028학년도 권역별 대학별 권장과목(반영과목),https://www.adiga.kr/uct/ces/archiveView.do?menuId=PCUCTCES1000&prtlBbsId=26634,,수도권 / 서울,AI학부|AI
중앙대,산업보안학과(자연),2028,2028 공식자료,,"미적분Ⅱ, 기하",,,한국대학교육협의회·대입정보포털 어디가,2028학년도 권역별 대학별 권장과목(반영과목),https://www.adiga.kr/uct/ces/archiveView.do?menuId=PCUCTCES1000&prtlBbsId=26634,,수도권 / 서울,산업보안학과(자연)
중앙대,수학과,2028,2028 공식자료,,"미적분Ⅱ, 기하",,,한국대학교육협의회·대입정보포털 어디가,2028학년도 권역별 대학별 권장과목(반영과목),https://www.adiga.kr/uct/ces/archiveView.do?menuId=PCUCTCES1000&prtlBbsId=26634,,수도권 / 서울,수학과|수학
중앙대,예술공학부,2028,2028 공식자료,,"미적분Ⅱ, 기하",,,한국대학교육협의회·대입정보포털 어디가,2028학년도 권역별 대학별 권장과목(반영과목),https://www.adiga.kr/uct/ces/archiveView.do?menuId=PCUCTCES1000&prtlBbsId=26634,,수도권 / 서울,예술공학부|예술공
중앙대,약학부,2028,2028 공식자료,,"미적분Ⅱ, 기하, 생명과학, 화학, 물질과 에너지, 화학 반응의 세계, 세포와 물질대사, 생물의 유전",,"*물질과 에너지, 화학 반응의 세계, 세포와 물질대사, 생물의 유전: 3과목 이상",한국대학교육협의회·대입정보포털 어디가,2028학년도 권역별 대학별 권장과목(반영과목),https://www.adiga.kr/uct/ces/archiveView.do?menuId=PCUCTCES1000&prtlBbsId=26634,,수도권 / 서울,약학부|약
중앙대,의학부,2028,2028 공식자료,,"미적분Ⅱ, 기하, 생명과학, 화학, 물질과 에너지, 화학 반응의 세계, 세포와 물질대사, 생물의 유전",,"*물질과 에너지, 화학 반응의 세계, 세포와 물질대사, 생물의 유전: 3과목 이상",한국대학교육협의회·대입정보포털 어디가,2028학년도 권역별 대학별 권장과목(반영과목),https://www.adiga.kr/uct/ces/archiveView.do?menuId=PCUCTCES1000&prtlBbsId=26634,,수도권 / 서울,의학부|의
중앙대,생명과학과,2028,2028 공식자료,,"미적분Ⅱ, 생명과학, 화학, 물질과 에너지, 화학 반응의 세계, 세포와 물질대사, 생물의 유전",,"*물질과 에너지, 화학 반응의 세계, 세포와 물질대사, 생물의 유전: 2과목 이상",한국대학교육협의회·대입정보포털 어디가,2028학년도 권역별 대학별 권장과목(반영과목),https://www.adiga.kr/uct/ces/archiveView.do?menuId=PCUCTCES1000&prtlBbsId=26634,,수도권 / 서울,생명과학과|생명과학
중앙대,화학과,2028,2028 공식자료,,"미적분Ⅱ, 화학, [물리학 또는 생명과학], 물질과 에너지, 화학 반응의 세계, 세포와 물질대사, 생물의 유전",,"*물질과 에너지, 화학 반응의 세계, 세포와 물질대사, 생물의 유전: 2과목 이상",한국대학교육협의회·대입정보포털 어디가,2028학년도 권역별 대학별 권장과목(반영과목),https://www.adiga.kr/uct/ces/archiveView.do?menuId=PCUCTCES1000&prtlBbsId=26634,,수도권 / 서울,화학과|화학
중앙대,시스템생명공학과,2028,2028 공식자료,,"[미적분Ⅱ 또는 기하], 생명과학, 화학, 물질과 에너지, 화학 반응의 세계, 세포와 물질대사, 생물의 유전",,"*물질과 에너지, 화학 반응의 세계, 세포와 물질대사, 생물의 유전: 2과목 이상",한국대학교육협의회·대입정보포털 어디가,2028학년도 권역별 대학별 권장과목(반영과목),https://www.adiga.kr/uct/ces/archiveView.do?menuId=PCUCTCES1000&prtlBbsId=26634,,수도권 / 서울,시스템생명공학과|시스템생명공학|생명공학|바이오공학|바이오
중앙대,"식품공학과(식품공학전공, 식품영양전공)",2028,2028 공식자료,,"[미적분Ⅱ 또는 기하], 생명과학, 화학, 물질과 에너지, 화학 반응의 세계, 세포와 물질대사, 생물의 유전",,"*물질과 에너지, 화학 반응의 세계, 세포와 물질대사, 생물의 유전: 2과목 이상",한국대학교육협의회·대입정보포털 어디가,2028학년도 권역별 대학별 권장과목(반영과목),https://www.adiga.kr/uct/ces/archiveView.do?menuId=PCUCTCES1000&prtlBbsId=26634,,수도권 / 서울,"식품공학과(식품공학전공, 식품영양전공)"
중앙대,간호학과,2028,2028 공식자료,,"미적분Ⅱ, 생명과학, 세포와 물질대사, 생물의 유전",,,한국대학교육협의회·대입정보포털 어디가,2028학년도 권역별 대학별 권장과목(반영과목),https://www.adiga.kr/uct/ces/archiveView.do?menuId=PCUCTCES1000&prtlBbsId=26634,,수도권 / 서울,간호학과|간호학|간호
중앙대,"생명자원공학부(동물생명공학전공, 식물생명공학전공)",2028,2028 공식자료,,"미적분Ⅱ, 생명과학, 화학, 세포와 물질대사, 생물의 유전",,,한국대학교육협의회·대입정보포털 어디가,2028학년도 권역별 대학별 권장과목(반영과목),https://www.adiga.kr/uct/ces/archiveView.do?menuId=PCUCTCES1000&prtlBbsId=26634,,수도권 / 서울,"생명자원공학부(동물생명공학전공, 식물생명공학전공)"
한국체대,체육학과,2028,2028 공식자료,스포츠과학대학,"체육1, 체육2, 스포츠과학",,융합선택 과목: 스포츠 생활1,한국대학교육협의회·대입정보포털 어디가,2028학년도 권역별 대학별 권장과목(반영과목),https://www.adiga.kr/uct/ces/archiveView.do?menuId=PCUCTCES1000&prtlBbsId=26634,,수도권 / 서울 / 상위단위: 스포츠과학대학,체육학과|체육학|스포츠과학대학
한국체대,경기지도학과,2028,2028 공식자료,스포츠과학대학,"체육1, 체육2, 스포츠과학",,융합선택 과목: 스포츠 생활1,한국대학교육협의회·대입정보포털 어디가,2028학년도 권역별 대학별 권장과목(반영과목),https://www.adiga.kr/uct/ces/archiveView.do?menuId=PCUCTCES1000&prtlBbsId=26634,,수도권 / 서울 / 상위단위: 스포츠과학대학,경기지도학과|경기지도학|스포츠과학대학
한국체대,사회체육학과,2028,2028 공식자료,생활체육대학,"체육1, 체육2, 스포츠과학, 스포츠문화",,,한국대학교육협의회·대입정보포털 어디가,2028학년도 권역별 대학별 권장과목(반영과목),https://www.adiga.kr/uct/ces/archiveView.do?menuId=PCUCTCES1000&prtlBbsId=26634,,수도권 / 서울 / 상위단위: 생활체육대학,사회체육학과|사회체육학|생활체육대학
한국체대,스포츠청소년지도학과,2028,2028 공식자료,생활체육대학,"체육1, 체육2, 스포츠과학, 스포츠문화",,,한국대학교육협의회·대입정보포털 어디가,2028학년도 권역별 대학별 권장과목(반영과목),https://www.adiga.kr/uct/ces/archiveView.do?menuId=PCUCTCES1000&prtlBbsId=26634,,수도권 / 서울 / 상위단위: 생활체육대학,스포츠청소년지도학과|스포츠청소년지도학|생활체육대학
한국체대,특수체육교육과,2028,2028 공식자료,생활체육대학,"체육1, 체육2, 스포츠과학, 운동과 건강",,,한국대학교육협의회·대입정보포털 어디가,2028학년도 권역별 대학별 권장과목(반영과목),https://www.adiga.kr/uct/ces/archiveView.do?menuId=PCUCTCES1000&prtlBbsId=26634,,수도권 / 서울 / 상위단위: 생활체육대학,특수체육교육과|생활체육대학
한국체대,스포츠산업학과,2028,2028 공식자료,생활체육대학,"체육1, 체육2, 스포츠과학",,융합선택 과목: 스포츠 생활1,한국대학교육협의회·대입정보포털 어디가,2028학년도 권역별 대학별 권장과목(반영과목),https://www.adiga.kr/uct/ces/archiveView.do?menuId=PCUCTCES1000&prtlBbsId=26634,,수도권 / 서울 / 상위단위: 생활체육대학,스포츠산업학과|스포츠산업학|생활체육대학
한국체대,운동건강관리학과,2028,2028 공식자료,생활체육대학,"체육1, 체육2, 스포츠과학, 운동과 건강",,,한국대학교육협의회·대입정보포털 어디가,2028학년도 권역별 대학별 권장과목(반영과목),https://www.adiga.kr/uct/ces/archiveView.do?menuId=PCUCTCES1000&prtlBbsId=26634,,수도권 / 서울 / 상위단위: 생활체육대학,운동건강관리학과|운동건강관리학|생활체육대학
한국체대,노인체육복지학과,2028,2028 공식자료,생활체육대학,"체육1, 체육2, 스포츠과학, 운동과 건강",,,한국대학교육협의회·대입정보포털 어디가,2028학년도 권역별 대학별 권장과목(반영과목),https://www.adiga.kr/uct/ces/archiveView.do?menuId=PCUCTCES1000&prtlBbsId=26634,,수도권 / 서울 / 상위단위: 생활체육대학,노인체육복지학과|노인체육복지학|생활체육대학
한국체대,태권도학과,2028,2028 공식자료,스포츠문화예술대학,"체육1, 체육2, 스포츠과학",,융합선택 과목: 스포츠 생활1,한국대학교육협의회·대입정보포털 어디가,2028학년도 권역별 대학별 권장과목(반영과목),https://www.adiga.kr/uct/ces/archiveView.do?menuId=PCUCTCES1000&prtlBbsId=26634,,수도권 / 서울 / 상위단위: 스포츠문화예술대학,태권도학과|태권도학|스포츠문화예술대학
한국체대,공연예술학과,2028,2028 공식자료,스포츠문화예술대학,"체육1, 체육2, 운동과 건강",,,한국대학교육협의회·대입정보포털 어디가,2028학년도 권역별 대학별 권장과목(반영과목),https://www.adiga.kr/uct/ces/archiveView.do?menuId=PCUCTCES1000&prtlBbsId=26634,,수도권 / 서울 / 상위단위: 스포츠문화예술대학,공연예술학과|공연예술학|스포츠문화예술대학
한양대,전 모집단위,2028,2028 공식자료,자연,"미적분Ⅱ 또는 기하, 물리학/화학/생명과학 중 1과목 이상, 과학 진로선택 과목 2과목 이상",,진로선택 과목은 계열과 교과 위계에 맞게 선택하는 것을 권장함.,한국대학교육협의회·대입정보포털 어디가,2028학년도 권역별 대학별 권장과목(반영과목),https://www.adiga.kr/uct/ces/archiveView.do?menuId=PCUCTCES1000&prtlBbsId=26634,,수도권 / 서울 / 상위단위: 자연,전 모집단위|자연
인하대,기계공학과,2028,2028 공식자료,공과대학,물리학,화학,"*교과 영역은 내용 상위계가 뚜렷한 특성을 지닌 과학 교과 영역을 중심으로 안내함. -수학 교과: 대수, 미적분Ⅰ, 확률과 통계 교과목 이수를 권장하며, 공과대학의 경우 기하 교과목도 포함하여 이수할 것을 권장함.",한국대학교육협의회·대입정보포털 어디가,2028학년도 권역별 대학별 권장과목(반영과목),https://www.adiga.kr/uct/ces/archiveView.do?menuId=PCUCTCES1000&prtlBbsId=26634,,수도권 / 인천 / 상위단위: 공과대학,기계공학과|기계공학|공과대학|기계
인하대,전기전자공학부,2028,2028 공식자료,공과대학,물리학,화학,*교과 영역은 내용 상위계가 뚜렷한 특성을 지닌 과학 교과 영역을 중심으로 안내함.,한국대학교육협의회·대입정보포털 어디가,2028학년도 권역별 대학별 권장과목(반영과목),https://www.adiga.kr/uct/ces/archiveView.do?menuId=PCUCTCES1000&prtlBbsId=26634,,수도권 / 인천 / 상위단위: 공과대학,전기전자공학부|전기전자공|공과대학|전기전자|전자전기|전자공학|전기공학
인하대,반도체시스템공학과,2028,2028 공식자료,공과대학,물리학,화학,"*교과 영역은 내용 상위계가 뚜렷한 특성을 지닌 과학 교과 영역을 중심으로 안내함. -수학 교과: 대수, 미적분Ⅰ, 확률과 통계 교과목 이수를 권장하며, 공과대학의 경우 기하 교과목도 포함하여 이수할 것을 권장함.",한국대학교육협의회·대입정보포털 어디가,2028학년도 권역별 대학별 권장과목(반영과목),https://www.adiga.kr/uct/ces/archiveView.do?menuId=PCUCTCES1000&prtlBbsId=26634,,수도권 / 인천 / 상위단위: 공과대학,반도체시스템공학과|반도체시스템공학|공과대학
인하대,항공우주공학과,2028,2028 공식자료,공과대학,물리학,"화학, 지구과학","*교과 영역은 내용 상위계가 뚜렷한 특성을 지닌 과학 교과 영역을 중심으로 안내함. -수학 교과: 대수, 미적분Ⅰ, 확률과 통계 교과목 이수를 권장하며, 공과대학의 경우 기하 교과목도 포함하여 이수할 것을 권장함.",한국대학교육협의회·대입정보포털 어디가,2028학년도 권역별 대학별 권장과목(반영과목),https://www.adiga.kr/uct/ces/archiveView.do?menuId=PCUCTCES1000&prtlBbsId=26634,,수도권 / 인천 / 상위단위: 공과대학,항공우주공학과|항공우주공학|공과대학
인하대,조선해양공학과,2028,2028 공식자료,공과대학,물리학,"화학, 지구과학","*교과 영역은 내용 상위계가 뚜렷한 특성을 지닌 과학 교과 영역을 중심으로 안내함. -수학 교과: 대수, 미적분Ⅰ, 확률과 통계 교과목 이수를 권장하며, 공과대학의 경우 기하 교과목도 포함하여 이수할 것을 권장함.",한국대학교육협의회·대입정보포털 어디가,2028학년도 권역별 대학별 권장과목(반영과목),https://www.adiga.kr/uct/ces/archiveView.do?menuId=PCUCTCES1000&prtlBbsId=26634,,수도권 / 인천 / 상위단위: 공과대학,조선해양공학과|조선해양공학|공과대학
인하대,사회인프라공학과,2028,2028 공식자료,공과대학,물리학,"화학, 지구과학",*교과 영역은 내용 상위계가 뚜렷한 특성을 지닌 과학 교과 영역을 중심으로 안내함.,한국대학교육협의회·대입정보포털 어디가,2028학년도 권역별 대학별 권장과목(반영과목),https://www.adiga.kr/uct/ces/archiveView.do?menuId=PCUCTCES1000&prtlBbsId=26634,,수도권 / 인천 / 상위단위: 공과대학,사회인프라공학과|사회인프라공학|공과대학
인하대,건축학부,2028,2028 공식자료,공과대학,물리학,"화학, 지구과학","*교과 영역은 내용 상위계가 뚜렷한 특성을 지닌 과학 교과 영역을 중심으로 안내함. -수학 교과: 대수, 미적분Ⅰ, 확률과 통계 교과목 이수를 권장하며, 공과대학의 경우 기하 교과목도 포함하여 이수할 것을 권장함.",한국대학교육협의회·대입정보포털 어디가,2028학년도 권역별 대학별 권장과목(반영과목),https://www.adiga.kr/uct/ces/archiveView.do?menuId=PCUCTCES1000&prtlBbsId=26634,,수도권 / 인천 / 상위단위: 공과대학,건축학부|건축|공과대학
인하대,화학공학과,2028,2028 공식자료,공과대학,화학,물리학,"*교과 영역은 내용 상위계가 뚜렷한 특성을 지닌 과학 교과 영역을 중심으로 안내함. -수학 교과: 대수, 미적분Ⅰ, 확률과 통계 교과목 이수를 권장하며, 공과대학의 경우 기하 교과목도 포함하여 이수할 것을 권장함.",한국대학교육협의회·대입정보포털 어디가,2028학년도 권역별 대학별 권장과목(반영과목),https://www.adiga.kr/uct/ces/archiveView.do?menuId=PCUCTCES1000&prtlBbsId=26634,,수도권 / 인천 / 상위단위: 공과대학,화학공학과|화학공학|공과대학
인하대,고분자공학과,2028,2028 공식자료,공과대학,화학,물리학,*교과 영역은 내용 상위계가 뚜렷한 특성을 지닌 과학 교과 영역을 중심으로 안내함.,한국대학교육협의회·대입정보포털 어디가,2028학년도 권역별 대학별 권장과목(반영과목),https://www.adiga.kr/uct/ces/archiveView.do?menuId=PCUCTCES1000&prtlBbsId=26634,,수도권 / 인천 / 상위단위: 공과대학,고분자공학과|고분자공학|공과대학
인하대,신소재공학과,2028,2028 공식자료,공과대학,화학,물리학,"*교과 영역은 내용 상위계가 뚜렷한 특성을 지닌 과학 교과 영역을 중심으로 안내함. -수학 교과: 대수, 미적분Ⅰ, 확률과 통계 교과목 이수를 권장하며, 공과대학의 경우 기하 교과목도 포함하여 이수할 것을 권장함.",한국대학교육협의회·대입정보포털 어디가,2028학년도 권역별 대학별 권장과목(반영과목),https://www.adiga.kr/uct/ces/archiveView.do?menuId=PCUCTCES1000&prtlBbsId=26634,,수도권 / 인천 / 상위단위: 공과대학,신소재공학과|신소재공학|공과대학|신소재|재료공학
인하대,이차전지융합학과,2028,2028 공식자료,공과대학,화학,물리학,"*교과 영역은 내용 상위계가 뚜렷한 특성을 지닌 과학 교과 영역을 중심으로 안내함. -수학 교과: 대수, 미적분Ⅰ, 확률과 통계 교과목 이수를 권장하며, 공과대학의 경우 기하 교과목도 포함하여 이수할 것을 권장함.",한국대학교육협의회·대입정보포털 어디가,2028학년도 권역별 대학별 권장과목(반영과목),https://www.adiga.kr/uct/ces/archiveView.do?menuId=PCUCTCES1000&prtlBbsId=26634,,수도권 / 인천 / 상위단위: 공과대학,이차전지융합학과|이차전지융합학|공과대학
인하대,환경공학과,2028,2028 공식자료,공과대학,화학,생명과학,"*교과 영역은 내용 상위계가 뚜렷한 특성을 지닌 과학 교과 영역을 중심으로 안내함. -수학 교과: 대수, 미적분Ⅰ, 확률과 통계 교과목 이수를 권장하며, 공과대학의 경우 기하 교과목도 포함하여 이수할 것을 권장함.",한국대학교육협의회·대입정보포털 어디가,2028학년도 권역별 대학별 권장과목(반영과목),https://www.adiga.kr/uct/ces/archiveView.do?menuId=PCUCTCES1000&prtlBbsId=26634,,수도권 / 인천 / 상위단위: 공과대학,환경공학과|환경공학|공과대학
인하대,에너지자원공학과,2028,2028 공식자료,공과대학,,"물리, 화학, 지구과학","*교과 영역은 내용 상위계가 뚜렷한 특성을 지닌 과학 교과 영역을 중심으로 안내함. -수학 교과: 대수, 미적분Ⅰ, 확률과 통계 교과목 이수를 권장하며, 공과대학의 경우 기하 교과목도 포함하여 이수할 것을 권장함. 권장 교과 영역을 제시하지 않은 자연계열 일부 학과 및 인문·예체능계열의 경우는 학생 개개인의 진로와 적성을 고려하여 자유롭게 이수하기를 권장함.",한국대학교육협의회·대입정보포털 어디가,2028학년도 권역별 대학별 권장과목(반영과목),https://www.adiga.kr/uct/ces/archiveView.do?menuId=PCUCTCES1000&prtlBbsId=26634,,수도권 / 인천 / 상위단위: 공과대학,에너지자원공학과|에너지자원공학|공과대학
인하대,산업경영공학과,2028,2028 공식자료,공과대학,,,권장 교과 영역을 제시하지 않은 자연계열 일부 학과 및 인문·예체능계열의 경우는 학생 개개인의 진로와 적성을 고려하여 자유롭게 이수하기를 권장함.,한국대학교육협의회·대입정보포털 어디가,2028학년도 권역별 대학별 권장과목(반영과목),https://www.adiga.kr/uct/ces/archiveView.do?menuId=PCUCTCES1000&prtlBbsId=26634,,수도권 / 인천 / 상위단위: 공과대학,산업경영공학과|산업경영공학|공과대학
인하대,공간정보공학과,2028,2028 공식자료,공과대학,,,권장 교과 영역을 제시하지 않은 자연계열 일부 학과 및 인문·예체능계열의 경우는 학생 개개인의 진로와 적성을 고려하여 자유롭게 이수하기를 권장함.,한국대학교육협의회·대입정보포털 어디가,2028학년도 권역별 대학별 권장과목(반영과목),https://www.adiga.kr/uct/ces/archiveView.do?menuId=PCUCTCES1000&prtlBbsId=26634,,수도권 / 인천 / 상위단위: 공과대학,공간정보공학과|공간정보공학|공과대학
인하대,스마트모빌리티공학과,2028,2028 공식자료,소프트웨어융합대학,물리학,화학,"*교과 영역은 내용 상위계가 뚜렷한 특성을 지닌 과학 교과 영역을 중심으로 안내함. -수학 교과: 대수, 미적분Ⅰ, 확률과 통계 교과목 이수를 권장하며, 공과대학의 경우 기하 교과목도 포함하여 이수할 것을 권장함.",한국대학교육협의회·대입정보포털 어디가,2028학년도 권역별 대학별 권장과목(반영과목),https://www.adiga.kr/uct/ces/archiveView.do?menuId=PCUCTCES1000&prtlBbsId=26634,,수도권 / 인천 / 상위단위: 소프트웨어융합대학,스마트모빌리티공학과|스마트모빌리티공학|소프트웨어융합대학
인하대,인공지능학과,2028,2028 공식자료,소프트웨어융합대학,,,권장 교과 영역을 제시하지 않은 자연계열 일부 학과 및 인문·예체능계열의 경우는 학생 개개인의 진로와 적성을 고려하여 자유롭게 이수하기를 권장함.,한국대학교육협의회·대입정보포털 어디가,2028학년도 권역별 대학별 권장과목(반영과목),https://www.adiga.kr/uct/ces/archiveView.do?menuId=PCUCTCES1000&prtlBbsId=26634,,수도권 / 인천 / 상위단위: 소프트웨어융합대학,인공지능학과|인공지능학|소프트웨어융합대학
인하대,데이터사이언스학과,2028,2028 공식자료,소프트웨어융합대학,,,권장 교과 영역을 제시하지 않은 자연계열 일부 학과 및 인문·예체능계열의 경우는 학생 개개인의 진로와 적성을 고려하여 자유롭게 이수하기를 권장함.,한국대학교육협의회·대입정보포털 어디가,2028학년도 권역별 대학별 권장과목(반영과목),https://www.adiga.kr/uct/ces/archiveView.do?menuId=PCUCTCES1000&prtlBbsId=26634,,수도권 / 인천 / 상위단위: 소프트웨어융합대학,데이터사이언스학과|데이터사이언스학|소프트웨어융합대학
인하대,디자인테크놀로지학과,2028,2028 공식자료,소프트웨어융합대학,,,권장 교과 영역을 제시하지 않은 자연계열 일부 학과 및 인문·예체능계열의 경우는 학생 개개인의 진로와 적성을 고려하여 자유롭게 이수하기를 권장함.,한국대학교육협의회·대입정보포털 어디가,2028학년도 권역별 대학별 권장과목(반영과목),https://www.adiga.kr/uct/ces/archiveView.do?menuId=PCUCTCES1000&prtlBbsId=26634,,수도권 / 인천 / 상위단위: 소프트웨어융합대학,디자인테크놀로지학과|디자인테크놀로지학|소프트웨어융합대학
인하대,컴퓨터공학과,2028,2028 공식자료,소프트웨어융합대학,,,권장 교과 영역을 제시하지 않은 자연계열 일부 학과 및 인문·예체능계열의 경우는 학생 개개인의 진로와 적성을 고려하여 자유롭게 이수하기를 권장함.,한국대학교육협의회·대입정보포털 어디가,2028학년도 권역별 대학별 권장과목(반영과목),https://www.adiga.kr/uct/ces/archiveView.do?menuId=PCUCTCES1000&prtlBbsId=26634,,수도권 / 인천 / 상위단위: 소프트웨어융합대학,컴퓨터공학과|컴퓨터공학|소프트웨어융합대학|컴공|컴퓨터과학|컴퓨터
인하대,물리학과,2028,2028 공식자료,자연과학대학,물리학,,"*교과 영역은 내용 상위계가 뚜렷한 특성을 지닌 과학 교과 영역을 중심으로 안내함. -수학 교과: 대수, 미적분Ⅰ, 확률과 통계 교과목 이수를 권장하며, 공과대학의 경우 기하 교과목도 포함하여 이수할 것을 권장함. 권장 교과 영역을 제시하지 않은 자연계열 일부 학과 및 인문·예체능계열의 경우는 학생 개개인의 진로와 적성을 고려하여 자유롭게 이수하기를 권장함.",한국대학교육협의회·대입정보포털 어디가,2028학년도 권역별 대학별 권장과목(반영과목),https://www.adiga.kr/uct/ces/archiveView.do?menuId=PCUCTCES1000&prtlBbsId=26634,,수도권 / 인천 / 상위단위: 자연과학대학,물리학과|물리학|자연과학대학
인하대,화학과,2028,2028 공식자료,자연과학대학,화학,,"*교과 영역은 내용 상위계가 뚜렷한 특성을 지닌 과학 교과 영역을 중심으로 안내함. -수학 교과: 대수, 미적분Ⅰ, 확률과 통계 교과목 이수를 권장하며, 공과대학의 경우 기하 교과목도 포함하여 이수할 것을 권장함. 권장 교과 영역을 제시하지 않은 자연계열 일부 학과 및 인문·예체능계열의 경우는 학생 개개인의 진로와 적성을 고려하여 자유롭게 이수하기를 권장함.",한국대학교육협의회·대입정보포털 어디가,2028학년도 권역별 대학별 권장과목(반영과목),https://www.adiga.kr/uct/ces/archiveView.do?menuId=PCUCTCES1000&prtlBbsId=26634,,수도권 / 인천 / 상위단위: 자연과학대학,화학과|화학|자연과학대학
인하대,해양과학과,2028,2028 공식자료,자연과학대학,,"화학, 생명과학, 지구과학","*교과 영역은 내용 상위계가 뚜렷한 특성을 지닌 과학 교과 영역을 중심으로 안내함. -수학 교과: 대수, 미적분Ⅰ, 확률과 통계 교과목 이수를 권장하며, 공과대학의 경우 기하 교과목도 포함하여 이수할 것을 권장함. 권장 교과 영역을 제시하지 않은 자연계열 일부 학과 및 인문·예체능계열의 경우는 학생 개개인의 진로와 적성을 고려하여 자유롭게 이수하기를 권장함.",한국대학교육협의회·대입정보포털 어디가,2028학년도 권역별 대학별 권장과목(반영과목),https://www.adiga.kr/uct/ces/archiveView.do?menuId=PCUCTCES1000&prtlBbsId=26634,,수도권 / 인천 / 상위단위: 자연과학대학,해양과학과|해양과학|자연과학대학
인하대,식품영양학과,2028,2028 공식자료,자연과학대학,생명과학,화학,"*교과 영역은 내용 상위계가 뚜렷한 특성을 지닌 과학 교과 영역을 중심으로 안내함. -수학 교과: 대수, 미적분Ⅰ, 확률과 통계 교과목 이수를 권장하며, 공과대학의 경우 기하 교과목도 포함하여 이수할 것을 권장함.",한국대학교육협의회·대입정보포털 어디가,2028학년도 권역별 대학별 권장과목(반영과목),https://www.adiga.kr/uct/ces/archiveView.do?menuId=PCUCTCES1000&prtlBbsId=26634,,수도권 / 인천 / 상위단위: 자연과학대학,식품영양학과|식품영양학|자연과학대학
인하대,수학과,2028,2028 공식자료,자연과학대학,,,권장 교과 영역을 제시하지 않은 자연계열 일부 학과 및 인문·예체능계열의 경우는 학생 개개인의 진로와 적성을 고려하여 자유롭게 이수하기를 권장함.,한국대학교육협의회·대입정보포털 어디가,2028학년도 권역별 대학별 권장과목(반영과목),https://www.adiga.kr/uct/ces/archiveView.do?menuId=PCUCTCES1000&prtlBbsId=26634,,수도권 / 인천 / 상위단위: 자연과학대학,수학과|수학|자연과학대학
인하대,통계학과,2028,2028 공식자료,자연과학대학,,,권장 교과 영역을 제시하지 않은 자연계열 일부 학과 및 인문·예체능계열의 경우는 학생 개개인의 진로와 적성을 고려하여 자유롭게 이수하기를 권장함.,한국대학교육협의회·대입정보포털 어디가,2028학년도 권역별 대학별 권장과목(반영과목),https://www.adiga.kr/uct/ces/archiveView.do?menuId=PCUCTCES1000&prtlBbsId=26634,,수도권 / 인천 / 상위단위: 자연과학대학,통계학과|통계학|자연과학대학
인하대,의예과,2028,2028 공식자료,의과대학,생명과학,화학,"*교과 영역은 내용 상위계가 뚜렷한 특성을 지닌 과학 교과 영역을 중심으로 안내함. -수학 교과: 대수, 미적분Ⅰ, 확률과 통계 교과목 이수를 권장하며, 공과대학의 경우 기하 교과목도 포함하여 이수할 것을 권장함.",한국대학교육협의회·대입정보포털 어디가,2028학년도 권역별 대학별 권장과목(반영과목),https://www.adiga.kr/uct/ces/archiveView.do?menuId=PCUCTCES1000&prtlBbsId=26634,,수도권 / 인천 / 상위단위: 의과대학,의예과|의과대학|의대|의학|의예
인하대,간호학과,2028,2028 공식자료,간호대학,생명과학,화학,"*교과 영역은 내용 상위계가 뚜렷한 특성을 지닌 과학 교과 영역을 중심으로 안내함. -수학 교과: 대수, 미적분Ⅰ, 확률과 통계 교과목 이수를 권장하며, 공과대학의 경우 기하 교과목도 포함하여 이수할 것을 권장함.",한국대학교육협의회·대입정보포털 어디가,2028학년도 권역별 대학별 권장과목(반영과목),https://www.adiga.kr/uct/ces/archiveView.do?menuId=PCUCTCES1000&prtlBbsId=26634,,수도권 / 인천 / 상위단위: 간호대학,간호학과|간호학|간호대학|간호
인하대,생명공학과,2028,2028 공식자료,바이오시스템융합학부,생명과학,화학,"*교과 영역은 내용 상위계가 뚜렷한 특성을 지닌 과학 교과 영역을 중심으로 안내함. -수학 교과: 대수, 미적분Ⅰ, 확률과 통계 교과목 이수를 권장하며, 공과대학의 경우 기하 교과목도 포함하여 이수할 것을 권장함.",한국대학교육협의회·대입정보포털 어디가,2028학년도 권역별 대학별 권장과목(반영과목),https://www.adiga.kr/uct/ces/archiveView.do?menuId=PCUCTCES1000&prtlBbsId=26634,,수도권 / 인천 / 상위단위: 바이오시스템융합학부,생명공학과|생명공학|바이오시스템융합학부|바이오시스템융합|바이오공학|바이오
인하대,생명과학과,2028,2028 공식자료,바이오시스템융합학부,생명과학,화학,"*교과 영역은 내용 상위계가 뚜렷한 특성을 지닌 과학 교과 영역을 중심으로 안내함. -수학 교과: 대수, 미적분Ⅰ, 확률과 통계 교과목 이수를 권장하며, 공과대학의 경우 기하 교과목도 포함하여 이수할 것을 권장함.",한국대학교육협의회·대입정보포털 어디가,2028학년도 권역별 대학별 권장과목(반영과목),https://www.adiga.kr/uct/ces/archiveView.do?menuId=PCUCTCES1000&prtlBbsId=26634,,수도권 / 인천 / 상위단위: 바이오시스템융합학부,생명과학과|생명과학|바이오시스템융합학부|바이오시스템융합
인하대,첨단바이오의약학과,2028,2028 공식자료,바이오시스템융합학부,생명과학,화학,"*교과 영역은 내용 상위계가 뚜렷한 특성을 지닌 과학 교과 영역을 중심으로 안내함. -수학 교과: 대수, 미적분Ⅰ, 확률과 통계 교과목 이수를 권장하며, 공과대학의 경우 기하 교과목도 포함하여 이수할 것을 권장함.",한국대학교육협의회·대입정보포털 어디가,2028학년도 권역별 대학별 권장과목(반영과목),https://www.adiga.kr/uct/ces/archiveView.do?menuId=PCUCTCES1000&prtlBbsId=26634,,수도권 / 인천 / 상위단위: 바이오시스템융합학부,첨단바이오의약학과|첨단바이오의약학|바이오시스템융합학부|바이오시스템융합|약대|약학
인하대,바이오식품공학과,2028,2028 공식자료,바이오시스템융합학부,생명과학,화학,"*교과 영역은 내용 상위계가 뚜렷한 특성을 지닌 과학 교과 영역을 중심으로 안내함. -수학 교과: 대수, 미적분Ⅰ, 확률과 통계 교과목 이수를 권장하며, 공과대학의 경우 기하 교과목도 포함하여 이수할 것을 권장함.",한국대학교육협의회·대입정보포털 어디가,2028학년도 권역별 대학별 권장과목(반영과목),https://www.adiga.kr/uct/ces/archiveView.do?menuId=PCUCTCES1000&prtlBbsId=26634,,수도권 / 인천 / 상위단위: 바이오시스템융합학부,바이오식품공학과|바이오식품공학|바이오시스템융합학부|바이오시스템융합
경기대,인문/예체능,2028,2028 공식자료,,"국어, 영어, 수학, 사회(2과목), 과학, 한국사",,"사회, 과학 이수 과목 수 지정 관심분야 일반선택 과목 우선 이수 권장",한국대학교육협의회·대입정보포털 어디가,2028학년도 권역별 대학별 권장과목(반영과목),https://www.adiga.kr/uct/ces/archiveView.do?menuId=PCUCTCES1000&prtlBbsId=26634,,수도권 / 경기,인문/예체능
경기대,자연/공학(수학과 제외),2028,2028 공식자료,,"국어, 영어, 수학, 사회, 과학(3과목), 한국사",,"사회, 과학 이수 과목 수 지정 관심분야 일반선택 과목 우선 이수 권장",한국대학교육협의회·대입정보포털 어디가,2028학년도 권역별 대학별 권장과목(반영과목),https://www.adiga.kr/uct/ces/archiveView.do?menuId=PCUCTCES1000&prtlBbsId=26634,,수도권 / 경기,자연/공학(수학과 제외)
경기대,수학과,2028,2028 공식자료,,"국어, 영어, 수학, 과학, 한국사","기하, 미적분Ⅱ 중 1과목 이수","사회, 과학 이수 과목 수 지정 관심분야 일반선택 과목 우선 이수 권장",한국대학교육협의회·대입정보포털 어디가,2028학년도 권역별 대학별 권장과목(반영과목),https://www.adiga.kr/uct/ces/archiveView.do?menuId=PCUCTCES1000&prtlBbsId=26634,,수도권 / 경기,수학과|수학
단국대,퇴계혁신칼리지,2028,2028 공식자료,인문계열,"국어, 수학, 영어, 사회",,"일반선택 과목 이수 후 진로와 적성에 맞게 진로선택 과목, 융합선택 과목을 이수할 것.",한국대학교육협의회·대입정보포털 어디가,2028학년도 권역별 대학별 권장과목(반영과목),https://www.adiga.kr/uct/ces/archiveView.do?menuId=PCUCTCES1000&prtlBbsId=26634,,수도권 / 경기 / 상위단위: 인문계열,퇴계혁신칼리지|인문계열|인문
단국대,인문계열광역,2028,2028 공식자료,인문계열,"국어, 수학, 영어, 사회",,"일반선택 과목 이수 후 진로와 적성에 맞게 진로선택 과목, 융합선택 과목을 이수할 것.",한국대학교육협의회·대입정보포털 어디가,2028학년도 권역별 대학별 권장과목(반영과목),https://www.adiga.kr/uct/ces/archiveView.do?menuId=PCUCTCES1000&prtlBbsId=26634,,수도권 / 경기 / 상위단위: 인문계열,인문계열광역|인문계열|인문
단국대,사회계열광역,2028,2028 공식자료,인문계열,"국어, 수학, 영어, 사회",,"일반선택 과목 이수 후 진로와 적성에 맞게 진로선택 과목, 융합선택 과목을 이수할 것.",한국대학교육협의회·대입정보포털 어디가,2028학년도 권역별 대학별 권장과목(반영과목),https://www.adiga.kr/uct/ces/archiveView.do?menuId=PCUCTCES1000&prtlBbsId=26634,,수도권 / 경기 / 상위단위: 인문계열,사회계열광역|인문계열|인문
단국대,문과대학,2028,2028 공식자료,인문계열,"국어, 수학, 영어, 사회",,"일반선택 과목 이수 후 진로와 적성에 맞게 진로선택 과목, 융합선택 과목을 이수할 것.",한국대학교육협의회·대입정보포털 어디가,2028학년도 권역별 대학별 권장과목(반영과목),https://www.adiga.kr/uct/ces/archiveView.do?menuId=PCUCTCES1000&prtlBbsId=26634,,수도권 / 경기 / 상위단위: 인문계열,문과대학|인문계열|인문
단국대,법과대학,2028,2028 공식자료,인문계열,"국어, 수학, 영어, 사회",,"일반선택 과목 이수 후 진로와 적성에 맞게 진로선택 과목, 융합선택 과목을 이수할 것.",한국대학교육협의회·대입정보포털 어디가,2028학년도 권역별 대학별 권장과목(반영과목),https://www.adiga.kr/uct/ces/archiveView.do?menuId=PCUCTCES1000&prtlBbsId=26634,,수도권 / 경기 / 상위단위: 인문계열,법과대학|인문계열|인문
단국대,사회과학대학,2028,2028 공식자료,인문계열,"국어, 수학, 영어, 사회",,"일반선택 과목 이수 후 진로와 적성에 맞게 진로선택 과목, 융합선택 과목을 이수할 것.",한국대학교육협의회·대입정보포털 어디가,2028학년도 권역별 대학별 권장과목(반영과목),https://www.adiga.kr/uct/ces/archiveView.do?menuId=PCUCTCES1000&prtlBbsId=26634,,수도권 / 경기 / 상위단위: 인문계열,사회과학대학|인문계열|인문
단국대,경영경제대학,2028,2028 공식자료,인문계열,"국어, 수학, 영어, 사회",,"일반선택 과목 이수 후 진로와 적성에 맞게 진로선택 과목, 융합선택 과목을 이수할 것.",한국대학교육협의회·대입정보포털 어디가,2028학년도 권역별 대학별 권장과목(반영과목),https://www.adiga.kr/uct/ces/archiveView.do?menuId=PCUCTCES1000&prtlBbsId=26634,,수도권 / 경기 / 상위단위: 인문계열,경영경제대학|인문계열|인문
단국대,프리무스국제대학,2028,2028 공식자료,인문계열,"국어, 수학, 영어, 사회",,"일반선택 과목 이수 후 진로와 적성에 맞게 진로선택 과목, 융합선택 과목을 이수할 것.",한국대학교육협의회·대입정보포털 어디가,2028학년도 권역별 대학별 권장과목(반영과목),https://www.adiga.kr/uct/ces/archiveView.do?menuId=PCUCTCES1000&prtlBbsId=26634,,수도권 / 경기 / 상위단위: 인문계열,프리무스국제대학|인문계열|인문
단국대,사범대학,2028,2028 공식자료,인문계열,"국어, 수학, 영어, 사회",,"일반선택 과목 이수 후 진로와 적성에 맞게 진로선택 과목, 융합선택 과목을 이수할 것.",한국대학교육협의회·대입정보포털 어디가,2028학년도 권역별 대학별 권장과목(반영과목),https://www.adiga.kr/uct/ces/archiveView.do?menuId=PCUCTCES1000&prtlBbsId=26634,,수도권 / 경기 / 상위단위: 인문계열,사범대학|인문계열|인문
단국대,퇴계혁신칼리지,2028,2028 공식자료,자연계열,"국어, 수학, 영어, 과학",,"일반선택 과목 이수 후 진로와 적성에 맞게 진로선택 과목, 융합선택 과목을 이수할 것.",한국대학교육협의회·대입정보포털 어디가,2028학년도 권역별 대학별 권장과목(반영과목),https://www.adiga.kr/uct/ces/archiveView.do?menuId=PCUCTCES1000&prtlBbsId=26634,,수도권 / 경기 / 상위단위: 자연계열,퇴계혁신칼리지|자연계열|자연
단국대,공학계열광역,2028,2028 공식자료,자연계열,"국어, 수학, 영어, 과학",,"일반선택 과목 이수 후 진로와 적성에 맞게 진로선택 과목, 융합선택 과목을 이수할 것.",한국대학교육협의회·대입정보포털 어디가,2028학년도 권역별 대학별 권장과목(반영과목),https://www.adiga.kr/uct/ces/archiveView.do?menuId=PCUCTCES1000&prtlBbsId=26634,,수도권 / 경기 / 상위단위: 자연계열,공학계열광역|자연계열|자연
단국대,SW융합계열광역,2028,2028 공식자료,자연계열,"국어, 수학, 영어, 과학",,"일반선택 과목 이수 후 진로와 적성에 맞게 진로선택 과목, 융합선택 과목을 이수할 것.",한국대학교육협의회·대입정보포털 어디가,2028학년도 권역별 대학별 권장과목(반영과목),https://www.adiga.kr/uct/ces/archiveView.do?menuId=PCUCTCES1000&prtlBbsId=26634,,수도권 / 경기 / 상위단위: 자연계열,SW융합계열광역|자연계열|자연
단국대,공과대학,2028,2028 공식자료,자연계열,"국어, 수학, 영어, 과학",,"일반선택 과목 이수 후 진로와 적성에 맞게 진로선택 과목, 융합선택 과목을 이수할 것.",한국대학교육협의회·대입정보포털 어디가,2028학년도 권역별 대학별 권장과목(반영과목),https://www.adiga.kr/uct/ces/archiveView.do?menuId=PCUCTCES1000&prtlBbsId=26634,,수도권 / 경기 / 상위단위: 자연계열,공과대학|자연계열|자연
단국대,SW융합대학,2028,2028 공식자료,자연계열,"국어, 수학, 영어, 과학",,"일반선택 과목 이수 후 진로와 적성에 맞게 진로선택 과목, 융합선택 과목을 이수할 것.",한국대학교육협의회·대입정보포털 어디가,2028학년도 권역별 대학별 권장과목(반영과목),https://www.adiga.kr/uct/ces/archiveView.do?menuId=PCUCTCES1000&prtlBbsId=26634,,수도권 / 경기 / 상위단위: 자연계열,SW융합대학|자연계열|자연
단국대,프리무스국제대학,2028,2028 공식자료,자연계열,"국어, 수학, 영어, 과학",,"일반선택 과목 이수 후 진로와 적성에 맞게 진로선택 과목, 융합선택 과목을 이수할 것.",한국대학교육협의회·대입정보포털 어디가,2028학년도 권역별 대학별 권장과목(반영과목),https://www.adiga.kr/uct/ces/archiveView.do?menuId=PCUCTCES1000&prtlBbsId=26634,,수도권 / 경기 / 상위단위: 자연계열,프리무스국제대학|자연계열|자연
단국대,사범대학,2028,2028 공식자료,자연계열,"국어, 수학, 영어, 과학",,"일반선택 과목 이수 후 진로와 적성에 맞게 진로선택 과목, 융합선택 과목을 이수할 것.",한국대학교육협의회·대입정보포털 어디가,2028학년도 권역별 대학별 권장과목(반영과목),https://www.adiga.kr/uct/ces/archiveView.do?menuId=PCUCTCES1000&prtlBbsId=26634,,수도권 / 경기 / 상위단위: 자연계열,사범대학|자연계열|자연
성결대,자율전공학부,2028,2028 공식자료,미래인재융합대학,계열 구분 없이 희망하는 진로 및 적성을 고려하여 교과목 선택 이수,,"교과(군)별 과목의 위계를 따라 일반선택 과목을 우선 이수하고, 진로와 적성에 맞게 진로선택 과목과 융합선택 과목 이수 권장",한국대학교육협의회·대입정보포털 어디가,2028학년도 권역별 대학별 권장과목(반영과목),https://www.adiga.kr/uct/ces/archiveView.do?menuId=PCUCTCES1000&prtlBbsId=26634,,수도권 / 경기 / 상위단위: 미래인재융합대학,자율전공학부|자율전공|미래인재융합대학
성결대,인문사회계열 자율전공학부,2028,2028 공식자료,미래인재융합대학,인문사회계열 진로 및 적성을 고려하여 교과목 선택 이수,,"교과(군)별 과목의 위계를 따라 일반선택 과목을 우선 이수하고, 진로와 적성에 맞게 진로선택 과목과 융합선택 과목 이수 권장",한국대학교육협의회·대입정보포털 어디가,2028학년도 권역별 대학별 권장과목(반영과목),https://www.adiga.kr/uct/ces/archiveView.do?menuId=PCUCTCES1000&prtlBbsId=26634,,수도권 / 경기 / 상위단위: 미래인재융합대학,인문사회계열 자율전공학부|인문사회계열 자율전공|미래인재융합대학
성결대,공학계열 자율전공학부,2028,2028 공식자료,미래인재융합대학,공학계열 진로 및 적성을 고려하여 교과목 선택 이수,,"교과(군)별 과목의 위계를 따라 일반선택 과목을 우선 이수하고, 진로와 적성에 맞게 진로선택 과목과 융합선택 과목 이수 권장",한국대학교육협의회·대입정보포털 어디가,2028학년도 권역별 대학별 권장과목(반영과목),https://www.adiga.kr/uct/ces/archiveView.do?menuId=PCUCTCES1000&prtlBbsId=26634,,수도권 / 경기 / 상위단위: 미래인재융합대학,공학계열 자율전공학부|공학계열 자율전공|미래인재융합대학
성결대,국어국문학과,2028,2028 공식자료,인문대학,인문사회계열 진로 및 적성을 고려하여 교과목 선택 이수,,"교과(군)별 과목의 위계를 따라 일반선택 과목을 우선 이수하고, 진로와 적성에 맞게 진로선택 과목과 융합선택 과목 이수 권장",한국대학교육협의회·대입정보포털 어디가,2028학년도 권역별 대학별 권장과목(반영과목),https://www.adiga.kr/uct/ces/archiveView.do?menuId=PCUCTCES1000&prtlBbsId=26634,,수도권 / 경기 / 상위단위: 인문대학,국어국문학과|국어국문학|인문대학
성결대,영어영문학과,2028,2028 공식자료,인문대학,인문사회계열 진로 및 적성을 고려하여 교과목 선택 이수,,"교과(군)별 과목의 위계를 따라 일반선택 과목을 우선 이수하고, 진로와 적성에 맞게 진로선택 과목과 융합선택 과목 이수 권장",한국대학교육협의회·대입정보포털 어디가,2028학년도 권역별 대학별 권장과목(반영과목),https://www.adiga.kr/uct/ces/archiveView.do?menuId=PCUCTCES1000&prtlBbsId=26634,,수도권 / 경기 / 상위단위: 인문대학,영어영문학과|영어영문학|인문대학
성결대,중어중문학과,2028,2028 공식자료,인문대학,인문사회계열 진로 및 적성을 고려하여 교과목 선택 이수,,"교과(군)별 과목의 위계를 따라 일반선택 과목을 우선 이수하고, 진로와 적성에 맞게 진로선택 과목과 융합선택 과목 이수 권장",한국대학교육협의회·대입정보포털 어디가,2028학년도 권역별 대학별 권장과목(반영과목),https://www.adiga.kr/uct/ces/archiveView.do?menuId=PCUCTCES1000&prtlBbsId=26634,,수도권 / 경기 / 상위단위: 인문대학,중어중문학과|중어중문학|인문대학
성결대,국제개발협력학과,2028,2028 공식자료,사회과학대학,인문사회계열 진로 및 적성을 고려하여 교과목 선택 이수,,"교과(군)별 과목의 위계를 따라 일반선택 과목을 우선 이수하고, 진로와 적성에 맞게 진로선택 과목과 융합선택 과목 이수 권장",한국대학교육협의회·대입정보포털 어디가,2028학년도 권역별 대학별 권장과목(반영과목),https://www.adiga.kr/uct/ces/archiveView.do?menuId=PCUCTCES1000&prtlBbsId=26634,,수도권 / 경기 / 상위단위: 사회과학대학,국제개발협력학과|국제개발협력학|사회과학대학
성결대,행정학부,2028,2028 공식자료,사회과학대학,인문사회계열 진로 및 적성을 고려하여 교과목 선택 이수,,"교과(군)별 과목의 위계를 따라 일반선택 과목을 우선 이수하고, 진로와 적성에 맞게 진로선택 과목과 융합선택 과목 이수 권장",한국대학교육협의회·대입정보포털 어디가,2028학년도 권역별 대학별 권장과목(반영과목),https://www.adiga.kr/uct/ces/archiveView.do?menuId=PCUCTCES1000&prtlBbsId=26634,,수도권 / 경기 / 상위단위: 사회과학대학,행정학부|행정|사회과학대학
성결대,사회복지학과,2028,2028 공식자료,사회과학대학,인문사회계열 진로 및 적성을 고려하여 교과목 선택 이수,,"교과(군)별 과목의 위계를 따라 일반선택 과목을 우선 이수하고, 진로와 적성에 맞게 진로선택 과목과 융합선택 과목 이수 권장",한국대학교육협의회·대입정보포털 어디가,2028학년도 권역별 대학별 권장과목(반영과목),https://www.adiga.kr/uct/ces/archiveView.do?menuId=PCUCTCES1000&prtlBbsId=26634,,수도권 / 경기 / 상위단위: 사회과학대학,사회복지학과|사회복지학|사회과학대학
성결대,관광학과,2028,2028 공식자료,사회과학대학,인문사회계열 진로 및 적성을 고려하여 교과목 선택 이수,,"교과(군)별 과목의 위계를 따라 일반선택 과목을 우선 이수하고, 진로와 적성에 맞게 진로선택 과목과 융합선택 과목 이수 권장",한국대학교육협의회·대입정보포털 어디가,2028학년도 권역별 대학별 권장과목(반영과목),https://www.adiga.kr/uct/ces/archiveView.do?menuId=PCUCTCES1000&prtlBbsId=26634,,수도권 / 경기 / 상위단위: 사회과학대학,관광학과|관광학|사회과학대학
성결대,경영학과,2028,2028 공식자료,글로벌경영기술대학,인문사회계열 진로 및 적성을 고려하여 교과목 선택 이수,,"교과(군)별 과목의 위계를 따라 일반선택 과목을 우선 이수하고, 진로와 적성에 맞게 진로선택 과목과 융합선택 과목 이수 권장",한국대학교육협의회·대입정보포털 어디가,2028학년도 권역별 대학별 권장과목(반영과목),https://www.adiga.kr/uct/ces/archiveView.do?menuId=PCUCTCES1000&prtlBbsId=26634,,수도권 / 경기 / 상위단위: 글로벌경영기술대학,경영학과|경영학|글로벌경영기술대학|경영
성결대,글로벌물류학과,2028,2028 공식자료,글로벌경영기술대학,인문사회계열 진로 및 적성을 고려하여 교과목 선택 이수,,"교과(군)별 과목의 위계를 따라 일반선택 과목을 우선 이수하고, 진로와 적성에 맞게 진로선택 과목과 융합선택 과목 이수 권장",한국대학교육협의회·대입정보포털 어디가,2028학년도 권역별 대학별 권장과목(반영과목),https://www.adiga.kr/uct/ces/archiveView.do?menuId=PCUCTCES1000&prtlBbsId=26634,,수도권 / 경기 / 상위단위: 글로벌경영기술대학,글로벌물류학과|글로벌물류학|글로벌경영기술대학
성결대,산업경영공학과,2028,2028 공식자료,글로벌경영기술대학,공학계열 진로 및 적성을 고려하여 교과목 선택 이수,,"교과(군)별 과목의 위계를 따라 일반선택 과목을 우선 이수하고, 진로와 적성에 맞게 진로선택 과목과 융합선택 과목 이수 권장",한국대학교육협의회·대입정보포털 어디가,2028학년도 권역별 대학별 권장과목(반영과목),https://www.adiga.kr/uct/ces/archiveView.do?menuId=PCUCTCES1000&prtlBbsId=26634,,수도권 / 경기 / 상위단위: 글로벌경영기술대학,산업경영공학과|산업경영공학|글로벌경영기술대학
성결대,컴퓨터공학과,2028,2028 공식자료,IT공과대학,공학계열 진로 및 적성을 고려하여 교과목 선택 이수,,"교과(군)별 과목의 위계를 따라 일반선택 과목을 우선 이수하고, 진로와 적성에 맞게 진로선택 과목과 융합선택 과목 이수 권장",한국대학교육협의회·대입정보포털 어디가,2028학년도 권역별 대학별 권장과목(반영과목),https://www.adiga.kr/uct/ces/archiveView.do?menuId=PCUCTCES1000&prtlBbsId=26634,,수도권 / 경기 / 상위단위: IT공과대학,컴퓨터공학과|컴퓨터공학|IT공과대학|컴공|컴퓨터과학|컴퓨터
성결대,정보통신공학과,2028,2028 공식자료,IT공과대학,공학계열 진로 및 적성을 고려하여 교과목 선택 이수,,"교과(군)별 과목의 위계를 따라 일반선택 과목을 우선 이수하고, 진로와 적성에 맞게 진로선택 과목과 융합선택 과목 이수 권장",한국대학교육협의회·대입정보포털 어디가,2028학년도 권역별 대학별 권장과목(반영과목),https://www.adiga.kr/uct/ces/archiveView.do?menuId=PCUCTCES1000&prtlBbsId=26634,,수도권 / 경기 / 상위단위: IT공과대학,정보통신공학과|정보통신공학|IT공과대학
성결대,미디어소프트웨어학과,2028,2028 공식자료,IT공과대학,공학계열 진로 및 적성을 고려하여 교과목 선택 이수,,"교과(군)별 과목의 위계를 따라 일반선택 과목을 우선 이수하고, 진로와 적성에 맞게 진로선택 과목과 융합선택 과목 이수 권장",한국대학교육협의회·대입정보포털 어디가,2028학년도 권역별 대학별 권장과목(반영과목),https://www.adiga.kr/uct/ces/archiveView.do?menuId=PCUCTCES1000&prtlBbsId=26634,,수도권 / 경기 / 상위단위: IT공과대학,미디어소프트웨어학과|미디어소프트웨어학|IT공과대학
성결대,도시디자인정보공학과,2028,2028 공식자료,IT공과대학,공학계열 진로 및 적성을 고려하여 교과목 선택 이수,,"교과(군)별 과목의 위계를 따라 일반선택 과목을 우선 이수하고, 진로와 적성에 맞게 진로선택 과목과 융합선택 과목 이수 권장",한국대학교육협의회·대입정보포털 어디가,2028학년도 권역별 대학별 권장과목(반영과목),https://www.adiga.kr/uct/ces/archiveView.do?menuId=PCUCTCES1000&prtlBbsId=26634,,수도권 / 경기 / 상위단위: IT공과대학,도시디자인정보공학과|도시디자인정보공학|IT공과대학
아주대,기계공학과,2028,2028 공식자료,공과대학,"대수, 미적분Ⅰ, 확률과 통계, 미적분Ⅱ, 과학",,"-수학: 일반선택 과목(대수, 미적분Ⅰ, 확률과 통계) 이수 후, 진로와 적성에 맞게 진로선택 과목(미적분Ⅱ) 이수 -과학: 과학 관련 일반선택 과목 먼저 이수 후, 진로와 적성에 맞게 진로선택 과목 이수",한국대학교육협의회·대입정보포털 어디가,2028학년도 권역별 대학별 권장과목(반영과목),https://www.adiga.kr/uct/ces/archiveView.do?menuId=PCUCTCES1000&prtlBbsId=26634,,수도권 / 경기 / 상위단위: 공과대학,기계공학과|기계공학|공과대학|기계
아주대,산업공학과,2028,2028 공식자료,공과대학,"대수, 미적분Ⅰ, 확률과 통계, 미적분Ⅱ, 과학",,"-수학: 일반선택 과목(대수, 미적분Ⅰ, 확률과 통계) 이수 후, 진로와 적성에 맞게 진로선택 과목(미적분Ⅱ) 이수 -과학: 과학 관련 일반선택 과목 먼저 이수 후, 진로와 적성에 맞게 진로선택 과목 이수",한국대학교육협의회·대입정보포털 어디가,2028학년도 권역별 대학별 권장과목(반영과목),https://www.adiga.kr/uct/ces/archiveView.do?menuId=PCUCTCES1000&prtlBbsId=26634,,수도권 / 경기 / 상위단위: 공과대학,산업공학과|산업공학|공과대학|산공
아주대,화학공학과,2028,2028 공식자료,공과대학,"대수, 미적분Ⅰ, 확률과 통계, 미적분Ⅱ, 과학",,"-수학: 일반선택 과목(대수, 미적분Ⅰ, 확률과 통계) 이수 후, 진로와 적성에 맞게 진로선택 과목(미적분Ⅱ) 이수 -과학: 과학 관련 일반선택 과목 먼저 이수 후, 진로와 적성에 맞게 진로선택 과목 이수",한국대학교육협의회·대입정보포털 어디가,2028학년도 권역별 대학별 권장과목(반영과목),https://www.adiga.kr/uct/ces/archiveView.do?menuId=PCUCTCES1000&prtlBbsId=26634,,수도권 / 경기 / 상위단위: 공과대학,화학공학과|화학공학|공과대학
아주대,첨단신소재공학과,2028,2028 공식자료,공과대학,"대수, 미적분Ⅰ, 확률과 통계, 미적분Ⅱ, 과학",,"-수학: 일반선택 과목(대수, 미적분Ⅰ, 확률과 통계) 이수 후, 진로와 적성에 맞게 진로선택 과목(미적분Ⅱ) 이수 -과학: 과학 관련 일반선택 과목 먼저 이수 후, 진로와 적성에 맞게 진로선택 과목 이수",한국대학교육협의회·대입정보포털 어디가,2028학년도 권역별 대학별 권장과목(반영과목),https://www.adiga.kr/uct/ces/archiveView.do?menuId=PCUCTCES1000&prtlBbsId=26634,,수도권 / 경기 / 상위단위: 공과대학,첨단신소재공학과|첨단신소재공학|공과대학|신소재공학|신소재|재료공학
아주대,응용화학과,2028,2028 공식자료,공과대학,"대수, 미적분Ⅰ, 확률과 통계, 미적분Ⅱ, 과학",,"-수학: 일반선택 과목(대수, 미적분Ⅰ, 확률과 통계) 이수 후, 진로와 적성에 맞게 진로선택 과목(미적분Ⅱ) 이수 -과학: 과학 관련 일반선택 과목 먼저 이수 후, 진로와 적성에 맞게 진로선택 과목 이수",한국대학교육협의회·대입정보포털 어디가,2028학년도 권역별 대학별 권장과목(반영과목),https://www.adiga.kr/uct/ces/archiveView.do?menuId=PCUCTCES1000&prtlBbsId=26634,,수도권 / 경기 / 상위단위: 공과대학,응용화학과|응용화학|공과대학
아주대,환경안전공학과,2028,2028 공식자료,공과대학,"대수, 미적분Ⅰ, 확률과 통계, 미적분Ⅱ, 과학",,"-수학: 일반선택 과목(대수, 미적분Ⅰ, 확률과 통계) 이수 후, 진로와 적성에 맞게 진로선택 과목(미적분Ⅱ) 이수 -과학: 과학 관련 일반선택 과목 먼저 이수 후, 진로와 적성에 맞게 진로선택 과목 이수",한국대학교육협의회·대입정보포털 어디가,2028학년도 권역별 대학별 권장과목(반영과목),https://www.adiga.kr/uct/ces/archiveView.do?menuId=PCUCTCES1000&prtlBbsId=26634,,수도권 / 경기 / 상위단위: 공과대학,환경안전공학과|환경안전공학|공과대학
아주대,건설시스템공학과,2028,2028 공식자료,공과대학,"대수, 미적분Ⅰ, 확률과 통계, 미적분Ⅱ, 과학",,"-수학: 일반선택 과목(대수, 미적분Ⅰ, 확률과 통계) 이수 후, 진로와 적성에 맞게 진로선택 과목(미적분Ⅱ) 이수 -과학: 과학 관련 일반선택 과목 먼저 이수 후, 진로와 적성에 맞게 진로선택 과목 이수",한국대학교육협의회·대입정보포털 어디가,2028학년도 권역별 대학별 권장과목(반영과목),https://www.adiga.kr/uct/ces/archiveView.do?menuId=PCUCTCES1000&prtlBbsId=26634,,수도권 / 경기 / 상위단위: 공과대학,건설시스템공학과|건설시스템공학|공과대학
아주대,교통시스템공학과,2028,2028 공식자료,공과대학,"대수, 미적분Ⅰ, 확률과 통계, 미적분Ⅱ, 과학",,"-수학: 일반선택 과목(대수, 미적분Ⅰ, 확률과 통계) 이수 후, 진로와 적성에 맞게 진로선택 과목(미적분Ⅱ) 이수 -과학: 과학 관련 일반선택 과목 먼저 이수 후, 진로와 적성에 맞게 진로선택 과목 이수",한국대학교육협의회·대입정보포털 어디가,2028학년도 권역별 대학별 권장과목(반영과목),https://www.adiga.kr/uct/ces/archiveView.do?menuId=PCUCTCES1000&prtlBbsId=26634,,수도권 / 경기 / 상위단위: 공과대학,교통시스템공학과|교통시스템공학|공과대학
아주대,건축학과,2028,2028 공식자료,공과대학,"대수, 미적분Ⅰ, 확률과 통계, 미적분Ⅱ, 과학",,"-수학: 일반선택 과목(대수, 미적분Ⅰ, 확률과 통계) 이수 후, 진로와 적성에 맞게 진로선택 과목(미적분Ⅱ) 이수 -과학: 과학 관련 일반선택 과목 먼저 이수 후, 진로와 적성에 맞게 진로선택 과목 이수",한국대학교육협의회·대입정보포털 어디가,2028학년도 권역별 대학별 권장과목(반영과목),https://www.adiga.kr/uct/ces/archiveView.do?menuId=PCUCTCES1000&prtlBbsId=26634,,수도권 / 경기 / 상위단위: 공과대학,건축학과|건축학|공과대학
아주대,전자공학과,2028,2028 공식자료,첨단ICT융합대학,"대수, 미적분Ⅰ, 확률과 통계, 미적분Ⅱ, 과학",,"-수학: 일반선택 과목(대수, 미적분Ⅰ, 확률과 통계) 이수 후, 진로와 적성에 맞게 진로선택 과목(미적분Ⅱ) 이수 -과학: 과학 관련 일반선택 과목 먼저 이수 후, 진로와 적성에 맞게 진로선택 과목 이수",한국대학교육협의회·대입정보포털 어디가,2028학년도 권역별 대학별 권장과목(반영과목),https://www.adiga.kr/uct/ces/archiveView.do?menuId=PCUCTCES1000&prtlBbsId=26634,,수도권 / 경기 / 상위단위: 첨단ICT융합대학,전자공학과|전자공학|첨단ICT융합대학
아주대,지능형반도체공학과,2028,2028 공식자료,첨단ICT융합대학,"대수, 미적분Ⅰ, 확률과 통계, 미적분Ⅱ, 과학",,"-수학: 일반선택 과목(대수, 미적분Ⅰ, 확률과 통계) 이수 후, 진로와 적성에 맞게 진로선택 과목(미적분Ⅱ) 이수 -과학: 과학 관련 일반선택 과목 먼저 이수 후, 진로와 적성에 맞게 진로선택 과목 이수",한국대학교육협의회·대입정보포털 어디가,2028학년도 권역별 대학별 권장과목(반영과목),https://www.adiga.kr/uct/ces/archiveView.do?menuId=PCUCTCES1000&prtlBbsId=26634,,수도권 / 경기 / 상위단위: 첨단ICT융합대학,지능형반도체공학과|지능형반도체공학|첨단ICT융합대학
아주대,미래모빌리티공학과,2028,2028 공식자료,첨단ICT융합대학,"대수, 미적분Ⅰ, 확률과 통계, 미적분Ⅱ, 과학",,"-수학: 일반선택 과목(대수, 미적분Ⅰ, 확률과 통계) 이수 후, 진로와 적성에 맞게 진로선택 과목(미적분Ⅱ) 이수 -과학: 과학 관련 일반선택 과목 먼저 이수 후, 진로와 적성에 맞게 진로선택 과목 이수",한국대학교육협의회·대입정보포털 어디가,2028학년도 권역별 대학별 권장과목(반영과목),https://www.adiga.kr/uct/ces/archiveView.do?menuId=PCUCTCES1000&prtlBbsId=26634,,수도권 / 경기 / 상위단위: 첨단ICT융합대학,미래모빌리티공학과|미래모빌리티공학|첨단ICT융합대학
아주대,소프트웨어학과,2028,2028 공식자료,소프트웨어융합대학,"대수, 미적분Ⅰ, 확률과 통계, 미적분Ⅱ, 과학",,"-수학: 일반선택 과목(대수, 미적분Ⅰ, 확률과 통계) 이수 후, 진로와 적성에 맞게 진로선택 과목(미적분Ⅱ) 이수 -과학: 과학 관련 일반선택 과목 먼저 이수 후, 진로와 적성에 맞게 진로선택 과목 이수",한국대학교육협의회·대입정보포털 어디가,2028학년도 권역별 대학별 권장과목(반영과목),https://www.adiga.kr/uct/ces/archiveView.do?menuId=PCUCTCES1000&prtlBbsId=26634,,수도권 / 경기 / 상위단위: 소프트웨어융합대학,소프트웨어학과|소프트웨어학|소프트웨어융합대학
아주대,사이버보안학과,2028,2028 공식자료,소프트웨어융합대학,"대수, 미적분Ⅰ, 확률과 통계, 미적분Ⅱ, 과학",,"-수학: 일반선택 과목(대수, 미적분Ⅰ, 확률과 통계) 이수 후, 진로와 적성에 맞게 진로선택 과목(미적분Ⅱ) 이수 -과학: 과학 관련 일반선택 과목 먼저 이수 후, 진로와 적성에 맞게 진로선택 과목 이수",한국대학교육협의회·대입정보포털 어디가,2028학년도 권역별 대학별 권장과목(반영과목),https://www.adiga.kr/uct/ces/archiveView.do?menuId=PCUCTCES1000&prtlBbsId=26634,,수도권 / 경기 / 상위단위: 소프트웨어융합대학,사이버보안학과|사이버보안학|소프트웨어융합대학
아주대,디지털미디어학과,2028,2028 공식자료,소프트웨어융합대학,"대수, 미적분Ⅰ, 확률과 통계, 미적분Ⅱ, 과학",,"-수학: 일반선택 과목(대수, 미적분Ⅰ, 확률과 통계) 이수 후, 진로와 적성에 맞게 진로선택 과목(미적분Ⅱ) 이수 -과학: 과학 관련 일반선택 과목 먼저 이수 후, 진로와 적성에 맞게 진로선택 과목 이수",한국대학교육협의회·대입정보포털 어디가,2028학년도 권역별 대학별 권장과목(반영과목),https://www.adiga.kr/uct/ces/archiveView.do?menuId=PCUCTCES1000&prtlBbsId=26634,,수도권 / 경기 / 상위단위: 소프트웨어융합대학,디지털미디어학과|디지털미디어학|소프트웨어융합대학
아주대,국방디지털융합학과,2028,2028 공식자료,소프트웨어융합대학,"대수, 미적분Ⅰ, 확률과 통계, 미적분Ⅱ, 과학",,"-수학: 일반선택 과목(대수, 미적분Ⅰ, 확률과 통계) 이수 후, 진로와 적성에 맞게 진로선택 과목(미적분Ⅱ) 이수 -과학: 과학 관련 일반선택 과목 먼저 이수 후, 진로와 적성에 맞게 진로선택 과목 이수",한국대학교육협의회·대입정보포털 어디가,2028학년도 권역별 대학별 권장과목(반영과목),https://www.adiga.kr/uct/ces/archiveView.do?menuId=PCUCTCES1000&prtlBbsId=26634,,수도권 / 경기 / 상위단위: 소프트웨어융합대학,국방디지털융합학과|국방디지털융합학|소프트웨어융합대학
아주대,수학과,2028,2028 공식자료,자연과학대학,"대수, 미적분Ⅰ, 확률과 통계, 미적분Ⅱ, 과학",,"-수학: 일반선택 과목(대수, 미적분Ⅰ, 확률과 통계) 이수 후, 진로와 적성에 맞게 진로선택 과목(미적분Ⅱ) 이수 -과학: 과학 관련 일반선택 과목 먼저 이수 후, 진로와 적성에 맞게 진로선택 과목 이수",한국대학교육협의회·대입정보포털 어디가,2028학년도 권역별 대학별 권장과목(반영과목),https://www.adiga.kr/uct/ces/archiveView.do?menuId=PCUCTCES1000&prtlBbsId=26634,,수도권 / 경기 / 상위단위: 자연과학대학,수학과|수학|자연과학대학
아주대,프런티어과학학부,2028,2028 공식자료,자연과학대학,"대수, 미적분Ⅰ, 확률과 통계, 미적분Ⅱ, 과학",,"-수학: 일반선택 과목(대수, 미적분Ⅰ, 확률과 통계) 이수 후, 진로와 적성에 맞게 진로선택 과목(미적분Ⅱ) 이수 -과학: 과학 관련 일반선택 과목 먼저 이수 후, 진로와 적성에 맞게 진로선택 과목 이수",한국대학교육협의회·대입정보포털 어디가,2028학년도 권역별 대학별 권장과목(반영과목),https://www.adiga.kr/uct/ces/archiveView.do?menuId=PCUCTCES1000&prtlBbsId=26634,,수도권 / 경기 / 상위단위: 자연과학대학,프런티어과학학부|프런티어과학|자연과학대학
아주대,의학과,2028,2028 공식자료,의과대학,"대수, 미적분Ⅰ, 확률과 통계, 미적분Ⅱ, 과학",,"-수학: 일반선택 과목(대수, 미적분Ⅰ, 확률과 통계) 이수 후, 진로와 적성에 맞게 진로선택 과목(미적분Ⅱ) 이수 -과학: 과학 관련 일반선택 과목 먼저 이수 후, 진로와 적성에 맞게 진로선택 과목 이수",한국대학교육협의회·대입정보포털 어디가,2028학년도 권역별 대학별 권장과목(반영과목),https://www.adiga.kr/uct/ces/archiveView.do?menuId=PCUCTCES1000&prtlBbsId=26634,,수도권 / 경기 / 상위단위: 의과대학,의학과|의학|의과대학
아주대,간호학과,2028,2028 공식자료,간호대학,"대수, 미적분Ⅰ, 확률과 통계, 미적분Ⅱ, 과학",,"-수학: 일반선택 과목(대수, 미적분Ⅰ, 확률과 통계) 이수 후, 진로와 적성에 맞게 진로선택 과목(미적분Ⅱ) 이수 -과학: 과학 관련 일반선택 과목 먼저 이수 후, 진로와 적성에 맞게 진로선택 과목 이수",한국대학교육협의회·대입정보포털 어디가,2028학년도 권역별 대학별 권장과목(반영과목),https://www.adiga.kr/uct/ces/archiveView.do?menuId=PCUCTCES1000&prtlBbsId=26634,,수도권 / 경기 / 상위단위: 간호대학,간호학과|간호학|간호대학|간호
아주대,약학과,2028,2028 공식자료,약학대학,"대수, 미적분Ⅰ, 확률과 통계, 미적분Ⅱ, 과학",,"-수학: 일반선택 과목(대수, 미적분Ⅰ, 확률과 통계) 이수 후, 진로와 적성에 맞게 진로선택 과목(미적분Ⅱ) 이수 -과학: 과학 관련 일반선택 과목 먼저 이수 후, 진로와 적성에 맞게 진로선택 과목 이수",한국대학교육협의회·대입정보포털 어디가,2028학년도 권역별 대학별 권장과목(반영과목),https://www.adiga.kr/uct/ces/archiveView.do?menuId=PCUCTCES1000&prtlBbsId=26634,,수도권 / 경기 / 상위단위: 약학대학,약학과|약학|약학대학|약대
아주대,첨단바이오융합대학,2028,2028 공식자료,,"대수, 미적분Ⅰ, 확률과 통계, 미적분Ⅱ, 과학",,"-수학: 일반선택 과목(대수, 미적분Ⅰ, 확률과 통계) 이수 후, 진로와 적성에 맞게 진로선택 과목(미적분Ⅱ) 이수 -과학: 과학 관련 일반선택 과목 먼저 이수 후, 진로와 적성에 맞게 진로선택 과목 이수",한국대학교육협의회·대입정보포털 어디가,2028학년도 권역별 대학별 권장과목(반영과목),https://www.adiga.kr/uct/ces/archiveView.do?menuId=PCUCTCES1000&prtlBbsId=26634,,수도권 / 경기,첨단바이오융합대학
아주대,경영학과,2028,2028 공식자료,경영대학,"대수, 미적분Ⅰ, 확률과 통계, 과학/사회",,"-수학: 일반선택 과목(대수, 미적분Ⅰ, 확률과 통계) 이수 후, 진로와 적성에 맞게 진로선택 과목 이수 -과학/사회: 진로와 적성에 맞게 과목 이수",한국대학교육협의회·대입정보포털 어디가,2028학년도 권역별 대학별 권장과목(반영과목),https://www.adiga.kr/uct/ces/archiveView.do?menuId=PCUCTCES1000&prtlBbsId=26634,,수도권 / 경기 / 상위단위: 경영대학,경영학과|경영학|경영대학|경영
아주대,경영인텔리전스학과,2028,2028 공식자료,경영대학,"대수, 미적분Ⅰ, 확률과 통계, 과학/사회",,"-수학: 일반선택 과목(대수, 미적분Ⅰ, 확률과 통계) 이수 후, 진로와 적성에 맞게 진로선택 과목 이수 -과학/사회: 진로와 적성에 맞게 과목 이수",한국대학교육협의회·대입정보포털 어디가,2028학년도 권역별 대학별 권장과목(반영과목),https://www.adiga.kr/uct/ces/archiveView.do?menuId=PCUCTCES1000&prtlBbsId=26634,,수도권 / 경기 / 상위단위: 경영대학,경영인텔리전스학과|경영인텔리전스학|경영대학
아주대,금용공학과,2028,2028 공식자료,경영대학,"대수, 미적분Ⅰ, 확률과 통계, 과학/사회",,"-수학: 일반선택 과목(대수, 미적분Ⅰ, 확률과 통계) 이수 후, 진로와 적성에 맞게 진로선택 과목 이수 -과학/사회: 진로와 적성에 맞게 과목 이수",한국대학교육협의회·대입정보포털 어디가,2028학년도 권역별 대학별 권장과목(반영과목),https://www.adiga.kr/uct/ces/archiveView.do?menuId=PCUCTCES1000&prtlBbsId=26634,,수도권 / 경기 / 상위단위: 경영대학,금용공학과|금용공학|경영대학
아주대,국어국문학과,2028,2028 공식자료,인문대학,"수학, 과학/사회",,진로와 적성에 맞게 과목 이수,한국대학교육협의회·대입정보포털 어디가,2028학년도 권역별 대학별 권장과목(반영과목),https://www.adiga.kr/uct/ces/archiveView.do?menuId=PCUCTCES1000&prtlBbsId=26634,,수도권 / 경기 / 상위단위: 인문대학,국어국문학과|국어국문학|인문대학
아주대,영어영문학과,2028,2028 공식자료,인문대학,"수학, 과학/사회",,진로와 적성에 맞게 과목 이수,한국대학교육협의회·대입정보포털 어디가,2028학년도 권역별 대학별 권장과목(반영과목),https://www.adiga.kr/uct/ces/archiveView.do?menuId=PCUCTCES1000&prtlBbsId=26634,,수도권 / 경기 / 상위단위: 인문대학,영어영문학과|영어영문학|인문대학
아주대,불어불문학과,2028,2028 공식자료,인문대학,"수학, 과학/사회",,진로와 적성에 맞게 과목 이수,한국대학교육협의회·대입정보포털 어디가,2028학년도 권역별 대학별 권장과목(반영과목),https://www.adiga.kr/uct/ces/archiveView.do?menuId=PCUCTCES1000&prtlBbsId=26634,,수도권 / 경기 / 상위단위: 인문대학,불어불문학과|불어불문학|인문대학
아주대,사학과,2028,2028 공식자료,인문대학,"수학, 과학/사회",,진로와 적성에 맞게 과목 이수,한국대학교육협의회·대입정보포털 어디가,2028학년도 권역별 대학별 권장과목(반영과목),https://www.adiga.kr/uct/ces/archiveView.do?menuId=PCUCTCES1000&prtlBbsId=26634,,수도권 / 경기 / 상위단위: 인문대학,사학과|사학|인문대학
아주대,문화콘텐츠학과,2028,2028 공식자료,인문대학,"수학, 과학/사회",,진로와 적성에 맞게 과목 이수,한국대학교육협의회·대입정보포털 어디가,2028학년도 권역별 대학별 권장과목(반영과목),https://www.adiga.kr/uct/ces/archiveView.do?menuId=PCUCTCES1000&prtlBbsId=26634,,수도권 / 경기 / 상위단위: 인문대학,문화콘텐츠학과|문화콘텐츠학|인문대학
아주대,행정학과,2028,2028 공식자료,사회과학대학,"대수, 미적분Ⅰ, 확률과 통계, 과학/사회",,"-수학: 일반선택 과목(대수, 미적분Ⅰ, 확률과 통계) 이수 후, 진로와 적성에 맞게 진로선택 과목 이수 -과학/사회: 진로와 적성에 맞게 과목 이수",한국대학교육협의회·대입정보포털 어디가,2028학년도 권역별 대학별 권장과목(반영과목),https://www.adiga.kr/uct/ces/archiveView.do?menuId=PCUCTCES1000&prtlBbsId=26634,,수도권 / 경기 / 상위단위: 사회과학대학,행정학과|행정학|사회과학대학
아주대,심리학과,2028,2028 공식자료,사회과학대학,"대수, 미적분Ⅰ, 확률과 통계, 과학/사회",,"-수학: 일반선택 과목(대수, 미적분Ⅰ, 확률과 통계) 이수 후, 진로와 적성에 맞게 진로선택 과목 이수 -과학/사회: 진로와 적성에 맞게 과목 이수",한국대학교육협의회·대입정보포털 어디가,2028학년도 권역별 대학별 권장과목(반영과목),https://www.adiga.kr/uct/ces/archiveView.do?menuId=PCUCTCES1000&prtlBbsId=26634,,수도권 / 경기 / 상위단위: 사회과학대학,심리학과|심리학|사회과학대학
아주대,경제정치사회융합학부,2028,2028 공식자료,사회과학대학,"대수, 미적분Ⅰ, 확률과 통계, 과학/사회",,"-수학: 일반선택 과목(대수, 미적분Ⅰ, 확률과 통계) 이수 후, 진로와 적성에 맞게 진로선택 과목 이수 -과학/사회: 진로와 적성에 맞게 과목 이수",한국대학교육협의회·대입정보포털 어디가,2028학년도 권역별 대학별 권장과목(반영과목),https://www.adiga.kr/uct/ces/archiveView.do?menuId=PCUCTCES1000&prtlBbsId=26634,,수도권 / 경기 / 상위단위: 사회과학대학,경제정치사회융합학부|경제정치사회융합|사회과학대학
한국항공대,공과대학,2028,2028 공식자료,공학,"대수, 미적분Ⅰ, 확률과 통계, 미적분Ⅱ, 기하",,"과학은 일반선택 과목 먼저 이수 후, 진로와 적성에 맞게 진로선택 과목 이수",한국대학교육협의회·대입정보포털 어디가,2028학년도 권역별 대학별 권장과목(반영과목),https://www.adiga.kr/uct/ces/archiveView.do?menuId=PCUCTCES1000&prtlBbsId=26634,,수도권 / 경기 / 상위단위: 공학,공과대학|공학
한국항공대,AI융합대학,2028,2028 공식자료,공학,"대수, 미적분Ⅰ, 확률과 통계, 미적분Ⅱ, 기하",,"과학은 일반선택 과목 먼저 이수 후, 진로와 적성에 맞게 진로선택 과목 이수",한국대학교육협의회·대입정보포털 어디가,2028학년도 권역별 대학별 권장과목(반영과목),https://www.adiga.kr/uct/ces/archiveView.do?menuId=PCUCTCES1000&prtlBbsId=26634,,수도권 / 경기 / 상위단위: 공학,AI융합대학|공학
한국항공대,스마트드론공학과,2028,2028 공식자료,공학,"대수, 미적분Ⅰ, 확률과 통계, 미적분Ⅱ, 기하",,"과학은 일반선택 과목 먼저 이수 후, 진로와 적성에 맞게 진로선택 과목 이수",한국대학교육협의회·대입정보포털 어디가,2028학년도 권역별 대학별 권장과목(반영과목),https://www.adiga.kr/uct/ces/archiveView.do?menuId=PCUCTCES1000&prtlBbsId=26634,,수도권 / 경기 / 상위단위: 공학,스마트드론공학과|스마트드론공학|공학
한국항공대,AI자율주행시스템공학과,2028,2028 공식자료,공학,"대수, 미적분Ⅰ, 확률과 통계, 미적분Ⅱ, 기하",,"과학은 일반선택 과목 먼저 이수 후, 진로와 적성에 맞게 진로선택 과목 이수",한국대학교육협의회·대입정보포털 어디가,2028학년도 권역별 대학별 권장과목(반영과목),https://www.adiga.kr/uct/ces/archiveView.do?menuId=PCUCTCES1000&prtlBbsId=26634,,수도권 / 경기 / 상위단위: 공학,AI자율주행시스템공학과|AI자율주행시스템공학|공학
한국항공대,항공경영대학(이학적성),2028,2028 공식자료,이학,"대수, 미적분Ⅰ, 확률과 통계",,"과학은 일반선택 과목 먼저 이수 후, 진로와 적성에 맞게 진로선택 과목 이수",한국대학교육협의회·대입정보포털 어디가,2028학년도 권역별 대학별 권장과목(반영과목),https://www.adiga.kr/uct/ces/archiveView.do?menuId=PCUCTCES1000&prtlBbsId=26634,,수도권 / 경기 / 상위단위: 이학,항공경영대학(이학적성)|이학
한국항공대,항공운항학과,2028,2028 공식자료,이학,"대수, 미적분Ⅰ, 확률과 통계",,"과학은 일반선택 과목 먼저 이수 후, 진로와 적성에 맞게 진로선택 과목 이수",한국대학교육협의회·대입정보포털 어디가,2028학년도 권역별 대학별 권장과목(반영과목),https://www.adiga.kr/uct/ces/archiveView.do?menuId=PCUCTCES1000&prtlBbsId=26634,,수도권 / 경기 / 상위단위: 이학,항공운항학과|항공운항학|이학
한국항공대,항공경영대학(사회적성),2028,2028 공식자료,사회,"대수, 미적분Ⅰ, 확률과 통계",,,한국대학교육협의회·대입정보포털 어디가,2028학년도 권역별 대학별 권장과목(반영과목),https://www.adiga.kr/uct/ces/archiveView.do?menuId=PCUCTCES1000&prtlBbsId=26634,,수도권 / 경기 / 상위단위: 사회,항공경영대학(사회적성)|사회
한양대(ERICA),건축학부 건축학전공,2028,2028 공식자료,공학대학,,"대수, 미적분",,한국대학교육협의회·대입정보포털 어디가,2028학년도 권역별 대학별 권장과목(반영과목),https://www.adiga.kr/uct/ces/archiveView.do?menuId=PCUCTCES1000&prtlBbsId=26634,,수도권 / 경기 / 상위단위: 공학대학,건축학부 건축학전공|건축학부 건축학|공학대학
한양대(ERICA),건축학부 건축공학전공,2028,2028 공식자료,공학대학,,"대수, 미적분, 물리학, 화학, 지구과학",,한국대학교육협의회·대입정보포털 어디가,2028학년도 권역별 대학별 권장과목(반영과목),https://www.adiga.kr/uct/ces/archiveView.do?menuId=PCUCTCES1000&prtlBbsId=26634,,수도권 / 경기 / 상위단위: 공학대학,건축학부 건축공학전공|건축학부 건축공학|공학대학
한양대(ERICA),건설환경공학과,2028,2028 공식자료,공학대학,,"미적분, 물리학, 화학",,한국대학교육협의회·대입정보포털 어디가,2028학년도 권역별 대학별 권장과목(반영과목),https://www.adiga.kr/uct/ces/archiveView.do?menuId=PCUCTCES1000&prtlBbsId=26634,,수도권 / 경기 / 상위단위: 공학대학,건설환경공학과|건설환경공학|공학대학
한양대(ERICA),교통·물류공학과,2028,2028 공식자료,공학대학,,"미적분, 확률과 통계",,한국대학교육협의회·대입정보포털 어디가,2028학년도 권역별 대학별 권장과목(반영과목),https://www.adiga.kr/uct/ces/archiveView.do?menuId=PCUCTCES1000&prtlBbsId=26634,,수도권 / 경기 / 상위단위: 공학대학,교통·물류공학과|교통·물류공학|공학대학
한양대(ERICA),전자공학부,2028,2028 공식자료,공학대학,,"대수, 미적분, 물리학",,한국대학교육협의회·대입정보포털 어디가,2028학년도 권역별 대학별 권장과목(반영과목),https://www.adiga.kr/uct/ces/archiveView.do?menuId=PCUCTCES1000&prtlBbsId=26634,,수도권 / 경기 / 상위단위: 공학대학,전자공학부|전자공|공학대학
한양대(ERICA),배터리소재화학공학과,2028,2028 공식자료,공학대학,,"대수, 미적분, 물리학, 화학",,한국대학교육협의회·대입정보포털 어디가,2028학년도 권역별 대학별 권장과목(반영과목),https://www.adiga.kr/uct/ces/archiveView.do?menuId=PCUCTCES1000&prtlBbsId=26634,,수도권 / 경기 / 상위단위: 공학대학,배터리소재화학공학과|배터리소재화학공학|공학대학
한양대(ERICA),기계공학과,2028,2028 공식자료,공학대학,,"미적분, 물리학",,한국대학교육협의회·대입정보포털 어디가,2028학년도 권역별 대학별 권장과목(반영과목),https://www.adiga.kr/uct/ces/archiveView.do?menuId=PCUCTCES1000&prtlBbsId=26634,,수도권 / 경기 / 상위단위: 공학대학,기계공학과|기계공학|공학대학|기계
한양대(ERICA),로봇공학과,2028,2028 공식자료,공학대학,,"미적분, 확률과 통계, 물리학",,한국대학교육협의회·대입정보포털 어디가,2028학년도 권역별 대학별 권장과목(반영과목),https://www.adiga.kr/uct/ces/archiveView.do?menuId=PCUCTCES1000&prtlBbsId=26634,,수도권 / 경기 / 상위단위: 공학대학,로봇공학과|로봇공학|공학대학
한양대(ERICA),에너지바이오학과,2028,2028 공식자료,공학대학,,"미적분, 확률과 통계, 화학",,한국대학교육협의회·대입정보포털 어디가,2028학년도 권역별 대학별 권장과목(반영과목),https://www.adiga.kr/uct/ces/archiveView.do?menuId=PCUCTCES1000&prtlBbsId=26634,,수도권 / 경기 / 상위단위: 공학대학,에너지바이오학과|에너지바이오학|공학대학
한양대(ERICA),해양융합공학과,2028,2028 공식자료,공학대학,,"미적분, 확률과 통계, 화학, 지구과학",,한국대학교육협의회·대입정보포털 어디가,2028학년도 권역별 대학별 권장과목(반영과목),https://www.adiga.kr/uct/ces/archiveView.do?menuId=PCUCTCES1000&prtlBbsId=26634,,수도권 / 경기 / 상위단위: 공학대학,해양융합공학과|해양융합공학|공학대학
한양대(ERICA),융합시스템공학과,2028,2028 공식자료,공학대학,,"대수, 기본수학",,한국대학교육협의회·대입정보포털 어디가,2028학년도 권역별 대학별 권장과목(반영과목),https://www.adiga.kr/uct/ces/archiveView.do?menuId=PCUCTCES1000&prtlBbsId=26634,,수도권 / 경기 / 상위단위: 공학대학,융합시스템공학과|융합시스템공학|공학대학
한양대(ERICA),산업경영공학과,2028,2028 공식자료,공학대학,,"미적분, 확률과 통계",,한국대학교육협의회·대입정보포털 어디가,2028학년도 권역별 대학별 권장과목(반영과목),https://www.adiga.kr/uct/ces/archiveView.do?menuId=PCUCTCES1000&prtlBbsId=26634,,수도권 / 경기 / 상위단위: 공학대학,산업경영공학과|산업경영공학|공학대학
한양대(ERICA),소재부품융합전공,2028,2028 공식자료,공학대학 스마트융합공학부,,"미적분, 확률과 통계, 물리학, 화학",,한국대학교육협의회·대입정보포털 어디가,2028학년도 권역별 대학별 권장과목(반영과목),https://www.adiga.kr/uct/ces/archiveView.do?menuId=PCUCTCES1000&prtlBbsId=26634,,수도권 / 경기 / 상위단위: 공학대학 스마트융합공학부,소재부품융합전공|소재부품융합|공학대학 스마트융합공학부|공학대학 스마트융합공
한양대(ERICA),로봇융합전공,2028,2028 공식자료,공학대학 스마트융합공학부,,"대수, 미적분, 물리학",,한국대학교육협의회·대입정보포털 어디가,2028학년도 권역별 대학별 권장과목(반영과목),https://www.adiga.kr/uct/ces/archiveView.do?menuId=PCUCTCES1000&prtlBbsId=26634,,수도권 / 경기 / 상위단위: 공학대학 스마트융합공학부,로봇융합전공|로봇융합|공학대학 스마트융합공학부|공학대학 스마트융합공
한양대(ERICA),스마트ICT융합전공,2028,2028 공식자료,공학대학 스마트융합공학부,,"대수, 확률과 통계, 미적분, 물리학",,한국대학교육협의회·대입정보포털 어디가,2028학년도 권역별 대학별 권장과목(반영과목),https://www.adiga.kr/uct/ces/archiveView.do?menuId=PCUCTCES1000&prtlBbsId=26634,,수도권 / 경기 / 상위단위: 공학대학 스마트융합공학부,스마트ICT융합전공|스마트ICT융합|공학대학 스마트융합공학부|공학대학 스마트융합공
한양대(ERICA),건축IT융합전공,2028,2028 공식자료,공학대학 스마트융합공학부,,"대수, 확률과 통계, 물리학, 화학",,한국대학교육협의회·대입정보포털 어디가,2028학년도 권역별 대학별 권장과목(반영과목),https://www.adiga.kr/uct/ces/archiveView.do?menuId=PCUCTCES1000&prtlBbsId=26634,,수도권 / 경기 / 상위단위: 공학대학 스마트융합공학부,건축IT융합전공|건축IT융합|공학대학 스마트융합공학부|공학대학 스마트융합공
한양대(ERICA),스마트건축구조시공융합전공,2028,2028 공식자료,공학대학 스마트융합공학부,,"확률과 통계, 물리학, 화학",,한국대학교육협의회·대입정보포털 어디가,2028학년도 권역별 대학별 권장과목(반영과목),https://www.adiga.kr/uct/ces/archiveView.do?menuId=PCUCTCES1000&prtlBbsId=26634,,수도권 / 경기 / 상위단위: 공학대학 스마트융합공학부,스마트건축구조시공융합전공|스마트건축구조시공융합|공학대학 스마트융합공학부|공학대학 스마트융합공
한양대(ERICA),컴퓨터학부,2028,2028 공식자료,소프트웨어융합대학,,"미적분, 확률과 통계",,한국대학교육협의회·대입정보포털 어디가,2028학년도 권역별 대학별 권장과목(반영과목),https://www.adiga.kr/uct/ces/archiveView.do?menuId=PCUCTCES1000&prtlBbsId=26634,,수도권 / 경기 / 상위단위: 소프트웨어융합대학,컴퓨터학부|컴퓨터|소프트웨어융합대학
한양대(ERICA),ICT융합학부,2028,2028 공식자료,소프트웨어융합대학,,"확률과 통계, 물리학, 화학",,한국대학교육협의회·대입정보포털 어디가,2028학년도 권역별 대학별 권장과목(반영과목),https://www.adiga.kr/uct/ces/archiveView.do?menuId=PCUCTCES1000&prtlBbsId=26634,,수도권 / 경기 / 상위단위: 소프트웨어융합대학,ICT융합학부|ICT융합|소프트웨어융합대학
한양대(ERICA),인공지능학과,2028,2028 공식자료,소프트웨어융합대학,,"미적분, 확률과 통계",,한국대학교육협의회·대입정보포털 어디가,2028학년도 권역별 대학별 권장과목(반영과목),https://www.adiga.kr/uct/ces/archiveView.do?menuId=PCUCTCES1000&prtlBbsId=26634,,수도권 / 경기 / 상위단위: 소프트웨어융합대학,인공지능학과|인공지능학|소프트웨어융합대학
한양대(ERICA),수리데이터사이언스학과,2028,2028 공식자료,소프트웨어융합대학,,수학 전 과목,,한국대학교육협의회·대입정보포털 어디가,2028학년도 권역별 대학별 권장과목(반영과목),https://www.adiga.kr/uct/ces/archiveView.do?menuId=PCUCTCES1000&prtlBbsId=26634,,수도권 / 경기 / 상위단위: 소프트웨어융합대학,수리데이터사이언스학과|수리데이터사이언스학|소프트웨어융합대학
한양대(ERICA),약학과,2028,2028 공식자료,약학대학,,"화학, 생명과학",,한국대학교육협의회·대입정보포털 어디가,2028학년도 권역별 대학별 권장과목(반영과목),https://www.adiga.kr/uct/ces/archiveView.do?menuId=PCUCTCES1000&prtlBbsId=26634,,수도권 / 경기 / 상위단위: 약학대학,약학과|약학|약학대학|약대
한양대(ERICA),차세대반도체융합공학부,2028,2028 공식자료,첨단융합대학 차세대반도체융합공학부,,"미적분, 확률과 통계, 물리학, 화학",,한국대학교육협의회·대입정보포털 어디가,2028학년도 권역별 대학별 권장과목(반영과목),https://www.adiga.kr/uct/ces/archiveView.do?menuId=PCUCTCES1000&prtlBbsId=26634,,수도권 / 경기 / 상위단위: 첨단융합대학 차세대반도체융합공학부,차세대반도체융합공학부|차세대반도체융합공|첨단융합대학 차세대반도체융합공학부|첨단융합대학 차세대반도체융합공
한양대(ERICA),신소재·반도체공학전공,2028,2028 공식자료,첨단융합대학 차세대반도체융합공학부,,"미적분, 확률과 통계, 물리학, 화학",,한국대학교육협의회·대입정보포털 어디가,2028학년도 권역별 대학별 권장과목(반영과목),https://www.adiga.kr/uct/ces/archiveView.do?menuId=PCUCTCES1000&prtlBbsId=26634,,수도권 / 경기 / 상위단위: 첨단융합대학 차세대반도체융합공학부,신소재·반도체공학전공|신소재·반도체공학|첨단융합대학 차세대반도체융합공학부|첨단융합대학 차세대반도체융합공
한양대(ERICA),반도체·디스플레이공학전공,2028,2028 공식자료,첨단융합대학 차세대반도체융합공학부,,"미적분, 물리학, 화학",,한국대학교육협의회·대입정보포털 어디가,2028학년도 권역별 대학별 권장과목(반영과목),https://www.adiga.kr/uct/ces/archiveView.do?menuId=PCUCTCES1000&prtlBbsId=26634,,수도권 / 경기 / 상위단위: 첨단융합대학 차세대반도체융합공학부,반도체·디스플레이공학전공|반도체·디스플레이공학|첨단융합대학 차세대반도체융합공학부|첨단융합대학 차세대반도체융합공
한양대(ERICA),바이오신약융합학부,2028,2028 공식자료,첨단융합대학 바이오신약융합학부,,"화학, 생명과학",,한국대학교육협의회·대입정보포털 어디가,2028학년도 권역별 대학별 권장과목(반영과목),https://www.adiga.kr/uct/ces/archiveView.do?menuId=PCUCTCES1000&prtlBbsId=26634,,수도권 / 경기 / 상위단위: 첨단융합대학 바이오신약융합학부,바이오신약융합학부|바이오신약융합|첨단융합대학 바이오신약융합학부|첨단융합대학 바이오신약융합
한양대(ERICA),분자의약전공,2028,2028 공식자료,첨단융합대학 바이오신약융합학부,,생명과학,,한국대학교육협의회·대입정보포털 어디가,2028학년도 권역별 대학별 권장과목(반영과목),https://www.adiga.kr/uct/ces/archiveView.do?menuId=PCUCTCES1000&prtlBbsId=26634,,수도권 / 경기 / 상위단위: 첨단융합대학 바이오신약융합학부,분자의약전공|분자의약|첨단융합대학 바이오신약융합학부|첨단융합대학 바이오신약융합
한양대(ERICA),바이오나노공학전공,2028,2028 공식자료,첨단융합대학 바이오신약융합학부,,"미적분, 확률과 통계, 화학, 생명과학",,한국대학교육협의회·대입정보포털 어디가,2028학년도 권역별 대학별 권장과목(반영과목),https://www.adiga.kr/uct/ces/archiveView.do?menuId=PCUCTCES1000&prtlBbsId=26634,,수도권 / 경기 / 상위단위: 첨단융합대학 바이오신약융합학부,바이오나노공학전공|바이오나노공학|첨단융합대학 바이오신약융합학부|첨단융합대학 바이오신약융합
한양대(ERICA),지능정보양자공학전공,2028,2028 공식자료,첨단융합대학 국방지능정보융합공학부,,"미적분, 확률과 통계, 물리학, 지구과학",,한국대학교육협의회·대입정보포털 어디가,2028학년도 권역별 대학별 권장과목(반영과목),https://www.adiga.kr/uct/ces/archiveView.do?menuId=PCUCTCES1000&prtlBbsId=26634,,수도권 / 경기 / 상위단위: 첨단융합대학 국방지능정보융합공학부,지능정보양자공학전공|지능정보양자공학|첨단융합대학 국방지능정보융합공학부|첨단융합대학 국방지능정보융합공
한양대(ERICA),국방전략기술공학과,2028,2028 공식자료,첨단융합대학 국방지능정보융합공학부,,"물리학, 지구과학",,한국대학교육협의회·대입정보포털 어디가,2028학년도 권역별 대학별 권장과목(반영과목),https://www.adiga.kr/uct/ces/archiveView.do?menuId=PCUCTCES1000&prtlBbsId=26634,,수도권 / 경기 / 상위단위: 첨단융합대학 국방지능정보융합공학부,국방전략기술공학과|국방전략기술공학|첨단융합대학 국방지능정보융합공학부|첨단융합대학 국방지능정보융합공
한양대(ERICA),LIONS자율전공학부(자연계열),2028,2028 공식자료,LIONS칼리지,,"수학, 과학 전 과목",,한국대학교육협의회·대입정보포털 어디가,2028학년도 권역별 대학별 권장과목(반영과목),https://www.adiga.kr/uct/ces/archiveView.do?menuId=PCUCTCES1000&prtlBbsId=26634,,수도권 / 경기 / 상위단위: LIONS칼리지,LIONS자율전공학부(자연계열)|LIONS칼리지
협성대,신학과,2028,2028 공식자료,웨슬리대학,인문사회계열 적성과 진로에 따라 선택 과목 이수,,,한국대학교육협의회·대입정보포털 어디가,2028학년도 권역별 대학별 권장과목(반영과목),https://www.adiga.kr/uct/ces/archiveView.do?menuId=PCUCTCES1000&prtlBbsId=26634,,수도권 / 경기 / 상위단위: 웨슬리대학,신학과|신학|웨슬리대학
협성대,문예창작학과,2028,2028 공식자료,인문사회과학대학,인문사회계열 적성과 진로에 따라 선택 과목 이수,,,한국대학교육협의회·대입정보포털 어디가,2028학년도 권역별 대학별 권장과목(반영과목),https://www.adiga.kr/uct/ces/archiveView.do?menuId=PCUCTCES1000&prtlBbsId=26634,,수도권 / 경기 / 상위단위: 인문사회과학대학,문예창작학과|문예창작학|인문사회과학대학
협성대,사회복지학과,2028,2028 공식자료,인문사회과학대학,인문사회계열 적성과 진로에 따라 선택 과목 이수,,,한국대학교육협의회·대입정보포털 어디가,2028학년도 권역별 대학별 권장과목(반영과목),https://www.adiga.kr/uct/ces/archiveView.do?menuId=PCUCTCES1000&prtlBbsId=26634,,수도권 / 경기 / 상위단위: 인문사회과학대학,사회복지학과|사회복지학|인문사회과학대학
협성대,아동보육학과,2028,2028 공식자료,인문사회과학대학,인문사회계열 적성과 진로에 따라 선택 과목 이수,,,한국대학교육협의회·대입정보포털 어디가,2028학년도 권역별 대학별 권장과목(반영과목),https://www.adiga.kr/uct/ces/archiveView.do?menuId=PCUCTCES1000&prtlBbsId=26634,,수도권 / 경기 / 상위단위: 인문사회과학대학,아동보육학과|아동보육학|인문사회과학대학
협성대,중국어문화학과,2028,2028 공식자료,인문사회과학대학,인문사회계열 적성과 진로에 따라 선택 과목 이수,,,한국대학교육협의회·대입정보포털 어디가,2028학년도 권역별 대학별 권장과목(반영과목),https://www.adiga.kr/uct/ces/archiveView.do?menuId=PCUCTCES1000&prtlBbsId=26634,,수도권 / 경기 / 상위단위: 인문사회과학대학,중국어문화학과|중국어문화학|인문사회과학대학
협성대,도시행정학과,2028,2028 공식자료,인문사회과학대학,인문사회계열 적성과 진로에 따라 선택 과목 이수,,,한국대학교육협의회·대입정보포털 어디가,2028학년도 권역별 대학별 권장과목(반영과목),https://www.adiga.kr/uct/ces/archiveView.do?menuId=PCUCTCES1000&prtlBbsId=26634,,수도권 / 경기 / 상위단위: 인문사회과학대학,도시행정학과|도시행정학|인문사회과학대학
협성대,미디어영상광고학과,2028,2028 공식자료,경영대학,인문사회계열 적성과 진로에 따라 선택 과목 이수,,,한국대학교육협의회·대입정보포털 어디가,2028학년도 권역별 대학별 권장과목(반영과목),https://www.adiga.kr/uct/ces/archiveView.do?menuId=PCUCTCES1000&prtlBbsId=26634,,수도권 / 경기 / 상위단위: 경영대학,미디어영상광고학과|미디어영상광고학|경영대학
협성대,경영학과,2028,2028 공식자료,경영대학,인문사회계열 적성과 진로에 따라 선택 과목 이수,,,한국대학교육협의회·대입정보포털 어디가,2028학년도 권역별 대학별 권장과목(반영과목),https://www.adiga.kr/uct/ces/archiveView.do?menuId=PCUCTCES1000&prtlBbsId=26634,,수도권 / 경기 / 상위단위: 경영대학,경영학과|경영학|경영대학|경영
협성대,금융보험학과,2028,2028 공식자료,경영대학,인문사회계열 적성과 진로에 따라 선택 과목 이수,,,한국대학교육협의회·대입정보포털 어디가,2028학년도 권역별 대학별 권장과목(반영과목),https://www.adiga.kr/uct/ces/archiveView.do?menuId=PCUCTCES1000&prtlBbsId=26634,,수도권 / 경기 / 상위단위: 경영대학,금융보험학과|금융보험학|경영대학
협성대,세무회계학과,2028,2028 공식자료,경영대학,인문사회계열 적성과 진로에 따라 선택 과목 이수,,,한국대학교육협의회·대입정보포털 어디가,2028학년도 권역별 대학별 권장과목(반영과목),https://www.adiga.kr/uct/ces/archiveView.do?menuId=PCUCTCES1000&prtlBbsId=26634,,수도권 / 경기 / 상위단위: 경영대학,세무회계학과|세무회계학|경영대학
협성대,호텔관광경영학과,2028,2028 공식자료,경영대학,인문사회계열 적성과 진로에 따라 선택 과목 이수,,,한국대학교육협의회·대입정보포털 어디가,2028학년도 권역별 대학별 권장과목(반영과목),https://www.adiga.kr/uct/ces/archiveView.do?menuId=PCUCTCES1000&prtlBbsId=26634,,수도권 / 경기 / 상위단위: 경영대학,호텔관광경영학과|호텔관광경영학|경영대학|경영학|경영
협성대,유통경영학과,2028,2028 공식자료,경영대학,인문사회계열 적성과 진로에 따라 선택 과목 이수,,,한국대학교육협의회·대입정보포털 어디가,2028학년도 권역별 대학별 권장과목(반영과목),https://www.adiga.kr/uct/ces/archiveView.do?menuId=PCUCTCES1000&prtlBbsId=26634,,수도권 / 경기 / 상위단위: 경영대학,유통경영학과|유통경영학|경영대학|경영학|경영
협성대,글로벌통상·문화학과,2028,2028 공식자료,경영대학,인문사회계열 적성과 진로에 따라 선택 과목 이수,,,한국대학교육협의회·대입정보포털 어디가,2028학년도 권역별 대학별 권장과목(반영과목),https://www.adiga.kr/uct/ces/archiveView.do?menuId=PCUCTCES1000&prtlBbsId=26634,,수도권 / 경기 / 상위단위: 경영대학,글로벌통상·문화학과|글로벌통상·문화학|경영대학
협성대,컴퓨터공학과,2028,2028 공식자료,이공대학,이공계열 적성과 진로에 따라 선택 과목 이수,,,한국대학교육협의회·대입정보포털 어디가,2028학년도 권역별 대학별 권장과목(반영과목),https://www.adiga.kr/uct/ces/archiveView.do?menuId=PCUCTCES1000&prtlBbsId=26634,,수도권 / 경기 / 상위단위: 이공대학,컴퓨터공학과|컴퓨터공학|이공대학|컴공|컴퓨터과학|컴퓨터
협성대,소프트웨어공학과,2028,2028 공식자료,이공대학,이공계열 적성과 진로에 따라 선택 과목 이수,,,한국대학교육협의회·대입정보포털 어디가,2028학년도 권역별 대학별 권장과목(반영과목),https://www.adiga.kr/uct/ces/archiveView.do?menuId=PCUCTCES1000&prtlBbsId=26634,,수도권 / 경기 / 상위단위: 이공대학,소프트웨어공학과|소프트웨어공학|이공대학
협성대,건축공학과,2028,2028 공식자료,이공대학,이공계열 적성과 진로에 따라 선택 과목 이수,,,한국대학교육협의회·대입정보포털 어디가,2028학년도 권역별 대학별 권장과목(반영과목),https://www.adiga.kr/uct/ces/archiveView.do?menuId=PCUCTCES1000&prtlBbsId=26634,,수도권 / 경기 / 상위단위: 이공대학,건축공학과|건축공학|이공대학
협성대,도시공학과,2028,2028 공식자료,이공대학,이공계열 적성과 진로에 따라 선택 과목 이수,,,한국대학교육협의회·대입정보포털 어디가,2028학년도 권역별 대학별 권장과목(반영과목),https://www.adiga.kr/uct/ces/archiveView.do?menuId=PCUCTCES1000&prtlBbsId=26634,,수도권 / 경기 / 상위단위: 이공대학,도시공학과|도시공학|이공대학
협성대,보건관리학과,2028,2028 공식자료,이공대학,이공계열 적성과 진로에 따라 선택 과목 이수,,,한국대학교육협의회·대입정보포털 어디가,2028학년도 권역별 대학별 권장과목(반영과목),https://www.adiga.kr/uct/ces/archiveView.do?menuId=PCUCTCES1000&prtlBbsId=26634,,수도권 / 경기 / 상위단위: 이공대학,보건관리학과|보건관리학|이공대학
협성대,의생명화학과,2028,2028 공식자료,이공대학,이공계열 적성과 진로에 따라 선택 과목 이수,,,한국대학교육협의회·대입정보포털 어디가,2028학년도 권역별 대학별 권장과목(반영과목),https://www.adiga.kr/uct/ces/archiveView.do?menuId=PCUCTCES1000&prtlBbsId=26634,,수도권 / 경기 / 상위단위: 이공대학,의생명화학과|의생명화학|이공대학
협성대,자율전공학부,2028,2028 공식자료,미래창의융합학부,자신의 적성과 진로에 기반하여 자율적으로 선택 과목 이수,,,한국대학교육협의회·대입정보포털 어디가,2028학년도 권역별 대학별 권장과목(반영과목),https://www.adiga.kr/uct/ces/archiveView.do?menuId=PCUCTCES1000&prtlBbsId=26634,,수도권 / 경기 / 상위단위: 미래창의융합학부,자율전공학부|자율전공|미래창의융합학부|미래창의융합
경성대학교,전 모집단위(약학과 제외),2028,2028 공식자료,전체,전 과목,,진로와 적성에 따라 과목 선택 이수 권장,한국대학교육협의회·대입정보포털 어디가,2028학년도 권역별 대학별 권장과목(반영과목),https://www.adiga.kr/uct/ces/archiveView.do?menuId=PCUCTCES1000&prtlBbsId=26634,,영남권 / 부산 / 상위단위: 전체,전 모집단위(약학과 제외)|전체|약대|약학
경성대학교,약학과,2028,2028 공식자료,자연,화학 또는 생명과학,"미적분Ⅱ, 기하",과학 진로선택 3과목 이상 이수 권장,한국대학교육협의회·대입정보포털 어디가,2028학년도 권역별 대학별 권장과목(반영과목),https://www.adiga.kr/uct/ces/archiveView.do?menuId=PCUCTCES1000&prtlBbsId=26634,,영남권 / 부산 / 상위단위: 자연,약학과|약학|자연|약대
동아대,철학생명의료윤리학과,2028,2028 공식자료,인문과학대학,"국어, 사회",,,한국대학교육협의회·대입정보포털 어디가,2028학년도 권역별 대학별 권장과목(반영과목),https://www.adiga.kr/uct/ces/archiveView.do?menuId=PCUCTCES1000&prtlBbsId=26634,,영남권 / 부산 / 상위단위: 인문과학대학,철학생명의료윤리학과|철학생명의료윤리학|인문과학대학
동아대,한국어문학과,2028,2028 공식자료,인문과학대학,"국어, 사회",,,한국대학교육협의회·대입정보포털 어디가,2028학년도 권역별 대학별 권장과목(반영과목),https://www.adiga.kr/uct/ces/archiveView.do?menuId=PCUCTCES1000&prtlBbsId=26634,,영남권 / 부산 / 상위단위: 인문과학대학,한국어문학과|한국어문학|인문과학대학
동아대,역사고고미술사학과,2028,2028 공식자료,인문과학대학,"국어, 영어, 사회",,,한국대학교육협의회·대입정보포털 어디가,2028학년도 권역별 대학별 권장과목(반영과목),https://www.adiga.kr/uct/ces/archiveView.do?menuId=PCUCTCES1000&prtlBbsId=26634,,영남권 / 부산 / 상위단위: 인문과학대학,역사고고미술사학과|역사고고미술사학|인문과학대학
동아대,교육학과,2028,2028 공식자료,인문과학대학,"국어, 영어, 사회",,,한국대학교육협의회·대입정보포털 어디가,2028학년도 권역별 대학별 권장과목(반영과목),https://www.adiga.kr/uct/ces/archiveView.do?menuId=PCUCTCES1000&prtlBbsId=26634,,영남권 / 부산 / 상위단위: 인문과학대학,교육학과|교육학|인문과학대학
동아대,아동학과,2028,2028 공식자료,인문과학대학,"국어, 영어, 사회",,,한국대학교육협의회·대입정보포털 어디가,2028학년도 권역별 대학별 권장과목(반영과목),https://www.adiga.kr/uct/ces/archiveView.do?menuId=PCUCTCES1000&prtlBbsId=26634,,영남권 / 부산 / 상위단위: 인문과학대학,아동학과|아동학|인문과학대학
동아대,정보수학과,2028,2028 공식자료,자연과학대학,"수학, 과학",,,한국대학교육협의회·대입정보포털 어디가,2028학년도 권역별 대학별 권장과목(반영과목),https://www.adiga.kr/uct/ces/archiveView.do?menuId=PCUCTCES1000&prtlBbsId=26634,,영남권 / 부산 / 상위단위: 자연과학대학,정보수학과|정보수학|자연과학대학
동아대,화학과,2028,2028 공식자료,자연과학대학,"수학, 과학",,,한국대학교육협의회·대입정보포털 어디가,2028학년도 권역별 대학별 권장과목(반영과목),https://www.adiga.kr/uct/ces/archiveView.do?menuId=PCUCTCES1000&prtlBbsId=26634,,영남권 / 부산 / 상위단위: 자연과학대학,화학과|화학|자연과학대학
동아대,반도체학과,2028,2028 공식자료,자연과학대학,"영어, 수학, 과학",,,한국대학교육협의회·대입정보포털 어디가,2028학년도 권역별 대학별 권장과목(반영과목),https://www.adiga.kr/uct/ces/archiveView.do?menuId=PCUCTCES1000&prtlBbsId=26634,,영남권 / 부산 / 상위단위: 자연과학대학,반도체학과|반도체학|자연과학대학
동아대,바이오메디컬학과,2028,2028 공식자료,자연과학대학,"영어, 과학",,,한국대학교육협의회·대입정보포털 어디가,2028학년도 권역별 대학별 권장과목(반영과목),https://www.adiga.kr/uct/ces/archiveView.do?menuId=PCUCTCES1000&prtlBbsId=26634,,영남권 / 부산 / 상위단위: 자연과학대학,바이오메디컬학과|바이오메디컬학|자연과학대학
동아대,정치·사회학부 정치외교학전공,2028,2028 공식자료,사회과학대학,"국어, 영어, 사회",,,한국대학교육협의회·대입정보포털 어디가,2028학년도 권역별 대학별 권장과목(반영과목),https://www.adiga.kr/uct/ces/archiveView.do?menuId=PCUCTCES1000&prtlBbsId=26634,,영남권 / 부산 / 상위단위: 사회과학대학,정치·사회학부 정치외교학전공|정치·사회학부 정치외교학|사회과학대학
동아대,정치·사회학부 사회학전공,2028,2028 공식자료,사회과학대학,"국어, 사회",,,한국대학교육협의회·대입정보포털 어디가,2028학년도 권역별 대학별 권장과목(반영과목),https://www.adiga.kr/uct/ces/archiveView.do?menuId=PCUCTCES1000&prtlBbsId=26634,,영남권 / 부산 / 상위단위: 사회과학대학,정치·사회학부 사회학전공|정치·사회학부 사회학|사회과학대학
동아대,행정학과,2028,2028 공식자료,사회과학대학,"국어, 영어, 사회",,,한국대학교육협의회·대입정보포털 어디가,2028학년도 권역별 대학별 권장과목(반영과목),https://www.adiga.kr/uct/ces/archiveView.do?menuId=PCUCTCES1000&prtlBbsId=26634,,영남권 / 부산 / 상위단위: 사회과학대학,행정학과|행정학|사회과학대학
동아대,사회복지학과,2028,2028 공식자료,사회과학대학,"국어, 영어, 사회",,,한국대학교육협의회·대입정보포털 어디가,2028학년도 권역별 대학별 권장과목(반영과목),https://www.adiga.kr/uct/ces/archiveView.do?menuId=PCUCTCES1000&prtlBbsId=26634,,영남권 / 부산 / 상위단위: 사회과학대학,사회복지학과|사회복지학|사회과학대학
동아대,미디어커뮤니케이션학과,2028,2028 공식자료,사회과학대학,"국어, 영어, 사회",,,한국대학교육협의회·대입정보포털 어디가,2028학년도 권역별 대학별 권장과목(반영과목),https://www.adiga.kr/uct/ces/archiveView.do?menuId=PCUCTCES1000&prtlBbsId=26634,,영남권 / 부산 / 상위단위: 사회과학대학,미디어커뮤니케이션학과|미디어커뮤니케이션학|사회과학대학
동아대,경찰학과,2028,2028 공식자료,사회과학대학,"국어, 영어, 사회",,,한국대학교육협의회·대입정보포털 어디가,2028학년도 권역별 대학별 권장과목(반영과목),https://www.adiga.kr/uct/ces/archiveView.do?menuId=PCUCTCES1000&prtlBbsId=26634,,영남권 / 부산 / 상위단위: 사회과학대학,경찰학과|경찰학|사회과학대학
동아대,경제학과,2028,2028 공식자료,사회과학대학,"영어, 수학",,,한국대학교육협의회·대입정보포털 어디가,2028학년도 권역별 대학별 권장과목(반영과목),https://www.adiga.kr/uct/ces/archiveView.do?menuId=PCUCTCES1000&prtlBbsId=26634,,영남권 / 부산 / 상위단위: 사회과학대학,경제학과|경제학|사회과학대학|경제
동아대,경영학과,2028,2028 공식자료,경영대학,"영어, 수학",,,한국대학교육협의회·대입정보포털 어디가,2028학년도 권역별 대학별 권장과목(반영과목),https://www.adiga.kr/uct/ces/archiveView.do?menuId=PCUCTCES1000&prtlBbsId=26634,,영남권 / 부산 / 상위단위: 경영대학,경영학과|경영학|경영대학|경영
동아대,경영정보학과,2028,2028 공식자료,경영대학,"영어, 수학",,,한국대학교육협의회·대입정보포털 어디가,2028학년도 권역별 대학별 권장과목(반영과목),https://www.adiga.kr/uct/ces/archiveView.do?menuId=PCUCTCES1000&prtlBbsId=26634,,영남권 / 부산 / 상위단위: 경영대학,경영정보학과|경영정보학|경영대학
동아대,국제무역학과,2028,2028 공식자료,경영대학,"영어, 사회",,,한국대학교육협의회·대입정보포털 어디가,2028학년도 권역별 대학별 권장과목(반영과목),https://www.adiga.kr/uct/ces/archiveView.do?menuId=PCUCTCES1000&prtlBbsId=26634,,영남권 / 부산 / 상위단위: 경영대학,국제무역학과|국제무역학|경영대학
동아대,관광경영학과,2028,2028 공식자료,경영대학,"국어, 영어, 수학",,,한국대학교육협의회·대입정보포털 어디가,2028학년도 권역별 대학별 권장과목(반영과목),https://www.adiga.kr/uct/ces/archiveView.do?menuId=PCUCTCES1000&prtlBbsId=26634,,영남권 / 부산 / 상위단위: 경영대학,관광경영학과|관광경영학|경영대학|경영학|경영
동아대,금융학과,2028,2028 공식자료,경영대학,"국어, 영어, 수학",,,한국대학교육협의회·대입정보포털 어디가,2028학년도 권역별 대학별 권장과목(반영과목),https://www.adiga.kr/uct/ces/archiveView.do?menuId=PCUCTCES1000&prtlBbsId=26634,,영남권 / 부산 / 상위단위: 경영대학,금융학과|금융학|경영대학
동아대,지식서비스경영학과,2028,2028 공식자료,경영대학,"국어, 영어, 수학",,,한국대학교육협의회·대입정보포털 어디가,2028학년도 권역별 대학별 권장과목(반영과목),https://www.adiga.kr/uct/ces/archiveView.do?menuId=PCUCTCES1000&prtlBbsId=26634,,영남권 / 부산 / 상위단위: 경영대학,지식서비스경영학과|지식서비스경영학|경영대학|경영학|경영
동아대,바이오소재공학과,2028,2028 공식자료,생명자원과학대학,"영어, 과학",,,한국대학교육협의회·대입정보포털 어디가,2028학년도 권역별 대학별 권장과목(반영과목),https://www.adiga.kr/uct/ces/archiveView.do?menuId=PCUCTCES1000&prtlBbsId=26634,,영남권 / 부산 / 상위단위: 생명자원과학대학,바이오소재공학과|바이오소재공학|생명자원과학대학
동아대,응용생물공학과,2028,2028 공식자료,생명자원과학대학,"영어, 과학",,,한국대학교육협의회·대입정보포털 어디가,2028학년도 권역별 대학별 권장과목(반영과목),https://www.adiga.kr/uct/ces/archiveView.do?menuId=PCUCTCES1000&prtlBbsId=26634,,영남권 / 부산 / 상위단위: 생명자원과학대학,응용생물공학과|응용생물공학|생명자원과학대학
동아대,식품생명공학과,2028,2028 공식자료,생명자원과학대학,"영어, 과학",,,한국대학교육협의회·대입정보포털 어디가,2028학년도 권역별 대학별 권장과목(반영과목),https://www.adiga.kr/uct/ces/archiveView.do?menuId=PCUCTCES1000&prtlBbsId=26634,,영남권 / 부산 / 상위단위: 생명자원과학대학,식품생명공학과|식품생명공학|생명자원과학대학|생명공학|바이오공학|바이오
동아대,스마트그린자원학과,2028,2028 공식자료,생명자원과학대학,"영어, 과학",,,한국대학교육협의회·대입정보포털 어디가,2028학년도 권역별 대학별 권장과목(반영과목),https://www.adiga.kr/uct/ces/archiveView.do?menuId=PCUCTCES1000&prtlBbsId=26634,,영남권 / 부산 / 상위단위: 생명자원과학대학,스마트그린자원학과|스마트그린자원학|생명자원과학대학
동아대,건설시스템공학과,2028,2028 공식자료,공과대학,"영어, 수학",,,한국대학교육협의회·대입정보포털 어디가,2028학년도 권역별 대학별 권장과목(반영과목),https://www.adiga.kr/uct/ces/archiveView.do?menuId=PCUCTCES1000&prtlBbsId=26634,,영남권 / 부산 / 상위단위: 공과대학,건설시스템공학과|건설시스템공학|공과대학
동아대,건축공학과,2028,2028 공식자료,공과대학,"영어, 수학",,,한국대학교육협의회·대입정보포털 어디가,2028학년도 권역별 대학별 권장과목(반영과목),https://www.adiga.kr/uct/ces/archiveView.do?menuId=PCUCTCES1000&prtlBbsId=26634,,영남권 / 부산 / 상위단위: 공과대학,건축공학과|건축공학|공과대학
동아대,전기공학과,2028,2028 공식자료,공과대학,"수학, 과학",,,한국대학교육협의회·대입정보포털 어디가,2028학년도 권역별 대학별 권장과목(반영과목),https://www.adiga.kr/uct/ces/archiveView.do?menuId=PCUCTCES1000&prtlBbsId=26634,,영남권 / 부산 / 상위단위: 공과대학,전기공학과|전기공학|공과대학
동아대,기계공학과,2028,2028 공식자료,공과대학,"수학, 과학",,,한국대학교육협의회·대입정보포털 어디가,2028학년도 권역별 대학별 권장과목(반영과목),https://www.adiga.kr/uct/ces/archiveView.do?menuId=PCUCTCES1000&prtlBbsId=26634,,영남권 / 부산 / 상위단위: 공과대학,기계공학과|기계공학|공과대학|기계
동아대,신소재공학과,2028,2028 공식자료,공과대학,"수학, 과학",,,한국대학교육협의회·대입정보포털 어디가,2028학년도 권역별 대학별 권장과목(반영과목),https://www.adiga.kr/uct/ces/archiveView.do?menuId=PCUCTCES1000&prtlBbsId=26634,,영남권 / 부산 / 상위단위: 공과대학,신소재공학과|신소재공학|공과대학|신소재|재료공학
동아대,환경·에너지공학부 미래에너지공학전공,2028,2028 공식자료,공과대학,"수학, 과학",,,한국대학교육협의회·대입정보포털 어디가,2028학년도 권역별 대학별 권장과목(반영과목),https://www.adiga.kr/uct/ces/archiveView.do?menuId=PCUCTCES1000&prtlBbsId=26634,,영남권 / 부산 / 상위단위: 공과대학,환경·에너지공학부 미래에너지공학전공|환경·에너지공학부 미래에너지공학|공과대학
동아대,전자공학과,2028,2028 공식자료,공과대학,"영어, 수학, 과학",,,한국대학교육협의회·대입정보포털 어디가,2028학년도 권역별 대학별 권장과목(반영과목),https://www.adiga.kr/uct/ces/archiveView.do?menuId=PCUCTCES1000&prtlBbsId=26634,,영남권 / 부산 / 상위단위: 공과대학,전자공학과|전자공학|공과대학
동아대,산업경영공학과,2028,2028 공식자료,공과대학,"영어, 수학, 과학",,,한국대학교육협의회·대입정보포털 어디가,2028학년도 권역별 대학별 권장과목(반영과목),https://www.adiga.kr/uct/ces/archiveView.do?menuId=PCUCTCES1000&prtlBbsId=26634,,영남권 / 부산 / 상위단위: 공과대학,산업경영공학과|산업경영공학|공과대학
동아대,조선해양공학과,2028,2028 공식자료,공과대학,"영어, 수학, 과학",,,한국대학교육협의회·대입정보포털 어디가,2028학년도 권역별 대학별 권장과목(반영과목),https://www.adiga.kr/uct/ces/archiveView.do?menuId=PCUCTCES1000&prtlBbsId=26634,,영남권 / 부산 / 상위단위: 공과대학,조선해양공학과|조선해양공학|공과대학
동아대,도시공학과,2028,2028 공식자료,공과대학,"영어, 수학, 과학",,,한국대학교육협의회·대입정보포털 어디가,2028학년도 권역별 대학별 권장과목(반영과목),https://www.adiga.kr/uct/ces/archiveView.do?menuId=PCUCTCES1000&prtlBbsId=26634,,영남권 / 부산 / 상위단위: 공과대학,도시공학과|도시공학|공과대학
동아대,환경·에너지공학부 환경안전전공,2028,2028 공식자료,공과대학,"영어, 수학, 과학",,,한국대학교육협의회·대입정보포털 어디가,2028학년도 권역별 대학별 권장과목(반영과목),https://www.adiga.kr/uct/ces/archiveView.do?menuId=PCUCTCES1000&prtlBbsId=26634,,영남권 / 부산 / 상위단위: 공과대학,환경·에너지공학부 환경안전전공|환경·에너지공학부 환경안전|공과대학
동아대,화학공학과,2028,2028 공식자료,공과대학,"국어, 영어, 수학, 과학",,,한국대학교육협의회·대입정보포털 어디가,2028학년도 권역별 대학별 권장과목(반영과목),https://www.adiga.kr/uct/ces/archiveView.do?menuId=PCUCTCES1000&prtlBbsId=26634,,영남권 / 부산 / 상위단위: 공과대학,화학공학과|화학공학|공과대학
동아대,건축학과,2028,2028 공식자료,디자인환경대학,"국어, 영어, 수학",,,한국대학교육협의회·대입정보포털 어디가,2028학년도 권역별 대학별 권장과목(반영과목),https://www.adiga.kr/uct/ces/archiveView.do?menuId=PCUCTCES1000&prtlBbsId=26634,,영남권 / 부산 / 상위단위: 디자인환경대학,건축학과|건축학|디자인환경대학
동아대,산업디자인학과,2028,2028 공식자료,디자인환경대학,"국어, 영어, 사회",,,한국대학교육협의회·대입정보포털 어디가,2028학년도 권역별 대학별 권장과목(반영과목),https://www.adiga.kr/uct/ces/archiveView.do?menuId=PCUCTCES1000&prtlBbsId=26634,,영남권 / 부산 / 상위단위: 디자인환경대학,산업디자인학과|산업디자인학|디자인환경대학
동아대,패션디자인학과,2028,2028 공식자료,디자인환경대학,"영어, 수학",,,한국대학교육협의회·대입정보포털 어디가,2028학년도 권역별 대학별 권장과목(반영과목),https://www.adiga.kr/uct/ces/archiveView.do?menuId=PCUCTCES1000&prtlBbsId=26634,,영남권 / 부산 / 상위단위: 디자인환경대학,패션디자인학과|패션디자인학|디자인환경대학
동아대,조경학과,2028,2028 공식자료,디자인환경대학,"수학, 과학",,,한국대학교육협의회·대입정보포털 어디가,2028학년도 권역별 대학별 권장과목(반영과목),https://www.adiga.kr/uct/ces/archiveView.do?menuId=PCUCTCES1000&prtlBbsId=26634,,영남권 / 부산 / 상위단위: 디자인환경대학,조경학과|조경학|디자인환경대학
동아대,체육학과,2028,2028 공식자료,예술체육대학,"국어, 영어",,,한국대학교육협의회·대입정보포털 어디가,2028학년도 권역별 대학별 권장과목(반영과목),https://www.adiga.kr/uct/ces/archiveView.do?menuId=PCUCTCES1000&prtlBbsId=26634,,영남권 / 부산 / 상위단위: 예술체육대학,체육학과|체육학|예술체육대학
동아대,미술학과,2028,2028 공식자료,예술체육대학,"국어, 영어",,,한국대학교육협의회·대입정보포털 어디가,2028학년도 권역별 대학별 권장과목(반영과목),https://www.adiga.kr/uct/ces/archiveView.do?menuId=PCUCTCES1000&prtlBbsId=26634,,영남권 / 부산 / 상위단위: 예술체육대학,미술학과|미술학|예술체육대학
동아대,음악학과(신규),2028,2028 공식자료,예술체육대학,"국어, 영어",,,한국대학교육협의회·대입정보포털 어디가,2028학년도 권역별 대학별 권장과목(반영과목),https://www.adiga.kr/uct/ces/archiveView.do?menuId=PCUCTCES1000&prtlBbsId=26634,,영남권 / 부산 / 상위단위: 예술체육대학,음악학과(신규)|예술체육대학
동아대,태권도학과(신규),2028,2028 공식자료,예술체육대학,"국어, 영어, 수학, 사회, 과학",,,한국대학교육협의회·대입정보포털 어디가,2028학년도 권역별 대학별 권장과목(반영과목),https://www.adiga.kr/uct/ces/archiveView.do?menuId=PCUCTCES1000&prtlBbsId=26634,,영남권 / 부산 / 상위단위: 예술체육대학,태권도학과(신규)|예술체육대학
동아대,식품영양학과,2028,2028 공식자료,건강과학대학,"영어, 과학",,,한국대학교육협의회·대입정보포털 어디가,2028학년도 권역별 대학별 권장과목(반영과목),https://www.adiga.kr/uct/ces/archiveView.do?menuId=PCUCTCES1000&prtlBbsId=26634,,영남권 / 부산 / 상위단위: 건강과학대학,식품영양학과|식품영양학|건강과학대학
동아대,의약생명공학과,2028,2028 공식자료,건강과학대학,"영어, 과학",,,한국대학교육협의회·대입정보포털 어디가,2028학년도 권역별 대학별 권장과목(반영과목),https://www.adiga.kr/uct/ces/archiveView.do?menuId=PCUCTCES1000&prtlBbsId=26634,,영남권 / 부산 / 상위단위: 건강과학대학,의약생명공학과|의약생명공학|건강과학대학|생명공학|바이오공학|바이오
동아대,건강관리학과,2028,2028 공식자료,건강과학대학,"영어, 수학, 과학",,,한국대학교육협의회·대입정보포털 어디가,2028학년도 권역별 대학별 권장과목(반영과목),https://www.adiga.kr/uct/ces/archiveView.do?menuId=PCUCTCES1000&prtlBbsId=26634,,영남권 / 부산 / 상위단위: 건강과학대학,건강관리학과|건강관리학|건강과학대학
동아대,작업치료학과,2028,2028 공식자료,건강과학대학,"국어, 영어, 수학, 과학",,,한국대학교육협의회·대입정보포털 어디가,2028학년도 권역별 대학별 권장과목(반영과목),https://www.adiga.kr/uct/ces/archiveView.do?menuId=PCUCTCES1000&prtlBbsId=26634,,영남권 / 부산 / 상위단위: 건강과학대학,작업치료학과|작업치료학|건강과학대학
동아대,의예과,2028,2028 공식자료,의과대학,"국어, 영어, 수학, 과학",,,한국대학교육협의회·대입정보포털 어디가,2028학년도 권역별 대학별 권장과목(반영과목),https://www.adiga.kr/uct/ces/archiveView.do?menuId=PCUCTCES1000&prtlBbsId=26634,,영남권 / 부산 / 상위단위: 의과대학,의예과|의과대학|의대|의학|의예
동아대,글로벌비즈니스학과,2028,2028 공식자료,국제대학,"영어, 수학, 사회",,,한국대학교육협의회·대입정보포털 어디가,2028학년도 권역별 대학별 권장과목(반영과목),https://www.adiga.kr/uct/ces/archiveView.do?menuId=PCUCTCES1000&prtlBbsId=26634,,영남권 / 부산 / 상위단위: 국제대학,글로벌비즈니스학과|글로벌비즈니스학|국제대학
동아대,영미학과,2028,2028 공식자료,국제대학,"국어, 영어, 사회",,,한국대학교육협의회·대입정보포털 어디가,2028학년도 권역별 대학별 권장과목(반영과목),https://www.adiga.kr/uct/ces/archiveView.do?menuId=PCUCTCES1000&prtlBbsId=26634,,영남권 / 부산 / 상위단위: 국제대학,영미학과|영미학|국제대학
동아대,중국학과,2028,2028 공식자료,국제대학,"국어, 영어, 사회",,,한국대학교육협의회·대입정보포털 어디가,2028학년도 권역별 대학별 권장과목(반영과목),https://www.adiga.kr/uct/ces/archiveView.do?menuId=PCUCTCES1000&prtlBbsId=26634,,영남권 / 부산 / 상위단위: 국제대학,중국학과|중국학|국제대학
동아대,일본학과,2028,2028 공식자료,국제대학,"국어, 영어, 사회",,,한국대학교육협의회·대입정보포털 어디가,2028학년도 권역별 대학별 권장과목(반영과목),https://www.adiga.kr/uct/ces/archiveView.do?menuId=PCUCTCES1000&prtlBbsId=26634,,영남권 / 부산 / 상위단위: 국제대학,일본학과|일본학|국제대학
동아대,컴퓨터공학과,2028,2028 공식자료,소프트웨어대학,"영어, 수학, 과학",,,한국대학교육협의회·대입정보포털 어디가,2028학년도 권역별 대학별 권장과목(반영과목),https://www.adiga.kr/uct/ces/archiveView.do?menuId=PCUCTCES1000&prtlBbsId=26634,,영남권 / 부산 / 상위단위: 소프트웨어대학,컴퓨터공학과|컴퓨터공학|소프트웨어대학|컴공|컴퓨터과학|컴퓨터
동아대,AI학과,2028,2028 공식자료,소프트웨어대학,"영어, 수학, 과학",,,한국대학교육협의회·대입정보포털 어디가,2028학년도 권역별 대학별 권장과목(반영과목),https://www.adiga.kr/uct/ces/archiveView.do?menuId=PCUCTCES1000&prtlBbsId=26634,,영남권 / 부산 / 상위단위: 소프트웨어대학,AI학과|AI학|소프트웨어대학
동아대,간호학과,2028,2028 공식자료,간호대학,"국어, 영어, 수학, 과학",,,한국대학교육협의회·대입정보포털 어디가,2028학년도 권역별 대학별 권장과목(반영과목),https://www.adiga.kr/uct/ces/archiveView.do?menuId=PCUCTCES1000&prtlBbsId=26634,,영남권 / 부산 / 상위단위: 간호대학,간호학과|간호학|간호대학|간호
동아대,석당인재학부,2028,2028 공식자료,석당인재학부,"국어, 영어, 수학, 사회",,,한국대학교육협의회·대입정보포털 어디가,2028학년도 권역별 대학별 권장과목(반영과목),https://www.adiga.kr/uct/ces/archiveView.do?menuId=PCUCTCES1000&prtlBbsId=26634,,영남권 / 부산 / 상위단위: 석당인재학부,석당인재학부|석당인재
동아대,자유전공학부(신규),2028,2028 공식자료,융합대학,"국어, 영어, 수학, 사회, 과학",,,한국대학교육협의회·대입정보포털 어디가,2028학년도 권역별 대학별 권장과목(반영과목),https://www.adiga.kr/uct/ces/archiveView.do?menuId=PCUCTCES1000&prtlBbsId=26634,,영남권 / 부산 / 상위단위: 융합대학,자유전공학부(신규)|융합대학
부산대,경제학부,2028,2028 공식자료,경제통상대학,"확률과 통계, 미적분Ⅰ, 미적분Ⅱ",,"제시 과목 중, 1과목 이상 이수",한국대학교육협의회·대입정보포털 어디가,2028학년도 권역별 대학별 권장과목(반영과목),https://www.adiga.kr/uct/ces/archiveView.do?menuId=PCUCTCES1000&prtlBbsId=26634,,영남권 / 부산 / 상위단위: 경제통상대학,경제학부|경제|경제통상대학|경제학
부산대,경영학과,2028,2028 공식자료,경영대학,"확률과 통계, 미적분Ⅰ, 미적분Ⅱ",,"제시 과목 중, 1과목 이상 이수",한국대학교육협의회·대입정보포털 어디가,2028학년도 권역별 대학별 권장과목(반영과목),https://www.adiga.kr/uct/ces/archiveView.do?menuId=PCUCTCES1000&prtlBbsId=26634,,영남권 / 부산 / 상위단위: 경영대학,경영학과|경영학|경영대학|경영
부산대,수학과,2028,2028 공식자료,자연과학대학,"확률과 통계, 기하, 미적분Ⅱ",,"제시 과목 중, 2과목 이상 이수",한국대학교육협의회·대입정보포털 어디가,2028학년도 권역별 대학별 권장과목(반영과목),https://www.adiga.kr/uct/ces/archiveView.do?menuId=PCUCTCES1000&prtlBbsId=26634,,영남권 / 부산 / 상위단위: 자연과학대학,수학과|수학|자연과학대학
부산대,통계학과,2028,2028 공식자료,자연과학대학,"확률과 통계, 기하, 미적분Ⅱ",,,한국대학교육협의회·대입정보포털 어디가,2028학년도 권역별 대학별 권장과목(반영과목),https://www.adiga.kr/uct/ces/archiveView.do?menuId=PCUCTCES1000&prtlBbsId=26634,,영남권 / 부산 / 상위단위: 자연과학대학,통계학과|통계학|자연과학대학
부산대,화학과,2028,2028 공식자료,자연과학대학,"화학, 생명과학",,"제시 과목 관련 일반선택 과목 및 진로선택 과목 중 3과목 이상 이수 -화학 관련 과목: 화학, 물질과 에너지, 화학 반응의 세계 -생명과학 관련 과목: 생명과학, 세포와 물질대사, 생물의 유전",한국대학교육협의회·대입정보포털 어디가,2028학년도 권역별 대학별 권장과목(반영과목),https://www.adiga.kr/uct/ces/archiveView.do?menuId=PCUCTCES1000&prtlBbsId=26634,,영남권 / 부산 / 상위단위: 자연과학대학,화학과|화학|자연과학대학
부산대,생명과학과,2028,2028 공식자료,자연과학대학,"화학, 생명과학",,"제시 과목 관련 일반선택 과목 및 진로선택 과목 중 3과목 이상 이수 -화학 관련 과목: 화학, 물질과 에너지, 화학 반응의 세계 -생명과학 관련 과목: 생명과학, 세포와 물질대사, 생물의 유전",한국대학교육협의회·대입정보포털 어디가,2028학년도 권역별 대학별 권장과목(반영과목),https://www.adiga.kr/uct/ces/archiveView.do?menuId=PCUCTCES1000&prtlBbsId=26634,,영남권 / 부산 / 상위단위: 자연과학대학,생명과학과|생명과학|자연과학대학
부산대,미생물학과,2028,2028 공식자료,자연과학대학,"화학, 생명과학",,"제시 과목 관련 일반선택 과목 및 진로선택 과목 중 3과목 이상 이수 -화학 관련 과목: 화학, 물질과 에너지, 화학 반응의 세계 -생명과학 관련 과목: 생명과학, 세포와 물질대사, 생물의 유전",한국대학교육협의회·대입정보포털 어디가,2028학년도 권역별 대학별 권장과목(반영과목),https://www.adiga.kr/uct/ces/archiveView.do?menuId=PCUCTCES1000&prtlBbsId=26634,,영남권 / 부산 / 상위단위: 자연과학대학,미생물학과|미생물학|자연과학대학
부산대,분자생물학과,2028,2028 공식자료,자연과학대학,"화학, 생명과학",,"제시 과목 관련 일반선택 과목 및 진로선택 과목 중 3과목 이상 이수 -화학 관련 과목: 화학, 물질과 에너지, 화학 반응의 세계 -생명과학 관련 과목: 생명과학, 세포와 물질대사, 생물의 유전",한국대학교육협의회·대입정보포털 어디가,2028학년도 권역별 대학별 권장과목(반영과목),https://www.adiga.kr/uct/ces/archiveView.do?menuId=PCUCTCES1000&prtlBbsId=26634,,영남권 / 부산 / 상위단위: 자연과학대학,분자생물학과|분자생물학|자연과학대학
부산대,물리학과,2028,2028 공식자료,자연과학대학,"기하, 미적분Ⅱ, 물리학, 화학",,"기하, 미적분Ⅱ 중 1과목 이상 이수, 물리학, 화학 관련 일반선택 과목 및 진로선택 과목 중 3과목 이상 이수",한국대학교육협의회·대입정보포털 어디가,2028학년도 권역별 대학별 권장과목(반영과목),https://www.adiga.kr/uct/ces/archiveView.do?menuId=PCUCTCES1000&prtlBbsId=26634,,영남권 / 부산 / 상위단위: 자연과학대학,물리학과|물리학|자연과학대학
부산대,지질환경과학과,2028,2028 공식자료,자연과학대학,"물리학, 지구과학",,"제시 과목 관련 일반선택 과목 및 진로선택 과목 중 1과목 이상 이수 -물리학 관련 과목: 물리학, 역학과 에너지, 전자기와 양자 -지구과학 관련 과목: 지구과학, 지구시스템과학, 행성우주과학",한국대학교육협의회·대입정보포털 어디가,2028학년도 권역별 대학별 권장과목(반영과목),https://www.adiga.kr/uct/ces/archiveView.do?menuId=PCUCTCES1000&prtlBbsId=26634,,영남권 / 부산 / 상위단위: 자연과학대학,지질환경과학과|지질환경과학|자연과학대학
부산대,해양학과,2028,2028 공식자료,자연과학대학,"물리학, 지구과학",,"제시 과목 관련 일반선택 과목 및 진로선택 과목 중 1과목 이상 이수 -물리학 관련 과목: 물리학, 역학과 에너지, 전자기와 양자 -지구과학 관련 과목: 지구과학, 지구시스템과학, 행성우주과학",한국대학교육협의회·대입정보포털 어디가,2028학년도 권역별 대학별 권장과목(반영과목),https://www.adiga.kr/uct/ces/archiveView.do?menuId=PCUCTCES1000&prtlBbsId=26634,,영남권 / 부산 / 상위단위: 자연과학대학,해양학과|해양학|자연과학대학
부산대,대기환경과학과,2028,2028 공식자료,자연과학대학,"물리학, 지구과학",,"제시 과목 관련 일반선택 과목 및 진로선택 과목 중 1과목 이상 이수 -물리학 관련 과목: 물리학, 역학과 에너지, 전자기와 양자 -지구과학 관련 과목: 지구과학, 지구시스템과학, 행성우주과학",한국대학교육협의회·대입정보포털 어디가,2028학년도 권역별 대학별 권장과목(반영과목),https://www.adiga.kr/uct/ces/archiveView.do?menuId=PCUCTCES1000&prtlBbsId=26634,,영남권 / 부산 / 상위단위: 자연과학대학,대기환경과학과|대기환경과학|자연과학대학
부산대,산업공학과,2028,2028 공식자료,공과대학,"확률과 통계, 기하, 미적분Ⅱ",,제시 과목 중 2과목 이상 이수,한국대학교육협의회·대입정보포털 어디가,2028학년도 권역별 대학별 권장과목(반영과목),https://www.adiga.kr/uct/ces/archiveView.do?menuId=PCUCTCES1000&prtlBbsId=26634,,영남권 / 부산 / 상위단위: 공과대학,산업공학과|산업공학|공과대학|산공
부산대,기계공학부,2028,2028 공식자료,공과대학,"기하, 미적분Ⅱ, 물리학, 화학",,"기하, 미적분Ⅱ 중 1과목 이상 이수, 물리학, 화학 관련 일반선택 과목 및 진로선택 과목 중 3과목 이상 이수",한국대학교육협의회·대입정보포털 어디가,2028학년도 권역별 대학별 권장과목(반영과목),https://www.adiga.kr/uct/ces/archiveView.do?menuId=PCUCTCES1000&prtlBbsId=26634,,영남권 / 부산 / 상위단위: 공과대학,기계공학부|기계공|공과대학|기계공학|기계
부산대,고분자공학과,2028,2028 공식자료,공과대학,"기하, 미적분Ⅱ, 물리학, 화학",,"기하, 미적분Ⅱ 중 1과목 이상 이수, 물리학, 화학 관련 일반선택 과목 및 진로선택 과목 중 3과목 이상 이수",한국대학교육협의회·대입정보포털 어디가,2028학년도 권역별 대학별 권장과목(반영과목),https://www.adiga.kr/uct/ces/archiveView.do?menuId=PCUCTCES1000&prtlBbsId=26634,,영남권 / 부산 / 상위단위: 공과대학,고분자공학과|고분자공학|공과대학
부산대,유기소재시스템공학과,2028,2028 공식자료,공과대학,"기하, 미적분Ⅱ, 물리학, 화학",,"기하, 미적분Ⅱ 중 1과목 이상 이수, 물리학, 화학 관련 일반선택 과목 및 진로선택 과목 중 3과목 이상 이수",한국대학교육협의회·대입정보포털 어디가,2028학년도 권역별 대학별 권장과목(반영과목),https://www.adiga.kr/uct/ces/archiveView.do?menuId=PCUCTCES1000&prtlBbsId=26634,,영남권 / 부산 / 상위단위: 공과대학,유기소재시스템공학과|유기소재시스템공학|공과대학
부산대,화공생명공학과,2028,2028 공식자료,공과대학,"기하, 미적분Ⅱ, 물리학, 화학",,"기하, 미적분Ⅱ 중 1과목 이상 이수, 물리학, 화학 관련 일반선택 과목 및 진로선택 과목 중 3과목 이상 이수",한국대학교육협의회·대입정보포털 어디가,2028학년도 권역별 대학별 권장과목(반영과목),https://www.adiga.kr/uct/ces/archiveView.do?menuId=PCUCTCES1000&prtlBbsId=26634,,영남권 / 부산 / 상위단위: 공과대학,화공생명공학과|화공생명공학|공과대학|화학공학과|화학공학|화공|화공생명|생명공학|바이오공학|바이오
부산대,환경공학과,2028,2028 공식자료,공과대학,"기하, 미적분Ⅱ, 물리학, 화학",,"기하, 미적분Ⅱ 중 1과목 이상 이수, 물리학, 화학 관련 일반선택 과목 및 진로선택 과목 중 3과목 이상 이수",한국대학교육협의회·대입정보포털 어디가,2028학년도 권역별 대학별 권장과목(반영과목),https://www.adiga.kr/uct/ces/archiveView.do?menuId=PCUCTCES1000&prtlBbsId=26634,,영남권 / 부산 / 상위단위: 공과대학,환경공학과|환경공학|공과대학
부산대,재료공학부,2028,2028 공식자료,공과대학,"기하, 미적분Ⅱ, 물리학, 화학",,"기하, 미적분Ⅱ 중 1과목 이상 이수, 물리학, 화학 관련 일반선택 과목 및 진로선택 과목 중 3과목 이상 이수",한국대학교육협의회·대입정보포털 어디가,2028학년도 권역별 대학별 권장과목(반영과목),https://www.adiga.kr/uct/ces/archiveView.do?menuId=PCUCTCES1000&prtlBbsId=26634,,영남권 / 부산 / 상위단위: 공과대학,재료공학부|재료공|공과대학
부산대,전기전자공학부 전기공학전공,2028,2028 공식자료,공과대학,"기하, 미적분Ⅱ, 물리학, 화학",,"기하, 미적분Ⅱ 중 1과목 이상 이수, 물리학, 화학 관련 일반선택 과목 및 진로선택 과목 중 3과목 이상 이수",한국대학교육협의회·대입정보포털 어디가,2028학년도 권역별 대학별 권장과목(반영과목),https://www.adiga.kr/uct/ces/archiveView.do?menuId=PCUCTCES1000&prtlBbsId=26634,,영남권 / 부산 / 상위단위: 공과대학,전기전자공학부 전기공학전공|전기전자공학부 전기공학|공과대학|전기전자|전자전기|전자공학|전기공학
부산대,전기전자공학부 전자공학전공,2028,2028 공식자료,공과대학,"기하, 미적분Ⅱ, 물리학, 화학",,"기하, 미적분Ⅱ 중 1과목 이상 이수, 물리학, 화학 관련 일반선택 과목 및 진로선택 과목 중 3과목 이상 이수",한국대학교육협의회·대입정보포털 어디가,2028학년도 권역별 대학별 권장과목(반영과목),https://www.adiga.kr/uct/ces/archiveView.do?menuId=PCUCTCES1000&prtlBbsId=26634,,영남권 / 부산 / 상위단위: 공과대학,전기전자공학부 전자공학전공|전기전자공학부 전자공학|공과대학|전기전자|전자전기|전자공학|전기공학
부산대,전기전자공학부 반도체공학전공,2028,2028 공식자료,공과대학,"기하, 미적분Ⅱ, 물리학, 화학",,"기하, 미적분Ⅱ 중 1과목 이상 이수, 물리학, 화학 관련 일반선택 과목 및 진로선택 과목 중 3과목 이상 이수",한국대학교육협의회·대입정보포털 어디가,2028학년도 권역별 대학별 권장과목(반영과목),https://www.adiga.kr/uct/ces/archiveView.do?menuId=PCUCTCES1000&prtlBbsId=26634,,영남권 / 부산 / 상위단위: 공과대학,전기전자공학부 반도체공학전공|전기전자공학부 반도체공학|공과대학|전기전자|전자전기|전자공학|전기공학
부산대,건축공학과,2028,2028 공식자료,공과대학,"기하, 미적분Ⅱ, 물리학, 화학",,"기하, 미적분Ⅱ 중 1과목 이상 이수, 물리학, 화학 관련 일반선택 과목 및 진로선택 과목 중 3과목 이상 이수",한국대학교육협의회·대입정보포털 어디가,2028학년도 권역별 대학별 권장과목(반영과목),https://www.adiga.kr/uct/ces/archiveView.do?menuId=PCUCTCES1000&prtlBbsId=26634,,영남권 / 부산 / 상위단위: 공과대학,건축공학과|건축공학|공과대학
부산대,사회기반시스템공학과,2028,2028 공식자료,공과대학,"기하, 미적분Ⅱ, 물리학, 화학",,"기하, 미적분Ⅱ 중 1과목 이상 이수, 물리학, 화학 관련 일반선택 과목 및 진로선택 과목 중 3과목 이상 이수",한국대학교육협의회·대입정보포털 어디가,2028학년도 권역별 대학별 권장과목(반영과목),https://www.adiga.kr/uct/ces/archiveView.do?menuId=PCUCTCES1000&prtlBbsId=26634,,영남권 / 부산 / 상위단위: 공과대학,사회기반시스템공학과|사회기반시스템공학|공과대학
부산대,항공우주공학과,2028,2028 공식자료,공과대학,"기하, 미적분Ⅱ, 물리학, 화학",,"기하, 미적분Ⅱ 중 1과목 이상 이수, 물리학, 화학 관련 일반선택 과목 및 진로선택 과목 중 3과목 이상 이수",한국대학교육협의회·대입정보포털 어디가,2028학년도 권역별 대학별 권장과목(반영과목),https://www.adiga.kr/uct/ces/archiveView.do?menuId=PCUCTCES1000&prtlBbsId=26634,,영남권 / 부산 / 상위단위: 공과대학,항공우주공학과|항공우주공학|공과대학
부산대,조선·해양공학과,2028,2028 공식자료,공과대학,"기하, 미적분Ⅱ, 물리학, 화학",,"기하, 미적분Ⅱ 중 1과목 이상 이수, 물리학, 화학 관련 일반선택 과목 및 진로선택 과목 중 3과목 이상 이수",한국대학교육협의회·대입정보포털 어디가,2028학년도 권역별 대학별 권장과목(반영과목),https://www.adiga.kr/uct/ces/archiveView.do?menuId=PCUCTCES1000&prtlBbsId=26634,,영남권 / 부산 / 상위단위: 공과대학,조선·해양공학과|조선·해양공학|공과대학
부산대,첨단IT자율전공,2028,2028 공식자료,공과대학,"기하, 미적분Ⅱ, 물리학, 화학",,"기하, 미적분Ⅱ 중 1과목 이상 이수, 물리학, 화학 관련 일반선택 과목 및 진로선택 과목 중 3과목 이상 이수",한국대학교육협의회·대입정보포털 어디가,2028학년도 권역별 대학별 권장과목(반영과목),https://www.adiga.kr/uct/ces/archiveView.do?menuId=PCUCTCES1000&prtlBbsId=26634,,영남권 / 부산 / 상위단위: 공과대학,첨단IT자율전공|첨단IT자율|공과대학
부산대,첨단소재자율전공,2028,2028 공식자료,공과대학,"기하, 미적분Ⅱ, 물리학, 화학",,"기하, 미적분Ⅱ 중 1과목 이상 이수, 물리학, 화학 관련 일반선택 과목 및 진로선택 과목 중 3과목 이상 이수",한국대학교육협의회·대입정보포털 어디가,2028학년도 권역별 대학별 권장과목(반영과목),https://www.adiga.kr/uct/ces/archiveView.do?menuId=PCUCTCES1000&prtlBbsId=26634,,영남권 / 부산 / 상위단위: 공과대학,첨단소재자율전공|첨단소재자율|공과대학
부산대,첨단모빌리티자율전공,2028,2028 공식자료,공과대학,"기하, 미적분Ⅱ, 물리학, 화학",,"기하, 미적분Ⅱ 중 1과목 이상 이수, 물리학, 화학 관련 일반선택 과목 및 진로선택 과목 중 3과목 이상 이수",한국대학교육협의회·대입정보포털 어디가,2028학년도 권역별 대학별 권장과목(반영과목),https://www.adiga.kr/uct/ces/archiveView.do?menuId=PCUCTCES1000&prtlBbsId=26634,,영남권 / 부산 / 상위단위: 공과대학,첨단모빌리티자율전공|첨단모빌리티자율|공과대학
부산대,수학교육과,2028,2028 공식자료,공과대학,"확률과 통계, 기하, 미적분Ⅱ",,제시 과목 중 2과목 이상 이수,한국대학교육협의회·대입정보포털 어디가,2028학년도 권역별 대학별 권장과목(반영과목),https://www.adiga.kr/uct/ces/archiveView.do?menuId=PCUCTCES1000&prtlBbsId=26634,,영남권 / 부산 / 상위단위: 공과대학,수학교육과|공과대학
부산대,IT응용공학과,2028,2028 공식자료,공과대학,"확률과 통계, 기하, 미적분Ⅱ",,제시 과목 중 2과목 이상 이수,한국대학교육협의회·대입정보포털 어디가,2028학년도 권역별 대학별 권장과목(반영과목),https://www.adiga.kr/uct/ces/archiveView.do?menuId=PCUCTCES1000&prtlBbsId=26634,,영남권 / 부산 / 상위단위: 공과대학,IT응용공학과|IT응용공학|공과대학
부산대,정보컴퓨터공학부 검퓨터공학전공,2028,2028 공식자료,공과대학,"확률과 통계, 기하, 미적분Ⅱ",,제시 과목 중 2과목 이상 이수,한국대학교육협의회·대입정보포털 어디가,2028학년도 권역별 대학별 권장과목(반영과목),https://www.adiga.kr/uct/ces/archiveView.do?menuId=PCUCTCES1000&prtlBbsId=26634,,영남권 / 부산 / 상위단위: 공과대학,정보컴퓨터공학부 검퓨터공학전공|정보컴퓨터공학부 검퓨터공학|공과대학|컴퓨터공학|컴공|컴퓨터과학|컴퓨터
부산대,정보컴퓨터공학부 인공지능전공,2028,2028 공식자료,공과대학,"확률과 통계, 기하, 미적분Ⅱ",,제시 과목 중 2과목 이상 이수,한국대학교육협의회·대입정보포털 어디가,2028학년도 권역별 대학별 권장과목(반영과목),https://www.adiga.kr/uct/ces/archiveView.do?menuId=PCUCTCES1000&prtlBbsId=26634,,영남권 / 부산 / 상위단위: 공과대학,정보컴퓨터공학부 인공지능전공|정보컴퓨터공학부 인공지능|공과대학|컴퓨터공학|컴공|컴퓨터과학|컴퓨터
부산대,정보컴퓨터공학부 디자인테크놀로지전공,2028,2028 공식자료,공과대학,"확률과 통계, 기하, 미적분Ⅱ",,제시 과목 중 2과목 이상 이수,한국대학교육협의회·대입정보포털 어디가,2028학년도 권역별 대학별 권장과목(반영과목),https://www.adiga.kr/uct/ces/archiveView.do?menuId=PCUCTCES1000&prtlBbsId=26634,,영남권 / 부산 / 상위단위: 공과대학,정보컴퓨터공학부 디자인테크놀로지전공|정보컴퓨터공학부 디자인테크놀로지|공과대학|컴퓨터공학|컴공|컴퓨터과학|컴퓨터
부산대,생물교육과,2028,2028 공식자료,사범대학,"화학, 생명과학",,제시 과목 관련 일반선택 과목 및 진로선택 과목 중 3과목 이상 이수,한국대학교육협의회·대입정보포털 어디가,2028학년도 권역별 대학별 권장과목(반영과목),https://www.adiga.kr/uct/ces/archiveView.do?menuId=PCUCTCES1000&prtlBbsId=26634,,영남권 / 부산 / 상위단위: 사범대학,생물교육과|사범대학
부산대,수학교육과,2028,2028 공식자료,사범대학,"확률과 통계, 기하, 미적분Ⅱ",,제시 과목 중 2과목 이상 이수,한국대학교육협의회·대입정보포털 어디가,2028학년도 권역별 대학별 권장과목(반영과목),https://www.adiga.kr/uct/ces/archiveView.do?menuId=PCUCTCES1000&prtlBbsId=26634,,영남권 / 부산 / 상위단위: 사범대학,수학교육과|사범대학
부산대,물리교육과,2028,2028 공식자료,사범대학,"기하, 미적분Ⅱ, 물리학, 화학",,"기하, 미적분Ⅱ 중 1과목 이상 이수, 물리학, 화학 관련 일반선택 과목 및 진로선택 과목 중 3과목 이상 이수",한국대학교육협의회·대입정보포털 어디가,2028학년도 권역별 대학별 권장과목(반영과목),https://www.adiga.kr/uct/ces/archiveView.do?menuId=PCUCTCES1000&prtlBbsId=26634,,영남권 / 부산 / 상위단위: 사범대학,물리교육과|사범대학
부산대,화학교육과,2028,2028 공식자료,사범대학,"기하, 미적분Ⅱ, 물리학, 화학",,"기하, 미적분Ⅱ 중 1과목 이상 이수, 물리학, 화학 관련 일반선택 과목 및 진로선택 과목 중 3과목 이상 이수",한국대학교육협의회·대입정보포털 어디가,2028학년도 권역별 대학별 권장과목(반영과목),https://www.adiga.kr/uct/ces/archiveView.do?menuId=PCUCTCES1000&prtlBbsId=26634,,영남권 / 부산 / 상위단위: 사범대학,화학교육과|사범대학
부산대,지구과학교육과,2028,2028 공식자료,사범대학,"물리학, 지구과학",,제시 과목 관련 일반선택 과목 및 진로선택 과목 중 1과목 이상 이수,한국대학교육협의회·대입정보포털 어디가,2028학년도 권역별 대학별 권장과목(반영과목),https://www.adiga.kr/uct/ces/archiveView.do?menuId=PCUCTCES1000&prtlBbsId=26634,,영남권 / 부산 / 상위단위: 사범대학,지구과학교육과|사범대학
부산대,식품영양학과,2028,2028 공식자료,생활과학대학,"화학, 생명과학",,"제시 과목 관련 일반선택 과목 및 진로선택 과목 중 3과목 이상 이수 -화학 관련 과목: 화학, 물질과 에너지, 화학 반응의 세계 -생명과학 관련 과목: 생명과학, 세포와 물질대사, 생물의 유전",한국대학교육협의회·대입정보포털 어디가,2028학년도 권역별 대학별 권장과목(반영과목),https://www.adiga.kr/uct/ces/archiveView.do?menuId=PCUCTCES1000&prtlBbsId=26634,,영남권 / 부산 / 상위단위: 생활과학대학,식품영양학과|식품영양학|생활과학대학
부산대,원예생명과학과,2028,2028 공식자료,생명자원과학대학,"화학, 생명과학",,"제시 과목 관련 일반선택 과목 및 진로선택 과목 중 3과목 이상 이수 -화학 관련 과목: 화학, 물질과 에너지, 화학 반응의 세계 -생명과학 관련 과목: 생명과학, 세포와 물질대사, 생물의 유전",한국대학교육협의회·대입정보포털 어디가,2028학년도 권역별 대학별 권장과목(반영과목),https://www.adiga.kr/uct/ces/archiveView.do?menuId=PCUCTCES1000&prtlBbsId=26634,,영남권 / 부산 / 상위단위: 생명자원과학대학,원예생명과학과|원예생명과학|생명자원과학대학
부산대,식품공학과,2028,2028 공식자료,생명자원과학대학,"화학, 생명과학",,"제시 과목 관련 일반선택 과목 및 진로선택 과목 중 3과목 이상 이수 -화학 관련 과목: 화학, 물질과 에너지, 화학 반응의 세계 -생명과학 관련 과목: 생명과학, 세포와 물질대사, 생물의 유전",한국대학교육협의회·대입정보포털 어디가,2028학년도 권역별 대학별 권장과목(반영과목),https://www.adiga.kr/uct/ces/archiveView.do?menuId=PCUCTCES1000&prtlBbsId=26634,,영남권 / 부산 / 상위단위: 생명자원과학대학,식품공학과|식품공학|생명자원과학대학
부산대,생명환경화학과,2028,2028 공식자료,생명자원과학대학,"화학, 생명과학",,"제시 과목 관련 일반선택 과목 및 진로선택 과목 중 3과목 이상 이수 -화학 관련 과목: 화학, 물질과 에너지, 화학 반응의 세계 -생명과학 관련 과목: 생명과학, 세포와 물질대사, 생물의 유전",한국대학교육협의회·대입정보포털 어디가,2028학년도 권역별 대학별 권장과목(반영과목),https://www.adiga.kr/uct/ces/archiveView.do?menuId=PCUCTCES1000&prtlBbsId=26634,,영남권 / 부산 / 상위단위: 생명자원과학대학,생명환경화학과|생명환경화학|생명자원과학대학
부산대,바이오소재과학과,2028,2028 공식자료,생명자원과학대학,"화학, 생명과학",,"제시 과목 관련 일반선택 과목 및 진로선택 과목 중 3과목 이상 이수 -화학 관련 과목: 화학, 물질과 에너지, 화학 반응의 세계 -생명과학 관련 과목: 생명과학, 세포와 물질대사, 생물의 유전",한국대학교육협의회·대입정보포털 어디가,2028학년도 권역별 대학별 권장과목(반영과목),https://www.adiga.kr/uct/ces/archiveView.do?menuId=PCUCTCES1000&prtlBbsId=26634,,영남권 / 부산 / 상위단위: 생명자원과학대학,바이오소재과학과|바이오소재과학|생명자원과학대학
부산대,바이오환경에너지학과,2028,2028 공식자료,생명자원과학대학,"화학, 생명과학",,"제시 과목 관련 일반선택 과목 및 진로선택 과목 중 3과목 이상 이수 -화학 관련 과목: 화학, 물질과 에너지, 화학 반응의 세계 -생명과학 관련 과목: 생명과학, 세포와 물질대사, 생물의 유전",한국대학교육협의회·대입정보포털 어디가,2028학년도 권역별 대학별 권장과목(반영과목),https://www.adiga.kr/uct/ces/archiveView.do?menuId=PCUCTCES1000&prtlBbsId=26634,,영남권 / 부산 / 상위단위: 생명자원과학대학,바이오환경에너지학과|바이오환경에너지학|생명자원과학대학
부산대,조경학과,2028,2028 공식자료,생명자원과학대학,"화학, 생명과학",,"제시 과목 관련 일반선택 과목 및 진로선택 과목 중 3과목 이상 이수 -화학 관련 과목: 화학, 물질과 에너지, 화학 반응의 세계 -생명과학 관련 과목: 생명과학, 세포와 물질대사, 생물의 유전",한국대학교육협의회·대입정보포털 어디가,2028학년도 권역별 대학별 권장과목(반영과목),https://www.adiga.kr/uct/ces/archiveView.do?menuId=PCUCTCES1000&prtlBbsId=26634,,영남권 / 부산 / 상위단위: 생명자원과학대학,조경학과|조경학|생명자원과학대학
부산대,바이오산업기계공학과,2028,2028 공식자료,생명자원과학대학,"기하, 미적분Ⅱ, 물리학, 화학",,"기하, 미적분Ⅱ 중 1과목 이상 이수, 물리학, 화학 관련 일반선택 과목 및 진로선택 과목 중 3과목 이상 이수",한국대학교육협의회·대입정보포털 어디가,2028학년도 권역별 대학별 권장과목(반영과목),https://www.adiga.kr/uct/ces/archiveView.do?menuId=PCUCTCES1000&prtlBbsId=26634,,영남권 / 부산 / 상위단위: 생명자원과학대학,바이오산업기계공학과|바이오산업기계공학|생명자원과학대학|기계공학|기계
부산대,간호학과,2028,2028 공식자료,간호대학,"화학, 생명과학",,제시 과목 관련 일반선택 과목 및 진로선택 과목 중 3과목 이상 이수,한국대학교육협의회·대입정보포털 어디가,2028학년도 권역별 대학별 권장과목(반영과목),https://www.adiga.kr/uct/ces/archiveView.do?menuId=PCUCTCES1000&prtlBbsId=26634,,영남권 / 부산 / 상위단위: 간호대학,간호학과|간호학|간호대학|간호
부산대,약학부,2028,2028 공식자료,약학부,"화학, 생명과학",,제시 과목 관련 일반선택 과목 및 진로선택 과목 중 3과목 이상 이수,한국대학교육협의회·대입정보포털 어디가,2028학년도 권역별 대학별 권장과목(반영과목),https://www.adiga.kr/uct/ces/archiveView.do?menuId=PCUCTCES1000&prtlBbsId=26634,,영남권 / 부산 / 상위단위: 약학부,약학부|약
부산대,의예과,2028,2028 공식자료,의과대학,"화학, 생명과학",,제시 과목 관련 일반선택 과목 및 진로선택 과목 중 3과목 이상 이수,한국대학교육협의회·대입정보포털 어디가,2028학년도 권역별 대학별 권장과목(반영과목),https://www.adiga.kr/uct/ces/archiveView.do?menuId=PCUCTCES1000&prtlBbsId=26634,,영남권 / 부산 / 상위단위: 의과대학,의예과|의과대학|의대|의학|의예
부산대,치의예과,2028,2028 공식자료,치과대학,"화학, 생명과학",,제시 과목 관련 일반선택 과목 및 진로선택 과목 중 3과목 이상 이수,한국대학교육협의회·대입정보포털 어디가,2028학년도 권역별 대학별 권장과목(반영과목),https://www.adiga.kr/uct/ces/archiveView.do?menuId=PCUCTCES1000&prtlBbsId=26634,,영남권 / 부산 / 상위단위: 치과대학,치의예과|치과대학|의대|의학|의예
부산대,한의학전문대학원 학·석사통학과정,2028,2028 공식자료,한의학전문대학원,"화학, 생명과학",,제시 과목 관련 일반선택 과목 및 진로선택 과목 중 3과목 이상 이수,한국대학교육협의회·대입정보포털 어디가,2028학년도 권역별 대학별 권장과목(반영과목),https://www.adiga.kr/uct/ces/archiveView.do?menuId=PCUCTCES1000&prtlBbsId=26634,,영남권 / 부산 / 상위단위: 한의학전문대학원,한의학전문대학원 학·석사통학과정|한의학전문대학원
부산대,의생명융합공학부,2028,2028 공식자료,정보의생명공학대학,"물리학, 화학, 생명과학",,"제시 과목 관련 일반선택 과목 및 진로선택 과목 중 1과목 이상 이수 -물리학 관련 과목: 물리학, 역학과 에너지, 전자기와 양자 -화학 관련 과목: 화학, 물질과 에너지, 화학 반응의 세계 -생명과학 관련 과목: 생명과학, 세포와 물질대사, 생물의 유전",한국대학교육협의회·대입정보포털 어디가,2028학년도 권역별 대학별 권장과목(반영과목),https://www.adiga.kr/uct/ces/archiveView.do?menuId=PCUCTCES1000&prtlBbsId=26634,,영남권 / 부산 / 상위단위: 정보의생명공학대학,의생명융합공학부|의생명융합공|정보의생명공학대학
부산대,응용생명융합학부,2028,2028 공식자료,학부대학,"물리학, 화학, 생명과학",,"제시 과목 관련 일반선택 과목 및 진로선택 과목 중 1과목 이상 이수 -물리학 관련 과목: 물리학, 역학과 에너지, 전자기와 양자 -화학 관련 과목: 화학, 물질과 에너지, 화학 반응의 세계 -생명과학 관련 과목: 생명과학, 세포와 물질대사, 생물의 유전",한국대학교육협의회·대입정보포털 어디가,2028학년도 권역별 대학별 권장과목(반영과목),https://www.adiga.kr/uct/ces/archiveView.do?menuId=PCUCTCES1000&prtlBbsId=26634,,영남권 / 부산 / 상위단위: 학부대학,응용생명융합학부|응용생명융합|학부대학
부산대,첨단융합학부,2028,2028 공식자료,학부대학,"기하, 미적분Ⅱ, 물리학, 화학",,"기하, 미적분Ⅱ 중 1과목 이상 이수, 물리학, 화학 관련 일반선택 과목 및 진로선택 과목 중 3과목 이상 이수",한국대학교육협의회·대입정보포털 어디가,2028학년도 권역별 대학별 권장과목(반영과목),https://www.adiga.kr/uct/ces/archiveView.do?menuId=PCUCTCES1000&prtlBbsId=26634,,영남권 / 부산 / 상위단위: 학부대학,첨단융합학부|첨단융합|학부대학
경북대,독어독문학과,2028,2028 공식자료,인문대학,전공 관련 제2외국어/한문 교과(군),,1과목 이상 이수 권장,한국대학교육협의회·대입정보포털 어디가,2028학년도 권역별 대학별 권장과목(반영과목),https://www.adiga.kr/uct/ces/archiveView.do?menuId=PCUCTCES1000&prtlBbsId=26634,,영남권 / 대구 / 상위단위: 인문대학,독어독문학과|독어독문학|인문대학
경북대,중어중문학과,2028,2028 공식자료,인문대학,전공 관련 제2외국어/한문 교과(군),,2과목 이상(위계에 맞게) 이수 권장,한국대학교육협의회·대입정보포털 어디가,2028학년도 권역별 대학별 권장과목(반영과목),https://www.adiga.kr/uct/ces/archiveView.do?menuId=PCUCTCES1000&prtlBbsId=26634,,영남권 / 대구 / 상위단위: 인문대학,중어중문학과|중어중문학|인문대학
경북대,일어일문학과,2028,2028 공식자료,인문대학,전공 관련 제2외국어/한문 교과(군),,2과목 이상(위계에 맞게) 이수 권장,한국대학교육협의회·대입정보포털 어디가,2028학년도 권역별 대학별 권장과목(반영과목),https://www.adiga.kr/uct/ces/archiveView.do?menuId=PCUCTCES1000&prtlBbsId=26634,,영남권 / 대구 / 상위단위: 인문대학,일어일문학과|일어일문학|인문대학
경북대,사학과,2028,2028 공식자료,인문대학,"세계사, 사회와 문화",동아시아 역사기행,2과목 이상(위계에 맞게) 이수 권장,한국대학교육협의회·대입정보포털 어디가,2028학년도 권역별 대학별 권장과목(반영과목),https://www.adiga.kr/uct/ces/archiveView.do?menuId=PCUCTCES1000&prtlBbsId=26634,,영남권 / 대구 / 상위단위: 인문대학,사학과|사학|인문대학
경북대,고고인류학과,2028,2028 공식자료,인문대학,"세계사, 사회와 문화",동아시아 역사기행,2과목 이상(위계에 맞게) 이수 권장,한국대학교육협의회·대입정보포털 어디가,2028학년도 권역별 대학별 권장과목(반영과목),https://www.adiga.kr/uct/ces/archiveView.do?menuId=PCUCTCES1000&prtlBbsId=26634,,영남권 / 대구 / 상위단위: 인문대학,고고인류학과|고고인류학|인문대학
경북대,전 모집단위,2028,2028 공식자료,사회과학대학,"사회와 문화, 세계시민과 지리, 현대사회와 윤리, 정치, 인간과 심리","국제관계의 이해, 한국지리 탐구, 도시의 미래 탐구, 인문학과 윤리",3과목 이상(위계에 맞게) 이수 권장,한국대학교육협의회·대입정보포털 어디가,2028학년도 권역별 대학별 권장과목(반영과목),https://www.adiga.kr/uct/ces/archiveView.do?menuId=PCUCTCES1000&prtlBbsId=26634,,영남권 / 대구 / 상위단위: 사회과학대학,전 모집단위|사회과학대학
경북대,수학과,2028,2028 공식자료,자연과학대학,"대수, 미적분Ⅰ, 확률과 통계, 물리학","미적분Ⅱ, 기하, 인공지능 수학",3과목 이상(위계에 맞게) 이수 권장,한국대학교육협의회·대입정보포털 어디가,2028학년도 권역별 대학별 권장과목(반영과목),https://www.adiga.kr/uct/ces/archiveView.do?menuId=PCUCTCES1000&prtlBbsId=26634,,영남권 / 대구 / 상위단위: 자연과학대학,수학과|수학|자연과학대학
경북대,통계학과,2028,2028 공식자료,자연과학대학,"대수, 미적분Ⅰ, 확률과 통계, 물리학","미적분Ⅱ, 기하, 인공지능 수학",3과목 이상(위계에 맞게) 이수 권장,한국대학교육협의회·대입정보포털 어디가,2028학년도 권역별 대학별 권장과목(반영과목),https://www.adiga.kr/uct/ces/archiveView.do?menuId=PCUCTCES1000&prtlBbsId=26634,,영남권 / 대구 / 상위단위: 자연과학대학,통계학과|통계학|자연과학대학
경북대,물리학과,2028,2028 공식자료,자연과학대학,"대수, 미적분Ⅰ, 확률과 통계, 물리학","미적분Ⅱ, 기하, 인공지능 수학",3과목 이상(위계에 맞게) 이수 권장,한국대학교육협의회·대입정보포털 어디가,2028학년도 권역별 대학별 권장과목(반영과목),https://www.adiga.kr/uct/ces/archiveView.do?menuId=PCUCTCES1000&prtlBbsId=26634,,영남권 / 대구 / 상위단위: 자연과학대학,물리학과|물리학|자연과학대학
경북대,화학과,2028,2028 공식자료,자연과학대학,"미적분Ⅰ, 화학, 생명과학","화학 반응의 세계, 세포와 물질대사, 생물의 유전",3과목 이상(위계에 맞게) 이수 권장,한국대학교육협의회·대입정보포털 어디가,2028학년도 권역별 대학별 권장과목(반영과목),https://www.adiga.kr/uct/ces/archiveView.do?menuId=PCUCTCES1000&prtlBbsId=26634,,영남권 / 대구 / 상위단위: 자연과학대학,화학과|화학|자연과학대학
경북대,생명공학부 생물학과,2028,2028 공식자료,자연과학대학,"미적분Ⅰ, 화학, 생명과학","화학 반응의 세계, 세포와 물질대사, 생물의 유전",3과목 이상(위계에 맞게) 이수 권장,한국대학교육협의회·대입정보포털 어디가,2028학년도 권역별 대학별 권장과목(반영과목),https://www.adiga.kr/uct/ces/archiveView.do?menuId=PCUCTCES1000&prtlBbsId=26634,,영남권 / 대구 / 상위단위: 자연과학대학,생명공학부 생물학과|생명공학부 생물학|자연과학대학|생명공학|바이오공학|바이오
경북대,전 모집단위,2028,2028 공식자료,공과대학,"대수, 미적분Ⅰ, 확률과 통계, 물리학, 화학","미적분Ⅱ, 기하, 인공지능 수학, 전자기와 양자, 화학 반응의 세계, 역학과 에너지, 물질과 에너지",3과목 이상(위계에 맞게) 이수 권장,한국대학교육협의회·대입정보포털 어디가,2028학년도 권역별 대학별 권장과목(반영과목),https://www.adiga.kr/uct/ces/archiveView.do?menuId=PCUCTCES1000&prtlBbsId=26634,,영남권 / 대구 / 상위단위: 공과대학,전 모집단위|공과대학
경북대,전 모집단위,2028,2028 공식자료,IT대학,"대수, 미적분Ⅰ, 확률과 통계, 물리학, 화학","미적분Ⅱ, 기하, 역학과 에너지, 전자기와 양자",3과목 이상(위계에 맞게) 이수 권장,한국대학교육협의회·대입정보포털 어디가,2028학년도 권역별 대학별 권장과목(반영과목),https://www.adiga.kr/uct/ces/archiveView.do?menuId=PCUCTCES1000&prtlBbsId=26634,,영남권 / 대구 / 상위단위: IT대학,전 모집단위|IT대학
경북대,전 모집단위 (식품자원경제학과 제외),2028,2028 공식자료,농업생명과학대학,"대수, 미적분Ⅰ, 확률과 통계, 물리학, 화학, 생명과학","미적분Ⅱ, 화학 반응의 세계, 세포와 물질대사, 생물의 유전, 물질과 에너지",3과목 이상(위계에 맞게) 이수 권장,한국대학교육협의회·대입정보포털 어디가,2028학년도 권역별 대학별 권장과목(반영과목),https://www.adiga.kr/uct/ces/archiveView.do?menuId=PCUCTCES1000&prtlBbsId=26634,,영남권 / 대구 / 상위단위: 농업생명과학대학,전 모집단위 (식품자원경제학과 제외)|농업생명과학대학|경제학|경제
경북대,식품자원경제학과,2028,2028 공식자료,농업생명과학대학,"미적분Ⅰ, 확률과 통계","미적분Ⅱ, 경제수학",3과목 이상(위계에 맞게) 이수 권장,한국대학교육협의회·대입정보포털 어디가,2028학년도 권역별 대학별 권장과목(반영과목),https://www.adiga.kr/uct/ces/archiveView.do?menuId=PCUCTCES1000&prtlBbsId=26634,,영남권 / 대구 / 상위단위: 농업생명과학대학,식품자원경제학과|식품자원경제학|농업생명과학대학|경제학|경제
경북대,전 모집단위,2028,2028 공식자료,사범대학,"학과별 특성에 맞는 교과목(예-국어교육과: 국어 교과[군] 일반선택 과목, 진로선택 과목)",,3과목 이상(위계에 맞게) 이수 권장,한국대학교육협의회·대입정보포털 어디가,2028학년도 권역별 대학별 권장과목(반영과목),https://www.adiga.kr/uct/ces/archiveView.do?menuId=PCUCTCES1000&prtlBbsId=26634,,영남권 / 대구 / 상위단위: 사범대학,전 모집단위|사범대학
경북대,전 모집단위,2028,2028 공식자료,의과대학,"대수, 미적분Ⅰ, 확률과 통계, 물리학, 화학, 생명과학","미적분Ⅱ, 화학 반응의 세계, 물질과 에너지, 세포와 물질대사, 생물의 유전",3과목 이상(위계에 맞게) 이수 권장,한국대학교육협의회·대입정보포털 어디가,2028학년도 권역별 대학별 권장과목(반영과목),https://www.adiga.kr/uct/ces/archiveView.do?menuId=PCUCTCES1000&prtlBbsId=26634,,영남권 / 대구 / 상위단위: 의과대학,전 모집단위|의과대학
경북대,전 모집단위,2028,2028 공식자료,치과대학,"대수, 미적분Ⅰ, 확률과 통계, 물리학, 화학, 생명과학","미적분Ⅱ, 화학 반응의 세계, 물질과 에너지, 세포와 물질대사, 생물의 유전",3과목 이상(위계에 맞게) 이수 권장,한국대학교육협의회·대입정보포털 어디가,2028학년도 권역별 대학별 권장과목(반영과목),https://www.adiga.kr/uct/ces/archiveView.do?menuId=PCUCTCES1000&prtlBbsId=26634,,영남권 / 대구 / 상위단위: 치과대학,전 모집단위|치과대학
경북대,전 모집단위,2028,2028 공식자료,수의과대학,"대수, 미적분Ⅰ, 확률과 통계, 물리학, 화학, 생명과학","미적분Ⅱ, 화학 반응의 세계, 물질과 에너지, 세포와 물질대사, 생물의 유전",3과목 이상(위계에 맞게) 이수 권장,한국대학교육협의회·대입정보포털 어디가,2028학년도 권역별 대학별 권장과목(반영과목),https://www.adiga.kr/uct/ces/archiveView.do?menuId=PCUCTCES1000&prtlBbsId=26634,,영남권 / 대구 / 상위단위: 수의과대학,전 모집단위|수의과대학
경북대,전 모집단위,2028,2028 공식자료,약학대학,"대수, 미적분Ⅰ, 확률과 통계, 물리학, 화학, 생명과학","미적분Ⅱ, 화학 반응의 세계, 물질과 에너지, 세포와 물질대사, 생물의 유전",3과목 이상(위계에 맞게) 이수 권장,한국대학교육협의회·대입정보포털 어디가,2028학년도 권역별 대학별 권장과목(반영과목),https://www.adiga.kr/uct/ces/archiveView.do?menuId=PCUCTCES1000&prtlBbsId=26634,,영남권 / 대구 / 상위단위: 약학대학,전 모집단위|약학대학
경북대,식품영양학과,2028,2028 공식자료,생활과학대학,"생명과학, 화학","세포와 물질대사, 생물의 유전, 물질과 에너지, 화학 반응의 세계",3과목 이상(위계에 맞게) 이수 권장,한국대학교육협의회·대입정보포털 어디가,2028학년도 권역별 대학별 권장과목(반영과목),https://www.adiga.kr/uct/ces/archiveView.do?menuId=PCUCTCES1000&prtlBbsId=26634,,영남권 / 대구 / 상위단위: 생활과학대학,식품영양학과|식품영양학|생활과학대학
경북대,간호학과,2028,2028 공식자료,간호대학,"생명과학, 화학","세포와 물질대사, 생물의 유전, 화학 반응의 세계",3과목 이상(위계에 맞게) 이수 권장,한국대학교육협의회·대입정보포털 어디가,2028학년도 권역별 대학별 권장과목(반영과목),https://www.adiga.kr/uct/ces/archiveView.do?menuId=PCUCTCES1000&prtlBbsId=26634,,영남권 / 대구 / 상위단위: 간호대학,간호학과|간호학|간호대학|간호
경북대,전 모집단위,2028,2028 공식자료,생태환경대학,"생명과학, 화학","세포와 물질대사, 생물의 유전",2과목 이상(위계에 맞게) 이수 권장,한국대학교육협의회·대입정보포털 어디가,2028학년도 권역별 대학별 권장과목(반영과목),https://www.adiga.kr/uct/ces/archiveView.do?menuId=PCUCTCES1000&prtlBbsId=26634,,영남권 / 대구 / 상위단위: 생태환경대학,전 모집단위|생태환경대학
경북대,전 모집단위 (치위생/식품외식산업학과 제외),2028,2028 공식자료,과학기술대학,"대수, 미적분Ⅰ, 확률과 통계, 물리학, 화학","미적분Ⅱ, 기하, 인공지능 수학, 역학과 에너지, 전자기와 양자, 물질과 에너지, 화학 반응의 세계",2과목 이상(위계에 맞게) 이수 권장,한국대학교육협의회·대입정보포털 어디가,2028학년도 권역별 대학별 권장과목(반영과목),https://www.adiga.kr/uct/ces/archiveView.do?menuId=PCUCTCES1000&prtlBbsId=26634,,영남권 / 대구 / 상위단위: 과학기술대학,전 모집단위 (치위생/식품외식산업학과 제외)|과학기술대학
경북대,치위생학과,2028,2028 공식자료,과학기술대학,"화학, 생명과학","세포와 물질대사, 생물의 유전",2과목 이상(위계에 맞게) 이수 권장,한국대학교육협의회·대입정보포털 어디가,2028학년도 권역별 대학별 권장과목(반영과목),https://www.adiga.kr/uct/ces/archiveView.do?menuId=PCUCTCES1000&prtlBbsId=26634,,영남권 / 대구 / 상위단위: 과학기술대학,치위생학과|치위생학|과학기술대학
경북대,식품외식산업학과,2028,2028 공식자료,과학기술대학,"화학, 생명과학","세포와 물질대사, 생물의 유전",2과목 이상(위계에 맞게) 이수 권장,한국대학교육협의회·대입정보포털 어디가,2028학년도 권역별 대학별 권장과목(반영과목),https://www.adiga.kr/uct/ces/archiveView.do?menuId=PCUCTCES1000&prtlBbsId=26634,,영남권 / 대구 / 상위단위: 과학기술대학,식품외식산업학과|식품외식산업학|과학기술대학
영남대,국어국문학과,2028,2028 공식자료,언어·문학,"-일반선택: 화법과 언어, 독서와 작문, 문학, 확률과 통계, 영어Ⅰ, 영어Ⅱ, 영어 독해와 작문, 세계시민과 지리, 세계사, 사회와 문화, 현대사회와 윤리, 제2외국어 관련 과목, 한문, 진로와 직업 -진로선택: 주제 탐구 독서, 문학과 영상, 직무 의사소통, 영미 문학 읽기, 영어 발표와 토론, 심화 영어, 심화 영어 독해와 작문, 직무 영어, 도시의 미래 탐구, 동아시아 역사 기행, 정치, 법과 사회, 윤리와 사상, 인문학과 윤리, 국제 관계의 이해, 생활과학 탐구, 인공지능 기초, 제2외국어 관련 과목: 한문 고전 읽기, 인간과 철학, 논리와 사고",,"1순위 국어 / 2순위 사회 / 3순위 기타(한문, 논리 등)",한국대학교육협의회·대입정보포털 어디가,2028학년도 권역별 대학별 권장과목(반영과목),https://www.adiga.kr/uct/ces/archiveView.do?menuId=PCUCTCES1000&prtlBbsId=26634,,영남권 / 경북 / 상위단위: 언어·문학,국어국문학과|국어국문학|언어·문학
영남대,일어일문학과,2028,2028 공식자료,언어·문학,"-일반선택: 화법과 언어, 독서와 작문, 문학, 확률과 통계, 영어Ⅰ, 영어Ⅱ, 영어 독해와 작문, 세계시민과 지리, 세계사, 사회와 문화, 현대사회와 윤리, 제2외국어 관련 과목, 한문, 진로와 직업 -진로선택: 주제 탐구 독서, 문학과 영상, 직무 의사소통, 영미 문학 읽기, 영어 발표와 토론, 심화 영어, 심화 영어 독해와 작문, 직무 영어, 도시의 미래 탐구, 동아시아 역사 기행, 정치, 법과 사회, 윤리와 사상, 인문학과 윤리, 국제 관계의 이해, 생활과학 탐구, 인공지능 기초, 제2외국어 관련 과목: 한문 고전 읽기, 인간과 철학, 논리와 사고",,"1순위 국어 / 2순위 영어, 사회 / 3순위 수학",한국대학교육협의회·대입정보포털 어디가,2028학년도 권역별 대학별 권장과목(반영과목),https://www.adiga.kr/uct/ces/archiveView.do?menuId=PCUCTCES1000&prtlBbsId=26634,,영남권 / 경북 / 상위단위: 언어·문학,일어일문학과|일어일문학|언어·문학
영남대,영어영문학과,2028,2028 공식자료,언어·문학,"-일반선택: 화법과 언어, 독서와 작문, 문학, 확률과 통계, 영어Ⅰ, 영어Ⅱ, 영어 독해와 작문, 세계시민과 지리, 세계사, 사회와 문화, 현대사회와 윤리, 제2외국어 관련 과목, 한문, 진로와 직업 -진로선택: 주제 탐구 독서, 문학과 영상, 직무 의사소통, 영미 문학 읽기, 영어 발표와 토론, 심화 영어, 심화 영어 독해와 작문, 직무 영어, 도시의 미래 탐구, 동아시아 역사 기행, 정치, 법과 사회, 윤리와 사상, 인문학과 윤리, 국제 관계의 이해, 생활과학 탐구, 인공지능 기초, 제2외국어 관련 과목: 한문 고전 읽기, 인간과 철학, 논리와 사고",,1순위 영어 / 2순위 국어 / 3순위 사회,한국대학교육협의회·대입정보포털 어디가,2028학년도 권역별 대학별 권장과목(반영과목),https://www.adiga.kr/uct/ces/archiveView.do?menuId=PCUCTCES1000&prtlBbsId=26634,,영남권 / 경북 / 상위단위: 언어·문학,영어영문학과|영어영문학|언어·문학
영남대,프랑스어문전공,2028,2028 공식자료,언어·문학,"-일반선택: 화법과 언어, 독서와 작문, 문학, 확률과 통계, 영어Ⅰ, 영어Ⅱ, 영어 독해와 작문, 세계시민과 지리, 세계사, 사회와 문화, 현대사회와 윤리, 제2외국어 관련 과목, 한문, 진로와 직업 -진로선택: 주제 탐구 독서, 문학과 영상, 직무 의사소통, 영미 문학 읽기, 영어 발표와 토론, 심화 영어, 심화 영어 독해와 작문, 직무 영어, 도시의 미래 탐구, 동아시아 역사 기행, 정치, 법과 사회, 윤리와 사상, 인문학과 윤리, 국제 관계의 이해, 생활과학 탐구, 인공지능 기초, 제2외국어 관련 과목: 한문 고전 읽기, 인간과 철학, 논리와 사고",,"1순위 영어, 기타(프랑스어) / 2순위 국어 / 3순위 사회",한국대학교육협의회·대입정보포털 어디가,2028학년도 권역별 대학별 권장과목(반영과목),https://www.adiga.kr/uct/ces/archiveView.do?menuId=PCUCTCES1000&prtlBbsId=26634,,영남권 / 경북 / 상위단위: 언어·문학,프랑스어문전공|프랑스어문|언어·문학
영남대,독일언어문화전공,2028,2028 공식자료,언어·문학,"-일반선택: 화법과 언어, 독서와 작문, 문학, 확률과 통계, 영어Ⅰ, 영어Ⅱ, 영어 독해와 작문, 세계시민과 지리, 세계사, 사회와 문화, 현대사회와 윤리, 제2외국어 관련 과목, 한문, 진로와 직업 -진로선택: 주제 탐구 독서, 문학과 영상, 직무 의사소통, 영미 문학 읽기, 영어 발표와 토론, 심화 영어, 심화 영어 독해와 작문, 직무 영어, 도시의 미래 탐구, 동아시아 역사 기행, 정치, 법과 사회, 윤리와 사상, 인문학과 윤리, 국제 관계의 이해, 생활과학 탐구, 인공지능 기초, 제2외국어 관련 과목: 한문 고전 읽기, 인간과 철학, 논리와 사고",,"1순위 영어 / 2순위 사회, 제2외국어 / 3순위 국어",한국대학교육협의회·대입정보포털 어디가,2028학년도 권역별 대학별 권장과목(반영과목),https://www.adiga.kr/uct/ces/archiveView.do?menuId=PCUCTCES1000&prtlBbsId=26634,,영남권 / 경북 / 상위단위: 언어·문학,독일언어문화전공|독일언어문화|언어·문학
영남대,중국언어문화학과,2028,2028 공식자료,언어·문학,"-일반선택: 화법과 언어, 독서와 작문, 문학, 확률과 통계, 영어Ⅰ, 영어Ⅱ, 영어 독해와 작문, 세계시민과 지리, 세계사, 사회와 문화, 현대사회와 윤리, 제2외국어 관련 과목, 한문, 진로와 직업 -진로선택: 주제 탐구 독서, 문학과 영상, 직무 의사소통, 영미 문학 읽기, 영어 발표와 토론, 심화 영어, 심화 영어 독해와 작문, 직무 영어, 도시의 미래 탐구, 동아시아 역사 기행, 정치, 법과 사회, 윤리와 사상, 인문학과 윤리, 국제 관계의 이해, 생활과학 탐구, 인공지능 기초, 제2외국어 관련 과목: 한문 고전 읽기, 인간과 철학, 논리와 사고",,1순위 국어 / 2순위 사회 / 3순위 영어,한국대학교육협의회·대입정보포털 어디가,2028학년도 권역별 대학별 권장과목(반영과목),https://www.adiga.kr/uct/ces/archiveView.do?menuId=PCUCTCES1000&prtlBbsId=26634,,영남권 / 경북 / 상위단위: 언어·문학,중국언어문화학과|중국언어문화학|언어·문학
영남대,영어통번역전공,2028,2028 공식자료,언어·문학,"-일반선택: 화법과 언어, 독서와 작문, 문학, 확률과 통계, 영어Ⅰ, 영어Ⅱ, 영어 독해와 작문, 세계시민과 지리, 세계사, 사회와 문화, 현대사회와 윤리, 제2외국어 관련 과목, 한문, 진로와 직업 -진로선택: 주제 탐구 독서, 문학과 영상, 직무 의사소통, 영미 문학 읽기, 영어 발표와 토론, 심화 영어, 심화 영어 독해와 작문, 직무 영어, 도시의 미래 탐구, 동아시아 역사 기행, 정치, 법과 사회, 윤리와 사상, 인문학과 윤리, 국제 관계의 이해, 생활과학 탐구, 인공지능 기초, 제2외국어 관련 과목: 한문 고전 읽기, 인간과 철학, 논리와 사고",,1순위 영어 / 2순위 국어 / 3순위 사회,한국대학교육협의회·대입정보포털 어디가,2028학년도 권역별 대학별 권장과목(반영과목),https://www.adiga.kr/uct/ces/archiveView.do?menuId=PCUCTCES1000&prtlBbsId=26634,,영남권 / 경북 / 상위단위: 언어·문학,영어통번역전공|영어통번역|언어·문학
영남대,응용중국어 통번역전공,2028,2028 공식자료,언어·문학,"-일반선택: 화법과 언어, 독서와 작문, 문학, 확률과 통계, 영어Ⅰ, 영어Ⅱ, 영어 독해와 작문, 세계시민과 지리, 세계사, 사회와 문화, 현대사회와 윤리, 제2외국어 관련 과목, 한문, 진로와 직업 -진로선택: 주제 탐구 독서, 문학과 영상, 직무 의사소통, 영미 문학 읽기, 영어 발표와 토론, 심화 영어, 심화 영어 독해와 작문, 직무 영어, 도시의 미래 탐구, 동아시아 역사 기행, 정치, 법과 사회, 윤리와 사상, 인문학과 윤리, 국제 관계의 이해, 생활과학 탐구, 인공지능 기초, 제2외국어 관련 과목: 한문 고전 읽기, 인간과 철학, 논리와 사고",,1순위 기타(중국어) / 2순위 국어 / 3순위 영어,한국대학교육협의회·대입정보포털 어디가,2028학년도 권역별 대학별 권장과목(반영과목),https://www.adiga.kr/uct/ces/archiveView.do?menuId=PCUCTCES1000&prtlBbsId=26634,,영남권 / 경북 / 상위단위: 언어·문학,응용중국어 통번역전공|응용중국어 통번역|언어·문학
영남대,철학과,2028,2028 공식자료,인문학,"-일반선택: 화법과 언어, 독서와 작문, 문학, 영어Ⅰ, 영어Ⅱ, 영어 독해와 작문, 세계시민과 지리, 세계사, 사회와 문화, 현대사회와 윤리 -진로선택: 주제 탐구 독서, 문학과 영상, 직무 의사소통, 영어 발표와 토론, 심화 영어, 심화 영어 독해와 작문, 직무 영어, 한국지리 탐구, 도시의 미래 탐구, 동아시아 역사 기행, 정치, 법과 사회, 경제, 윤리와 사상, 인문학과 윤리, 국제 관계의 이해, 인공지능 기초, 인간과 철학, 논리와 사고, 삶과 종교",,"1순위 국어 / 2순위 영어, 사회 / 3순위 수학",한국대학교육협의회·대입정보포털 어디가,2028학년도 권역별 대학별 권장과목(반영과목),https://www.adiga.kr/uct/ces/archiveView.do?menuId=PCUCTCES1000&prtlBbsId=26634,,영남권 / 경북 / 상위단위: 인문학,철학과|철학|인문학
영남대,역사학과,2028,2028 공식자료,인문학,"-일반선택: 화법과 언어, 독서와 작문, 문학, 영어Ⅰ, 영어Ⅱ, 영어 독해와 작문, 세계시민과 지리, 세계사, 사회와 문화, 현대사회와 윤리 -진로선택: 주제 탐구 독서, 문학과 영상, 직무 의사소통, 영어 발표와 토론, 심화 영어, 심화 영어 독해와 작문, 직무 영어, 한국지리 탐구, 도시의 미래 탐구, 동아시아 역사 기행, 정치, 법과 사회, 경제, 윤리와 사상, 인문학과 윤리, 국제 관계의 이해, 인공지능 기초, 인간과 철학, 논리와 사고, 삶과 종교",,1순위 사회 / 2순위 국어 / 3순위 영어,한국대학교육협의회·대입정보포털 어디가,2028학년도 권역별 대학별 권장과목(반영과목),https://www.adiga.kr/uct/ces/archiveView.do?menuId=PCUCTCES1000&prtlBbsId=26634,,영남권 / 경북 / 상위단위: 인문학,역사학과|역사학|인문학
영남대,문화인류학과,2028,2028 공식자료,인문학,"-일반선택: 화법과 언어, 독서와 작문, 문학, 영어Ⅰ, 영어Ⅱ, 영어 독해와 작문, 세계시민과 지리, 세계사, 사회와 문화, 현대사회와 윤리 -진로선택: 주제 탐구 독서, 문학과 영상, 직무 의사소통, 영어 발표와 토론, 심화 영어, 심화 영어 독해와 작문, 직무 영어, 한국지리 탐구, 도시의 미래 탐구, 동아시아 역사 기행, 정치, 법과 사회, 경제, 윤리와 사상, 인문학과 윤리, 국제 관계의 이해, 인공지능 기초, 인간과 철학, 논리와 사고, 삶과 종교",,1순위 사회 / 2순위 국어 / 3순위 영어,한국대학교육협의회·대입정보포털 어디가,2028학년도 권역별 대학별 권장과목(반영과목),https://www.adiga.kr/uct/ces/archiveView.do?menuId=PCUCTCES1000&prtlBbsId=26634,,영남권 / 경북 / 상위단위: 인문학,문화인류학과|문화인류학|인문학
영남대,정치외교학과,2028,2028 공식자료,사회과학,"-일반선택: 화법과 언어, 독서와 작문, 문학, 영어Ⅰ, 영어Ⅱ, 영어 독해와 작문, 세계시민과 지리, 세계사, 사회와 문화, 현대사회와 윤리 -진로선택: 주제 탐구 독서, 문학과 영상, 직무 의사소통, 영어 발표와 토론, 심화 영어, 심화 영어 독해와 작문, 직무 영어, 한국지리 탐구, 도시의 미래 탐구, 동아시아 역사 기행, 정치, 법과 사회, 경제, 윤리와 사상, 인문학과 윤리, 국제 관계의 이해, 인공지능 기초, 인간과 철학, 논리와 사고, 삶과 종교",,"1순위 국어, 사회 / 2순위, 영어 / 3순위 수학",한국대학교육협의회·대입정보포털 어디가,2028학년도 권역별 대학별 권장과목(반영과목),https://www.adiga.kr/uct/ces/archiveView.do?menuId=PCUCTCES1000&prtlBbsId=26634,,영남권 / 경북 / 상위단위: 사회과학,정치외교학과|정치외교학|사회과학
영남대,행정학과,2028,2028 공식자료,사회과학,"-일반선택: 화법과 언어, 독서와 작문, 문학, 영어Ⅰ, 영어Ⅱ, 영어 독해와 작문, 세계시민과 지리, 세계사, 사회와 문화, 현대사회와 윤리 -진로선택: 주제 탐구 독서, 문학과 영상, 직무 의사소통, 영어 발표와 토론, 심화 영어, 심화 영어 독해와 작문, 직무 영어, 한국지리 탐구, 도시의 미래 탐구, 동아시아 역사 기행, 정치, 법과 사회, 경제, 윤리와 사상, 인문학과 윤리, 국제 관계의 이해, 인공지능 기초, 인간과 철학, 논리와 사고, 삶과 종교",,1순위 사회 / 2순위 영어 / 3순위 국어,한국대학교육협의회·대입정보포털 어디가,2028학년도 권역별 대학별 권장과목(반영과목),https://www.adiga.kr/uct/ces/archiveView.do?menuId=PCUCTCES1000&prtlBbsId=26634,,영남권 / 경북 / 상위단위: 사회과학,행정학과|행정학|사회과학
영남대,심리학과,2028,2028 공식자료,사회과학,"-일반선택: 화법과 언어, 독서와 작문, 문학, 영어Ⅰ, 영어Ⅱ, 영어 독해와 작문, 세계시민과 지리, 세계사, 사회와 문화, 현대사회와 윤리 -진로선택: 주제 탐구 독서, 문학과 영상, 직무 의사소통, 영어 발표와 토론, 심화 영어, 심화 영어 독해와 작문, 직무 영어, 한국지리 탐구, 도시의 미래 탐구, 동아시아 역사 기행, 정치, 법과 사회, 경제, 윤리와 사상, 인문학과 윤리, 국제 관계의 이해, 인공지능 기초, 인간과 철학, 논리와 사고, 삶과 종교",,"1순위 수학 / 2순위 과학 / 3순위 국어, 영어",한국대학교육협의회·대입정보포털 어디가,2028학년도 권역별 대학별 권장과목(반영과목),https://www.adiga.kr/uct/ces/archiveView.do?menuId=PCUCTCES1000&prtlBbsId=26634,,영남권 / 경북 / 상위단위: 사회과학,심리학과|심리학|사회과학
영남대,사회학과,2028,2028 공식자료,사회과학,"-일반선택: 화법과 언어, 독서와 작문, 문학, 대수, 확률과 통계, 미적분Ⅰ, 영어Ⅰ, 영어Ⅱ, 영어 독해와 작문, 세계시민과 지리, 세계사, 사회와 문화, 현대사회와 윤리, 생명과학, 체육1, 체육2, 기술가정, 정보, 한문, 진로와 직업, 생태환경 -진로선택: 주제탐구 독서, 문학과 영상, 직무 의사소통, 경제 수학, 인공지능 수학, 영어 발표와 토론, 심화 영어, 심화 영어 독해와 작문, 직무 영어, 한국지리 탐구, 도시의 미래 탐구, 동아시아 역사 기행, 정치, 법과 사회, 경제, 윤리와 사상, 인문학과 윤리, 국제 관계의 이해, 세포와 물질대사, 생물의 유전, 운동과 건강, 생활과학 탐구, 인공지능 기초, 데이터 과학, 인간과 철학, 논리와 사고, 인간과 심리, 교육의 이해, 보건",,1순위 사회 / 2순위 영어 / 3순위 국어,한국대학교육협의회·대입정보포털 어디가,2028학년도 권역별 대학별 권장과목(반영과목),https://www.adiga.kr/uct/ces/archiveView.do?menuId=PCUCTCES1000&prtlBbsId=26634,,영남권 / 경북 / 상위단위: 사회과학,사회학과|사회학|사회과학
영남대,미디어커뮤니케이션학과,2028,2028 공식자료,사회과학,"-일반선택: 화법과 언어, 독서와 작문, 문학, 대수, 확률과 통계, 미적분Ⅰ, 영어Ⅰ, 영어Ⅱ, 영어 독해와 작문, 세계시민과 지리, 세계사, 사회와 문화, 현대사회와 윤리, 생명과학, 체육1, 체육2, 기술가정, 정보, 한문, 진로와 직업, 생태환경 -진로선택: 주제탐구 독서, 문학과 영상, 직무 의사소통, 경제 수학, 인공지능 수학, 영어 발표와 토론, 심화 영어, 심화 영어 독해와 작문, 직무 영어, 한국지리 탐구, 도시의 미래 탐구, 동아시아 역사 기행, 정치, 법과 사회, 경제, 윤리와 사상, 인문학과 윤리, 국제 관계의 이해, 세포와 물질대사, 생물의 유전, 운동과 건강, 생활과학 탐구, 인공지능 기초, 데이터 과학, 인간과 철학, 논리와 사고, 인간과 심리, 교육의 이해, 보건",,1순위 국어 / 2순위 영어 / 3순위 사회,한국대학교육협의회·대입정보포털 어디가,2028학년도 권역별 대학별 권장과목(반영과목),https://www.adiga.kr/uct/ces/archiveView.do?menuId=PCUCTCES1000&prtlBbsId=26634,,영남권 / 경북 / 상위단위: 사회과학,미디어커뮤니케이션학과|미디어커뮤니케이션학|사회과학
영남대,경찰행정학과,2028,2028 공식자료,사회과학,"-일반선택: 화법과 언어, 독서와 작문, 문학, 대수, 확률과 통계, 미적분Ⅰ, 영어Ⅰ, 영어Ⅱ, 영어 독해와 작문, 세계시민과 지리, 세계사, 사회와 문화, 현대사회와 윤리, 생명과학, 체육1, 체육2, 기술가정, 정보, 한문, 진로와 직업, 생태환경 -진로선택: 주제탐구 독서, 문학과 영상, 직무 의사소통, 경제 수학, 인공지능 수학, 영어 발표와 토론, 심화 영어, 심화 영어 독해와 작문, 직무 영어, 한국지리 탐구, 도시의 미래 탐구, 동아시아 역사 기행, 정치, 법과 사회, 경제, 윤리와 사상, 인문학과 윤리, 국제 관계의 이해, 세포와 물질대사, 생물의 유전, 운동과 건강, 생활과학 탐구, 인공지능 기초, 데이터 과학, 인간과 철학, 논리와 사고, 인간과 심리, 교육의 이해, 보건",,1순위 국어 / 2순위 영어 / 3순위 사회,한국대학교육협의회·대입정보포털 어디가,2028학년도 권역별 대학별 권장과목(반영과목),https://www.adiga.kr/uct/ces/archiveView.do?menuId=PCUCTCES1000&prtlBbsId=26634,,영남권 / 경북 / 상위단위: 사회과학,경찰행정학과|경찰행정학|사회과학
영남대,휴먼서비스학과,2028,2028 공식자료,사회과학,"-일반선택: 화법과 언어, 독서와 작문, 문학, 대수, 확률과 통계, 미적분Ⅰ, 영어Ⅰ, 영어Ⅱ, 영어 독해와 작문, 세계시민과 지리, 세계사, 사회와 문화, 현대사회와 윤리, 생명과학, 체육1, 체육2, 기술가정, 정보, 한문, 진로와 직업, 생태환경 -진로선택: 주제탐구 독서, 문학과 영상, 직무 의사소통, 경제 수학, 인공지능 수학, 영어 발표와 토론, 심화 영어, 심화 영어 독해와 작문, 직무 영어, 한국지리 탐구, 도시의 미래 탐구, 동아시아 역사 기행, 정치, 법과 사회, 경제, 윤리와 사상, 인문학과 윤리, 국제 관계의 이해, 세포와 물질대사, 생물의 유전, 운동과 건강, 생활과학 탐구, 인공지능 기초, 데이터 과학, 인간과 철학, 논리와 사고, 인간과 심리, 교육의 이해, 보건",,"1순위 국어, 사회 / 2순위 영어 / 3순위 수학",한국대학교육협의회·대입정보포털 어디가,2028학년도 권역별 대학별 권장과목(반영과목),https://www.adiga.kr/uct/ces/archiveView.do?menuId=PCUCTCES1000&prtlBbsId=26634,,영남권 / 경북 / 상위단위: 사회과학,휴먼서비스학과|휴먼서비스학|사회과학
영남대,국제개발새마을학과,2028,2028 공식자료,사회과학,"-일반선택: 화법과 언어, 독서와 작문, 문학, 대수, 확률과 통계, 미적분Ⅰ, 영어Ⅰ, 영어Ⅱ, 영어 독해와 작문, 세계시민과 지리, 세계사, 사회와 문화, 현대사회와 윤리, 생명과학, 체육1, 체육2, 기술가정, 정보, 한문, 진로와 직업, 생태환경 -진로선택: 주제탐구 독서, 문학과 영상, 직무 의사소통, 경제 수학, 인공지능 수학, 영어 발표와 토론, 심화 영어, 심화 영어 독해와 작문, 직무 영어, 한국지리 탐구, 도시의 미래 탐구, 동아시아 역사 기행, 정치, 법과 사회, 경제, 윤리와 사상, 인문학과 윤리, 국제 관계의 이해, 세포와 물질대사, 생물의 유전, 운동과 건강, 생활과학 탐구, 인공지능 기초, 데이터 과학, 인간과 철학, 논리와 사고, 인간과 심리, 교육의 이해, 보건",,1순위 영어 / 2순위 국어 / 3순위 사회,한국대학교육협의회·대입정보포털 어디가,2028학년도 권역별 대학별 권장과목(반영과목),https://www.adiga.kr/uct/ces/archiveView.do?menuId=PCUCTCES1000&prtlBbsId=26634,,영남권 / 경북 / 상위단위: 사회과학,국제개발새마을학과|국제개발새마을학|사회과학
영남대,국제한국어교육전공,2028,2028 공식자료,사회과학,"-일반선택: 화법과 언어, 독서와 작문, 문학, 대수, 확률과 통계, 미적분Ⅰ, 영어Ⅰ, 영어Ⅱ, 영어 독해와 작문, 세계시민과 지리, 세계사, 사회와 문화, 현대사회와 윤리, 생명과학, 체육1, 체육2, 기술가정, 정보, 한문, 진로와 직업, 생태환경 -진로선택: 주제탐구 독서, 문학과 영상, 직무 의사소통, 경제 수학, 인공지능 수학, 영어 발표와 토론, 심화 영어, 심화 영어 독해와 작문, 직무 영어, 한국지리 탐구, 도시의 미래 탐구, 동아시아 역사 기행, 정치, 법과 사회, 경제, 윤리와 사상, 인문학과 윤리, 국제 관계의 이해, 세포와 물질대사, 생물의 유전, 운동과 건강, 생활과학 탐구, 인공지능 기초, 데이터 과학, 인간과 철학, 논리와 사고, 인간과 심리, 교육의 이해, 보건",,1순위 국어 / 2순위 사회 / 3순위 영어,한국대학교육협의회·대입정보포털 어디가,2028학년도 권역별 대학별 권장과목(반영과목),https://www.adiga.kr/uct/ces/archiveView.do?menuId=PCUCTCES1000&prtlBbsId=26634,,영남권 / 경북 / 상위단위: 사회과학,국제한국어교육전공|국제한국어교육|사회과학
영남대,경제금융학부,2028,2028 공식자료,경영·경제,"-일반선택: 화법과 언어, 독서와 작문, 대수, 미적분Ⅰ, 확률과 통계, 영어Ⅰ, 영어Ⅱ, 영어 독해와 작문, 세계시민과 지리, 세계사, 사회와 문화, 현대사회와 윤리, 생명과학, 정보, 중국어, 진로와 직업 -진로선택: 주제 탐구 독서, 직무 의사소통, 경제 수학, 영어 발표와 토론, 심화 영어, 직무 영어, 정치, 법과 사회, 경제, 윤리와 사상, 인문학과 윤리, 국제 관계의 이해, 인공지능 기초, 데이터 과학, 중국어 회화, 논리와 사고, 인간과 심리",,"1순위 영어 / 2순위 수학 / 3순위 국어, 사회",한국대학교육협의회·대입정보포털 어디가,2028학년도 권역별 대학별 권장과목(반영과목),https://www.adiga.kr/uct/ces/archiveView.do?menuId=PCUCTCES1000&prtlBbsId=26634,,영남권 / 경북 / 상위단위: 경영·경제,경제금융학부|경제금융|경영·경제
영남대,경영학과,2028,2028 공식자료,경영·경제,"-일반선택: 화법과 언어, 독서와 작문, 대수, 미적분Ⅰ, 확률과 통계, 영어Ⅰ, 영어Ⅱ, 영어 독해와 작문, 세계시민과 지리, 세계사, 사회와 문화, 현대사회와 윤리, 생명과학, 정보, 중국어, 진로와 직업 -진로선택: 주제 탐구 독서, 직무 의사소통, 경제 수학, 영어 발표와 토론, 심화 영어, 직무 영어, 정치, 법과 사회, 경제, 윤리와 사상, 인문학과 윤리, 국제 관계의 이해, 인공지능 기초, 데이터 과학, 중국어 회화, 논리와 사고, 인간과 심리",,"1순위 영어 / 2순위 수학, 사회 / 3순위 국어",한국대학교육협의회·대입정보포털 어디가,2028학년도 권역별 대학별 권장과목(반영과목),https://www.adiga.kr/uct/ces/archiveView.do?menuId=PCUCTCES1000&prtlBbsId=26634,,영남권 / 경북 / 상위단위: 경영·경제,경영학과|경영학|경영·경제|경영
영남대,무역학과,2028,2028 공식자료,경영·경제,"-일반선택: 화법과 언어, 독서와 작문, 대수, 미적분Ⅰ, 확률과 통계, 영어Ⅰ, 영어Ⅱ, 영어 독해와 작문, 세계시민과 지리, 세계사, 사회와 문화, 현대사회와 윤리, 생명과학, 정보, 중국어, 진로와 직업 -진로선택: 주제 탐구 독서, 직무 의사소통, 경제 수학, 영어 발표와 토론, 심화 영어, 직무 영어, 정치, 법과 사회, 경제, 윤리와 사상, 인문학과 윤리, 국제 관계의 이해, 인공지능 기초, 데이터 과학, 중국어 회화, 논리와 사고, 인간과 심리",,"1순위 영어, 사회 / 2순위 국어, 수학",한국대학교육협의회·대입정보포털 어디가,2028학년도 권역별 대학별 권장과목(반영과목),https://www.adiga.kr/uct/ces/archiveView.do?menuId=PCUCTCES1000&prtlBbsId=26634,,영남권 / 경북 / 상위단위: 경영·경제,무역학과|무역학|경영·경제
영남대,회계세무학과,2028,2028 공식자료,경영·경제,"-일반선택: 화법과 언어, 독서와 작문, 대수, 미적분Ⅰ, 확률과 통계, 영어Ⅰ, 영어Ⅱ, 영어 독해와 작문, 세계시민과 지리, 세계사, 사회와 문화, 현대사회와 윤리, 생명과학, 정보, 중국어, 진로와 직업 -진로선택: 주제 탐구 독서, 직무 의사소통, 경제 수학, 영어 발표와 토론, 심화 영어, 직무 영어, 정치, 법과 사회, 경제, 윤리와 사상, 인문학과 윤리, 국제 관계의 이해, 인공지능 기초, 데이터 과학, 중국어 회화, 논리와 사고, 인간과 심리",,1순위 수학 / 2순위 영어 / 3순위 국어,한국대학교육협의회·대입정보포털 어디가,2028학년도 권역별 대학별 권장과목(반영과목),https://www.adiga.kr/uct/ces/archiveView.do?menuId=PCUCTCES1000&prtlBbsId=26634,,영남권 / 경북 / 상위단위: 경영·경제,회계세무학과|회계세무학|경영·경제
영남대,식품경제외식학과,2028,2028 공식자료,경영·경제,"-일반선택: 화법과 언어, 독서와 작문, 대수, 미적분Ⅰ, 확률과 통계, 영어Ⅰ, 영어Ⅱ, 영어 독해와 작문, 세계시민과 지리, 세계사, 사회와 문화, 현대사회와 윤리, 생명과학, 정보, 중국어, 진로와 직업 -진로선택: 주제 탐구 독서, 직무 의사소통, 경제 수학, 영어 발표와 토론, 심화 영어, 직무 영어, 정치, 법과 사회, 경제, 윤리와 사상, 인문학과 윤리, 국제 관계의 이해, 인공지능 기초, 데이터 과학, 중국어 회화, 논리와 사고, 인간과 심리",,"1순위 영어 / 2순위 수학, 사회 / 3순위 국어",한국대학교육협의회·대입정보포털 어디가,2028학년도 권역별 대학별 권장과목(반영과목),https://www.adiga.kr/uct/ces/archiveView.do?menuId=PCUCTCES1000&prtlBbsId=26634,,영남권 / 경북 / 상위단위: 경영·경제,식품경제외식학과|식품경제외식학|경영·경제
영남대,글로벌비즈니스학과,2028,2028 공식자료,경영·경제,"-일반선택: 화법과 언어, 독서와 작문, 대수, 미적분Ⅰ, 확률과 통계, 영어Ⅰ, 영어Ⅱ, 영어 독해와 작문, 세계시민과 지리, 세계사, 사회와 문화, 현대사회와 윤리, 생명과학, 정보, 중국어, 진로와 직업 -진로선택: 주제 탐구 독서, 직무 의사소통, 경제 수학, 영어 발표와 토론, 심화 영어, 직무 영어, 정치, 법과 사회, 경제, 윤리와 사상, 인문학과 윤리, 국제 관계의 이해, 인공지능 기초, 데이터 과학, 중국어 회화, 논리와 사고, 인간과 심리",,"1순위 국어 / 2순위 영어 / 3순위 수학, 사회",한국대학교육협의회·대입정보포털 어디가,2028학년도 권역별 대학별 권장과목(반영과목),https://www.adiga.kr/uct/ces/archiveView.do?menuId=PCUCTCES1000&prtlBbsId=26634,,영남권 / 경북 / 상위단위: 경영·경제,글로벌비즈니스학과|글로벌비즈니스학|경영·경제
영남대,교육학과,2028,2028 공식자료,교육,"-일반선택: 화법과 언어, 독서와 작문, 문학, 영어Ⅰ, 영어Ⅱ, 영어독해와 작문, 세계시민과 지리, 세계사, 사회와 문화, 현대사회와 윤리, 중국어, 일본어, 한문, 진로와 직업 -진로선택: 주제 탐구 독서, 문학과 영상, 직무 의사소통, 영미 문학 읽기, 영어 발표와 토론, 심화 영어, 심화 영어 독해와 작문, 직무 영어, 동아시아 역사 기행, 정치, 법과 사회, 경제, 윤리와 사상, 인문학과 윤리, 인공지능 기초, 데이터 과학, 한문 고전 읽기, 인간과 철학, 논리와 사고, 인간과 심리, 교육의 이해, 삶과 종교",,"1순위 국어, 사회, 기타(교육학 등) / 2순위 영어, 수학 / 3순위 과학",한국대학교육협의회·대입정보포털 어디가,2028학년도 권역별 대학별 권장과목(반영과목),https://www.adiga.kr/uct/ces/archiveView.do?menuId=PCUCTCES1000&prtlBbsId=26634,,영남권 / 경북 / 상위단위: 교육,교육학과|교육학|교육
영남대,국어교육과,2028,2028 공식자료,교육,"-일반선택: 화법과 언어, 독서와 작문, 문학, 영어Ⅰ, 영어Ⅱ, 영어독해와 작문, 세계시민과 지리, 세계사, 사회와 문화, 현대사회와 윤리, 중국어, 일본어, 한문, 진로와 직업 -진로선택: 주제 탐구 독서, 문학과 영상, 직무 의사소통, 영미 문학 읽기, 영어 발표와 토론, 심화 영어, 심화 영어 독해와 작문, 직무 영어, 동아시아 역사 기행, 정치, 법과 사회, 경제, 윤리와 사상, 인문학과 윤리, 인공지능 기초, 데이터 과학, 한문 고전 읽기, 인간과 철학, 논리와 사고, 인간과 심리, 교육의 이해, 삶과 종교",,1순위 국어 / 2순위 영어 / 3순위 사회,한국대학교육협의회·대입정보포털 어디가,2028학년도 권역별 대학별 권장과목(반영과목),https://www.adiga.kr/uct/ces/archiveView.do?menuId=PCUCTCES1000&prtlBbsId=26634,,영남권 / 경북 / 상위단위: 교육,국어교육과|교육
영남대,영어교육과,2028,2028 공식자료,교육,"-일반선택: 화법과 언어, 독서와 작문, 문학, 영어Ⅰ, 영어Ⅱ, 영어독해와 작문, 세계시민과 지리, 세계사, 사회와 문화, 현대사회와 윤리, 중국어, 일본어, 한문, 진로와 직업 -진로선택: 주제 탐구 독서, 문학과 영상, 직무 의사소통, 영미 문학 읽기, 영어 발표와 토론, 심화 영어, 심화 영어 독해와 작문, 직무 영어, 동아시아 역사 기행, 정치, 법과 사회, 경제, 윤리와 사상, 인문학과 윤리, 인공지능 기초, 데이터 과학, 한문 고전 읽기, 인간과 철학, 논리와 사고, 인간과 심리, 교육의 이해, 삶과 종교",,"1순위 영어 / 2순위 국어 / 3순위 수학, 사회",한국대학교육협의회·대입정보포털 어디가,2028학년도 권역별 대학별 권장과목(반영과목),https://www.adiga.kr/uct/ces/archiveView.do?menuId=PCUCTCES1000&prtlBbsId=26634,,영남권 / 경북 / 상위단위: 교육,영어교육과|교육
영남대,한문교육과,2028,2028 공식자료,교육,"-일반선택: 화법과 언어, 독서와 작문, 문학, 영어Ⅰ, 영어Ⅱ, 영어독해와 작문, 세계시민과 지리, 세계사, 사회와 문화, 현대사회와 윤리, 중국어, 일본어, 한문, 진로와 직업 -진로선택: 주제 탐구 독서, 문학과 영상, 직무 의사소통, 영미 문학 읽기, 영어 발표와 토론, 심화 영어, 심화 영어 독해와 작문, 직무 영어, 동아시아 역사 기행, 정치, 법과 사회, 경제, 윤리와 사상, 인문학과 윤리, 인공지능 기초, 데이터 과학, 한문 고전 읽기, 인간과 철학, 논리와 사고, 인간과 심리, 교육의 이해, 삶과 종교",,1순위 기타(한문) / 2순위 국어 / 3순위 사회,한국대학교육협의회·대입정보포털 어디가,2028학년도 권역별 대학별 권장과목(반영과목),https://www.adiga.kr/uct/ces/archiveView.do?menuId=PCUCTCES1000&prtlBbsId=26634,,영남권 / 경북 / 상위단위: 교육,한문교육과|교육
영남대,유아교육과,2028,2028 공식자료,교육,"-일반선택: 화법과 언어, 독서와 작문, 문학, 영어Ⅰ, 영어Ⅱ, 영어독해와 작문, 세계시민과 지리, 세계사, 사회와 문화, 현대사회와 윤리, 중국어, 일본어, 한문, 진로와 직업 -진로선택: 주제 탐구 독서, 문학과 영상, 직무 의사소통, 영미 문학 읽기, 영어 발표와 토론, 심화 영어, 심화 영어 독해와 작문, 직무 영어, 동아시아 역사 기행, 정치, 법과 사회, 경제, 윤리와 사상, 인문학과 윤리, 인공지능 기초, 데이터 과학, 한문 고전 읽기, 인간과 철학, 논리와 사고, 인간과 심리, 교육의 이해, 삶과 종교",,1순위 국어 / 2순위 사회 / 3순위 영어,한국대학교육협의회·대입정보포털 어디가,2028학년도 권역별 대학별 권장과목(반영과목),https://www.adiga.kr/uct/ces/archiveView.do?menuId=PCUCTCES1000&prtlBbsId=26634,,영남권 / 경북 / 상위단위: 교육,유아교육과|교육
영남대,수학과,2028,2028 공식자료,수학·물리·천문·지구,"-일반선택: 대수, 미적분Ⅰ, 확률과 통계, 영어Ⅰ, 영어Ⅱ, 물리학, 화학, 정보 -진로선택: 기하, 미적분Ⅱ, 경제 수학, 인공지능 수학, 직무 수학, 심화 영어, 직무 영어, 역학과 에너지, 전자기와 양자, 물질과 에너지, 화학 반응의 세계, 인공지능 기초, 데이터 과학",,1순위 수학 / 2순위 과학 / 3순위 영어,한국대학교육협의회·대입정보포털 어디가,2028학년도 권역별 대학별 권장과목(반영과목),https://www.adiga.kr/uct/ces/archiveView.do?menuId=PCUCTCES1000&prtlBbsId=26634,,영남권 / 경북 / 상위단위: 수학·물리·천문·지구,수학과|수학|수학·물리·천문·지구
영남대,물리학과,2028,2028 공식자료,수학·물리·천문·지구,"-일반선택: 대수, 미적분Ⅰ, 확률과 통계, 영어Ⅰ, 영어Ⅱ, 물리학, 화학, 정보 -진로선택: 기하, 미적분Ⅱ, 경제 수학, 인공지능 수학, 직무 수학, 심화 영어, 직무 영어, 역학과 에너지, 전자기와 양자, 물질과 에너지, 화학 반응의 세계, 인공지능 기초, 데이터 과학",,1순위 수학 / 2순위 과학 / 3순위 영어,한국대학교육협의회·대입정보포털 어디가,2028학년도 권역별 대학별 권장과목(반영과목),https://www.adiga.kr/uct/ces/archiveView.do?menuId=PCUCTCES1000&prtlBbsId=26634,,영남권 / 경북 / 상위단위: 수학·물리·천문·지구,물리학과|물리학|수학·물리·천문·지구
영남대,통계학과,2028,2028 공식자료,수학·물리·천문·지구,"-일반선택: 대수, 미적분Ⅰ, 확률과 통계, 영어Ⅰ, 영어Ⅱ, 물리학, 화학, 정보 -진로선택: 기하, 미적분Ⅱ, 경제 수학, 인공지능 수학, 직무 수학, 심화 영어, 직무 영어, 역학과 에너지, 전자기와 양자, 물질과 에너지, 화학 반응의 세계, 인공지능 기초, 데이터 과학",,1순위 수학 / 2순위 국어 / 3순위 영어,한국대학교육협의회·대입정보포털 어디가,2028학년도 권역별 대학별 권장과목(반영과목),https://www.adiga.kr/uct/ces/archiveView.do?menuId=PCUCTCES1000&prtlBbsId=26634,,영남권 / 경북 / 상위단위: 수학·물리·천문·지구,통계학과|통계학|수학·물리·천문·지구
영남대,화학과,2028,2028 공식자료,화학·생명과학·환경,"-일반선택: 대수, 미적분Ⅰ, 확률과 통계, 영어Ⅰ, 영어Ⅱ, 영어 독해와 작문, 물리학, 화학, 생명과학, 정보 -진로선택: 기하, 미적분Ⅱ, 인공지능 수학, 영미 문학 읽기, 영어 발표와 토론, 심화 영어, 심화 영어 독해와 작문, 직무 영어, 역학과 에너지, 전자기와 양자, 물질과 에너지, 화학 반응의 세계, 세포와 물질대사, 생물의 유전, 인공지능 기초, 데이터 과학",,1순위 과학 / 2순위 수학 / 3순위 영어,한국대학교육협의회·대입정보포털 어디가,2028학년도 권역별 대학별 권장과목(반영과목),https://www.adiga.kr/uct/ces/archiveView.do?menuId=PCUCTCES1000&prtlBbsId=26634,,영남권 / 경북 / 상위단위: 화학·생명과학·환경,화학과|화학|화학·생명과학·환경
영남대,생명과학과,2028,2028 공식자료,화학·생명과학·환경,"-일반선택: 대수, 미적분Ⅰ, 확률과 통계, 영어Ⅰ, 영어Ⅱ, 영어 독해와 작문, 물리학, 화학, 생명과학, 정보 -진로선택: 기하, 미적분Ⅱ, 인공지능 수학, 영미 문학 읽기, 영어 발표와 토론, 심화 영어, 심화 영어 독해와 작문, 직무 영어, 역학과 에너지, 전자기와 양자, 물질과 에너지, 화학 반응의 세계, 세포와 물질대사, 생물의 유전, 인공지능 기초, 데이터 과학",,1순위 과학 / 2순위 영어 / 3순위 수학,한국대학교육협의회·대입정보포털 어디가,2028학년도 권역별 대학별 권장과목(반영과목),https://www.adiga.kr/uct/ces/archiveView.do?menuId=PCUCTCES1000&prtlBbsId=26634,,영남권 / 경북 / 상위단위: 화학·생명과학·환경,생명과학과|생명과학|화학·생명과학·환경
영남대,생명공학과,2028,2028 공식자료,화학·생명과학·환경,"-일반선택: 대수, 미적분Ⅰ, 확률과 통계, 영어Ⅰ, 영어Ⅱ, 영어 독해와 작문, 물리학, 화학, 생명과학, 정보 -진로선택: 기하, 미적분Ⅱ, 인공지능 수학, 영미 문학 읽기, 영어 발표와 토론, 심화 영어, 심화 영어 독해와 작문, 직무 영어, 역학과 에너지, 전자기와 양자, 물질과 에너지, 화학 반응의 세계, 세포와 물질대사, 생물의 유전, 인공지능 기초, 데이터 과학",,1순위 과학 / 2순위 영어 / 3순위 수학,한국대학교육협의회·대입정보포털 어디가,2028학년도 권역별 대학별 권장과목(반영과목),https://www.adiga.kr/uct/ces/archiveView.do?menuId=PCUCTCES1000&prtlBbsId=26634,,영남권 / 경북 / 상위단위: 화학·생명과학·환경,생명공학과|생명공학|화학·생명과학·환경|바이오공학|바이오
영남대,의생명공학과,2028,2028 공식자료,화학·생명과학·환경,"-일반선택: 대수, 미적분Ⅰ, 확률과 통계, 영어Ⅰ, 영어Ⅱ, 영어 독해와 작문, 물리학, 화학, 생명과학, 정보 -진로선택: 기하, 미적분Ⅱ, 인공지능 수학, 영미 문학 읽기, 영어 발표와 토론, 심화 영어, 심화 영어 독해와 작문, 직무 영어, 역학과 에너지, 전자기와 양자, 물질과 에너지, 화학 반응의 세계, 세포와 물질대사, 생물의 유전, 인공지능 기초, 데이터 과학",,1순위 과학 / 2순위 수학 / 3순위 영어,한국대학교육협의회·대입정보포털 어디가,2028학년도 권역별 대학별 권장과목(반영과목),https://www.adiga.kr/uct/ces/archiveView.do?menuId=PCUCTCES1000&prtlBbsId=26634,,영남권 / 경북 / 상위단위: 화학·생명과학·환경,의생명공학과|의생명공학|화학·생명과학·환경|생명공학|바이오공학|바이오
영남대,원예생명과학과,2028,2028 공식자료,농림·수산,"-일반선택: 대수, 미적분Ⅰ, 확률과 통계, 영어Ⅰ, 영어Ⅱ, 영어 독해와 작문, 물리학, 화학, 생명과학, 정보 -진로 선택: 미적분Ⅱ, 인공지능 수학, 물질과 에너지, 화학 반응의 세계, 세포와 물질대사, 생물의 유전, 생활과학 탐구, 인공지능 기초, 데이터 과학",,1순위 과학 / 2순위 영어 / 3순위 국어,한국대학교육협의회·대입정보포털 어디가,2028학년도 권역별 대학별 권장과목(반영과목),https://www.adiga.kr/uct/ces/archiveView.do?menuId=PCUCTCES1000&prtlBbsId=26634,,영남권 / 경북 / 상위단위: 농림·수산,원예생명과학과|원예생명과학|농림·수산
영남대,산림자원학과,2028,2028 공식자료,농림·수산,"-일반선택: 대수, 미적분Ⅰ, 확률과 통계, 영어Ⅰ, 영어Ⅱ, 영어 독해와 작문, 물리학, 화학, 생명과학, 정보 -진로 선택: 미적분Ⅱ, 인공지능 수학, 물질과 에너지, 화학 반응의 세계, 세포와 물질대사, 생물의 유전, 생활과학 탐구, 인공지능 기초, 데이터 과학",,1순위 과학 / 2순위 국어 / 3순위 사회,한국대학교육협의회·대입정보포털 어디가,2028학년도 권역별 대학별 권장과목(반영과목),https://www.adiga.kr/uct/ces/archiveView.do?menuId=PCUCTCES1000&prtlBbsId=26634,,영남권 / 경북 / 상위단위: 농림·수산,산림자원학과|산림자원학|농림·수산
영남대,식품공학과,2028,2028 공식자료,농림·수산,"-일반선택: 대수, 미적분Ⅰ, 확률과 통계, 영어Ⅰ, 영어Ⅱ, 영어 독해와 작문, 물리학, 화학, 생명과학, 정보 -진로 선택: 미적분Ⅱ, 인공지능 수학, 물질과 에너지, 화학 반응의 세계, 세포와 물질대사, 생물의 유전, 생활과학 탐구, 인공지능 기초, 데이터 과학",,1순위 과학 / 2순위 영어 / 3순위 수학,한국대학교육협의회·대입정보포털 어디가,2028학년도 권역별 대학별 권장과목(반영과목),https://www.adiga.kr/uct/ces/archiveView.do?menuId=PCUCTCES1000&prtlBbsId=26634,,영남권 / 경북 / 상위단위: 농림·수산,식품공학과|식품공학|농림·수산
영남대,주거환경학과,2028,2028 공식자료,생활과학,"-일반선택: 화법과 언어, 독서와 작문, 확률과 통계, 영어Ⅰ, 영어Ⅱ, 영어 독해와 작문, 화학, 생명과학, 사회와 문화, 현대사회와 윤리, 미술, 기술가정, 정보, 생태와 환경 -진로선택: 주제 탐구 독서, 인공지능 수학, 영어 발표와 토론, 세포와 물질대사, 생물의 유전, 미술 창작, 미술 감상과 비평, 생활과학 탐구, 인공지능 기초, 데이터 과학, 인간과 심리",,"1순위 사회 / 2순위 과학 / 3순위 국어, 수학",한국대학교육협의회·대입정보포털 어디가,2028학년도 권역별 대학별 권장과목(반영과목),https://www.adiga.kr/uct/ces/archiveView.do?menuId=PCUCTCES1000&prtlBbsId=26634,,영남권 / 경북 / 상위단위: 생활과학,주거환경학과|주거환경학|생활과학
영남대,식품영양학과,2028,2028 공식자료,생활과학,"-일반 선택: 화법과 언어, 독서와 작문, 확률과 통계, 영어Ⅰ, 영어Ⅱ, 영어 독해와 작문, 화학, 생명과학, 사회와 문화, 현대사회와 윤리, 미술, 기술가정, 정보, 생태와 환경 -진로 선택: 주제 탐구 독서, 인공지능 수학, 영어 발표와 토론, 세포와 물질대사, 생물의 유전, 미술 창작, 미술 감상과 비평, 생활과학 탐구, 인공지능 기초, 데이터 과학, 인간과 심리",,1순위 과학 / 2순위 영어 / 3순위 수학,한국대학교육협의회·대입정보포털 어디가,2028학년도 권역별 대학별 권장과목(반영과목),https://www.adiga.kr/uct/ces/archiveView.do?menuId=PCUCTCES1000&prtlBbsId=26634,,영남권 / 경북 / 상위단위: 생활과학,식품영양학과|식품영양학|생활과학
영남대,의류패션학과,2028,2028 공식자료,생활과학,"-일반 선택: 화법과 언어, 독서와 작문, 확률과 통계, 영어Ⅰ, 영어Ⅱ, 영어 독해와 작문, 화학, 생명과학, 사회와 문화, 현대사회와 윤리, 미술, 기술가정, 정보, 생태와 환경 -진로 선택: 주제 탐구 독서, 인공지능 수학, 영어 발표와 토론, 세포와 물질대사, 생물의 유전, 미술 창작, 미술 감상과 비평, 생활과학 탐구, 인공지능 기초, 데이터 과학, 인간과 심리",,"1순위 사회 / 2순위 기타(기술·가정) / 3순위 국어, 과학",한국대학교육협의회·대입정보포털 어디가,2028학년도 권역별 대학별 권장과목(반영과목),https://www.adiga.kr/uct/ces/archiveView.do?menuId=PCUCTCES1000&prtlBbsId=26634,,영남권 / 경북 / 상위단위: 생활과학,의류패션학과|의류패션학|생활과학
영남대,수학교육과,2028,2028 공식자료,교육,"-일반선택: 화법과 언어, 대수, 미적분Ⅰ, 확률과 통계, 물리학 -진로선택: 기하, 미적분Ⅱ, 인공지능 수학, 인공지능 기초, 교육의 이해",,1순위 수학 / 2순위 과학 / 3순위 국어,한국대학교육협의회·대입정보포털 어디가,2028학년도 권역별 대학별 권장과목(반영과목),https://www.adiga.kr/uct/ces/archiveView.do?menuId=PCUCTCES1000&prtlBbsId=26634,,영남권 / 경북 / 상위단위: 교육,수학교육과|교육
영남대,의예과,2028,2028 공식자료,의약학,"-일반선택: 대수, 미적분Ⅰ, 확률과 통계, 영어Ⅰ, 영어Ⅱ, 영어 독해와 작문, 물리학, 화학, 생명과학, 현대사회와 윤리 -진로선택: 기하, 미적분Ⅱ, 심화 영어, 영어 발표와 토론, 심화 영어 독해와 작문, 물질과 에너지, 화학 반응의 세계, 세포와 물질대사, 생물의 유전, 윤리와 사상, 인문학과 윤리",,1순위 과학 / 2순위 수학 / 3순위 영어,한국대학교육협의회·대입정보포털 어디가,2028학년도 권역별 대학별 권장과목(반영과목),https://www.adiga.kr/uct/ces/archiveView.do?menuId=PCUCTCES1000&prtlBbsId=26634,,영남권 / 경북 / 상위단위: 의약학,의예과|의약학|의대|의학|의예
영남대,약학부,2028,2028 공식자료,의약학,"-일반선택: 대수, 미적분Ⅰ, 확률과 통계, 영어Ⅰ, 영어Ⅱ, 영어 독해와 작문, 물리학, 화학, 생명과학, 현대사회와 윤리 -진로선택: 기하, 미적분Ⅱ, 심화 영어, 영어 발표와 토론, 심화 영어 독해와 작문, 물질과 에너지, 화학 반응의 세계, 세포와 물질대사, 생물의 유전, 윤리와 사상, 인문학과 윤리",,1순위 과학 / 2순위 영어 / 3순위 수학,한국대학교육협의회·대입정보포털 어디가,2028학년도 권역별 대학별 권장과목(반영과목),https://www.adiga.kr/uct/ces/archiveView.do?menuId=PCUCTCES1000&prtlBbsId=26634,,영남권 / 경북 / 상위단위: 의약학,약학부|약|의약학
영남대,전공자유선택학부,2028,2028 공식자료,N.C.E,"-일반선택: 화법과 언어, 대수, 영어Ⅰ, 영어Ⅱ, 사회와 문화 -진로선택: 직무 의사소통, 직무 수학, 직무 영어, 국제 관계의 이해, 생활과학 탐구",,"1순위 영어 / 2순위 사회, 과학 / 3순위 국어, 수학",한국대학교육협의회·대입정보포털 어디가,2028학년도 권역별 대학별 권장과목(반영과목),https://www.adiga.kr/uct/ces/archiveView.do?menuId=PCUCTCES1000&prtlBbsId=26634,,영남권 / 경북 / 상위단위: N.C.E,전공자유선택학부|전공자유선택|N.C.E
영남대,건설시스템공학과,2028,2028 공식자료,건설,"-일반선택: 화법과 언어, 독서와 작문, 대수, 미적분Ⅰ, 확률과 통계, 영어Ⅰ, 영어Ⅱ, 영어 독해와 작문, 물리학, 화학, 생명과학, 지구과학, 세계시민과 지리, 세계사, 사회와 문화, 미술, 정보, 생태와 환경 -진로선택: 직무 의사소통, 기하, 미적분Ⅱ, 직무 수학, 영어 발표와 토론, 역학과 에너지, 물질과 에너지, 화학 반응의 세계, 세포와 물질대사, 생물의 유전, 지구시스템과학, 한국지리 탐구, 도시의 미래 탐구, 동아시아 역사기행, 인공지능 기초, 미술 창작, 미술 감상과 비평, 인간과 철학, 논리와 사고, 인간과 심리",,1순위 수학 / 2순위 과학 / 3순위 영어,한국대학교육협의회·대입정보포털 어디가,2028학년도 권역별 대학별 권장과목(반영과목),https://www.adiga.kr/uct/ces/archiveView.do?menuId=PCUCTCES1000&prtlBbsId=26634,,영남권 / 경북 / 상위단위: 건설,건설시스템공학과|건설시스템공학|건설
영남대,환경공학과,2028,2028 공식자료,건설,"-일반선택: 화법과 언어, 독서와 작문, 대수, 미적분Ⅰ, 확률과 통계, 영어Ⅰ, 영어Ⅱ, 영어 독해와 작문, 물리학, 화학, 생명과학, 지구과학, 세계시민과 지리, 세계사, 사회와 문화, 미술, 정보, 생태와 환경 -진로선택: 직무 의사소통, 기하, 미적분Ⅱ, 직무 수학, 영어 발표와 토론, 역학과 에너지, 물질과 에너지, 화학 반응의 세계, 세포와 물질대사, 생물의 유전, 지구시스템과학, 한국지리 탐구, 도시의 미래 탐구, 동아시아 역사기행, 인공지능 기초, 미술 창작, 미술 감상과 비평, 인간과 철학, 논리와 사고, 인간과 심리",,1순위 과학 / 2순위 수학 / 3순위 영어,한국대학교육협의회·대입정보포털 어디가,2028학년도 권역별 대학별 권장과목(반영과목),https://www.adiga.kr/uct/ces/archiveView.do?menuId=PCUCTCES1000&prtlBbsId=26634,,영남권 / 경북 / 상위단위: 건설,환경공학과|환경공학|건설
영남대,도시공학과,2028,2028 공식자료,건설,"-일반선택: 화법과 언어, 독서와 작문, 대수, 미적분Ⅰ, 확률과 통계, 영어Ⅰ, 영어Ⅱ, 영어 독해와 작문, 물리학, 화학, 생명과학, 지구과학, 세계시민과 지리, 세계사, 사회와 문화, 미술, 정보, 생태와 환경 -진로선택: 직무 의사소통, 기하, 미적분Ⅱ, 직무 수학, 영어 발표와 토론, 역학과 에너지, 물질과 에너지, 화학 반응의 세계, 세포와 물질대사, 생물의 유전, 지구시스템과학, 한국지리 탐구, 도시의 미래 탐구, 동아시아 역사기행, 인공지능 기초, 미술 창작, 미술 감상과 비평, 인간과 철학, 논리와 사고, 인간과 심리",,"1순위 과학 / 2순위 영어, 국어 / 3순위 과학",한국대학교육협의회·대입정보포털 어디가,2028학년도 권역별 대학별 권장과목(반영과목),https://www.adiga.kr/uct/ces/archiveView.do?menuId=PCUCTCES1000&prtlBbsId=26634,,영남권 / 경북 / 상위단위: 건설,도시공학과|도시공학|건설
영남대,건축학부,2028,2028 공식자료,건설,"-일반선택: 화법과 언어, 독서와 작문, 대수, 미적분Ⅰ, 확률과 통계, 영어Ⅰ, 영어Ⅱ, 영어 독해와 작문, 물리학, 화학, 생명과학, 지구과학, 세계시민과 지리, 세계사, 사회와 문화, 미술, 정보, 생태와 환경 -진로선택: 직무 의사소통, 기하, 미적분Ⅱ, 직무 수학, 영어 발표와 토론, 역학과 에너지, 물질과 에너지, 화학 반응의 세계, 세포와 물질대사, 생물의 유전, 지구시스템과학, 한국지리 탐구, 도시의 미래 탐구, 동아시아 역사기행, 인공지능 기초, 미술 창작, 미술 감상과 비평, 인간과 철학, 논리와 사고, 인간과 심리",,"1순위 과학 / 2순위 수학 / 3순위 국어, 기타(미술)",한국대학교육협의회·대입정보포털 어디가,2028학년도 권역별 대학별 권장과목(반영과목),https://www.adiga.kr/uct/ces/archiveView.do?menuId=PCUCTCES1000&prtlBbsId=26634,,영남권 / 경북 / 상위단위: 건설,건축학부|건축|건설
영남대,조경학과,2028,2028 공식자료,건설,"-일반선택: 화법과 언어, 독서와 작문, 대수, 미적분Ⅰ, 확률과 통계, 영어Ⅰ, 영어Ⅱ, 영어 독해와 작문, 물리학, 화학, 생명과학, 지구과학, 세계시민과 지리, 세계사, 사회와 문화, 미술, 정보, 생태와 환경 -진로선택: 직무 의사소통, 기하, 미적분Ⅱ, 직무 수학, 영어 발표와 토론, 역학과 에너지, 물질과 에너지, 화학 반응의 세계, 세포와 물질대사, 생물의 유전, 지구시스템과학, 한국지리 탐구, 도시의 미래 탐구, 동아시아 역사기행, 인공지능 기초, 미술 창작, 미술 감상과 비평, 인간과 철학, 논리와 사고, 인간과 심리",,"1순위 사회 / 2순위 국어, 영어 / 3순위 수학, 과학",한국대학교육협의회·대입정보포털 어디가,2028학년도 권역별 대학별 권장과목(반영과목),https://www.adiga.kr/uct/ces/archiveView.do?menuId=PCUCTCES1000&prtlBbsId=26634,,영남권 / 경북 / 상위단위: 건설,조경학과|조경학|건설
영남대,기계공학부,2028,2028 공식자료,기계,"-일반선택: 대수, 미적분Ⅰ, 확률과 통계, 영어Ⅰ, 영어Ⅱ, 영어 독해와 작문, 물리학, 화학, 정보 -진로선택: 기하, 미적분Ⅱ, 인공지능 수학, 영어 발표와 토론, 역학과 에너지, 전자기와 양자, 물질과 에너지, 화학 반응의 세계, 로봇과 공학세계, 인공지능 기초, 데이터 과학",,1순위 수학 / 2순위 과학 / 3순위 영어,한국대학교육협의회·대입정보포털 어디가,2028학년도 권역별 대학별 권장과목(반영과목),https://www.adiga.kr/uct/ces/archiveView.do?menuId=PCUCTCES1000&prtlBbsId=26634,,영남권 / 경북 / 상위단위: 기계,기계공학부|기계공|기계|기계공학
영남대,미래자동차공학과,2028,2028 공식자료,기계,"-일반선택: 대수, 미적분Ⅰ, 확률과 통계, 영어Ⅰ, 영어Ⅱ, 영어 독해와 작문, 물리학, 화학, 정보 -진로선택: 기하, 미적분Ⅱ, 인공지능 수학, 영어 발표와 토론, 역학과 에너지, 전자기와 양자, 물질과 에너지, 화학 반응의 세계, 로봇과 공학세계, 인공지능 기초, 데이터 과학",,"1순위 수학, 과학 / 2순위 영어",한국대학교육협의회·대입정보포털 어디가,2028학년도 권역별 대학별 권장과목(반영과목),https://www.adiga.kr/uct/ces/archiveView.do?menuId=PCUCTCES1000&prtlBbsId=26634,,영남권 / 경북 / 상위단위: 기계,미래자동차공학과|미래자동차공학|기계
영남대,로봇공학과,2028,2028 공식자료,기계,"-일반선택: 대수, 미적분Ⅰ, 확률과 통계, 영어Ⅰ, 영어Ⅱ, 영어 독해와 작문, 물리학, 화학, 정보 -진로선택: 기하, 미적분Ⅱ, 인공지능 수학, 영어 발표와 토론, 역학과 에너지, 전자기와 양자, 물질과 에너지, 화학 반응의 세계, 로봇과 공학세계, 인공지능 기초, 데이터 과학",,"1순위 수학, 과학 / 2순위 영어 / 3순위 국어",한국대학교육협의회·대입정보포털 어디가,2028학년도 권역별 대학별 권장과목(반영과목),https://www.adiga.kr/uct/ces/archiveView.do?menuId=PCUCTCES1000&prtlBbsId=26634,,영남권 / 경북 / 상위단위: 기계,로봇공학과|로봇공학|기계
영남대,전기공학과,2028,2028 공식자료,전기·전자·컴퓨터,"-일반선택: 화법과 언어, 대수, 미적분Ⅰ, 확률과 통계, 영어Ⅰ, 영어Ⅱ, 영어 독해와 작문, 물리학, 정보 -진로선택: 직무 의사소통, 기하, 미적분Ⅱ, 경제 수학, 인공지능 수학, 직무 수학, 심화 영어, 직무 영어, 역학과 에너지, 전자기와 양자, 로봇과 공학세계, 생활과학 탐구, 인공지능 기초, 데이터 과학, 논리와 사고",,1순위 과학 / 2순위 수학 / 3순위 영어,한국대학교육협의회·대입정보포털 어디가,2028학년도 권역별 대학별 권장과목(반영과목),https://www.adiga.kr/uct/ces/archiveView.do?menuId=PCUCTCES1000&prtlBbsId=26634,,영남권 / 경북 / 상위단위: 전기·전자·컴퓨터,전기공학과|전기공학|전기·전자·컴퓨터
영남대,전자공학과,2028,2028 공식자료,전기·전자·컴퓨터,"-일반선택: 화법과 언어, 대수, 미적분Ⅰ, 확률과 통계, 영어Ⅰ, 영어Ⅱ, 영어 독해와 작문, 물리학, 정보 -진로선택: 직무 의사소통, 기하, 미적분Ⅱ, 경제 수학, 인공지능 수학, 직무 수학, 심화 영어, 직무 영어, 역학과 에너지, 전자기와 양자, 로봇과 공학세계, 생활과학 탐구, 인공지능 기초, 데이터 과학, 논리와 사고",,1순위 과학 / 2순위 수학 / 3순위 영어,한국대학교육협의회·대입정보포털 어디가,2028학년도 권역별 대학별 권장과목(반영과목),https://www.adiga.kr/uct/ces/archiveView.do?menuId=PCUCTCES1000&prtlBbsId=26634,,영남권 / 경북 / 상위단위: 전기·전자·컴퓨터,전자공학과|전자공학|전기·전자·컴퓨터
영남대,컴퓨터공학전공,2028,2028 공식자료,전기·전자·컴퓨터,"-일반선택: 화법과 언어, 대수, 미적분Ⅰ, 확률과 통계, 영어Ⅰ, 영어Ⅱ, 영어 독해와 작문, 물리학, 정보 -진로선택: 직무 의사소통, 기하, 미적분Ⅱ, 경제 수학, 인공지능 수학, 직무 수학, 심화 영어, 직무 영어, 역학과 에너지, 전자기와 양자, 로봇과 공학세계, 생활과학 탐구, 인공지능 기초, 데이터 과학, 논리와 사고",,1순위 수학 / 2순위 과학 / 3순위 영어,한국대학교육협의회·대입정보포털 어디가,2028학년도 권역별 대학별 권장과목(반영과목),https://www.adiga.kr/uct/ces/archiveView.do?menuId=PCUCTCES1000&prtlBbsId=26634,,영남권 / 경북 / 상위단위: 전기·전자·컴퓨터,컴퓨터공학전공|컴퓨터공학|전기·전자·컴퓨터
영남대,정보통신공학전공,2028,2028 공식자료,전기·전자·컴퓨터,"-일반선택: 화법과 언어, 대수, 미적분Ⅰ, 확률과 통계, 영어Ⅰ, 영어Ⅱ, 영어 독해와 작문, 물리학, 정보 -진로선택: 직무 의사소통, 기하, 미적분Ⅱ, 경제 수학, 인공지능 수학, 직무 수학, 심화 영어, 직무 영어, 역학과 에너지, 전자기와 양자, 로봇과 공학세계, 생활과학 탐구, 인공지능 기초, 데이터 과학, 논리와 사고",,1순위 수학 / 2순위 영어 / 3순위 과학,한국대학교육협의회·대입정보포털 어디가,2028학년도 권역별 대학별 권장과목(반영과목),https://www.adiga.kr/uct/ces/archiveView.do?menuId=PCUCTCES1000&prtlBbsId=26634,,영남권 / 경북 / 상위단위: 전기·전자·컴퓨터,정보통신공학전공|정보통신공학|전기·전자·컴퓨터
영남대,소프트웨어융합전공,2028,2028 공식자료,전기·전자·컴퓨터,"-일반선택: 화법과 언어, 대수, 미적분Ⅰ, 확률과 통계, 영어Ⅰ, 영어Ⅱ, 영어 독해와 작문, 물리학, 정보 -진로선택: 직무 의사소통, 기하, 미적분Ⅱ, 경제 수학, 인공지능 수학, 직무 수학, 심화 영어, 직무 영어, 역학과 에너지, 전자기와 양자, 로봇과 공학세계, 생활과학 탐구, 인공지능 기초, 데이터 과학, 논리와 사고",,1순위 수학 / 2순위 영어 / 3순위 국어,한국대학교육협의회·대입정보포털 어디가,2028학년도 권역별 대학별 권장과목(반영과목),https://www.adiga.kr/uct/ces/archiveView.do?menuId=PCUCTCES1000&prtlBbsId=26634,,영남권 / 경북 / 상위단위: 전기·전자·컴퓨터,소프트웨어융합전공|소프트웨어융합|전기·전자·컴퓨터
영남대,신소재공학부,2028,2028 공식자료,재료,"-일반선택: 대수, 미적분Ⅰ, 확률과 통계, 물리학, 화학, 생명과학, 지구과학, 정보 -진로선택: 기하, 미적분Ⅱ, 경제 수학, 인공지능 수학, 직무 수학, 역학과 에너지, 전자기와 양자, 물질과 에너지, 화학 반응의 세계, 세포와 물질대사, 생물의 유전, 생활과학 탐구",,"1순위 수학, 과학 / 2순위 영어, 국어",한국대학교육협의회·대입정보포털 어디가,2028학년도 권역별 대학별 권장과목(반영과목),https://www.adiga.kr/uct/ces/archiveView.do?menuId=PCUCTCES1000&prtlBbsId=26634,,영남권 / 경북 / 상위단위: 재료,신소재공학부|신소재공|재료|신소재공학|신소재|재료공학
영남대,차세대반도체학과,2028,2028 공식자료,재료,"-일반선택: 대수, 미적분Ⅰ, 확률과 통계, 물리학, 화학, 생명과학, 지구과학, 정보 -진로선택: 기하, 미적분Ⅱ, 경제 수학, 인공지능 수학, 직무 수학, 역학과 에너지, 전자기와 양자, 물질과 에너지, 화학 반응의 세계, 세포와 물질대사, 생물의 유전, 생활과학 탐구",,1순위 수학 / 2순위 과학 / 3순위 영어,한국대학교육협의회·대입정보포털 어디가,2028학년도 권역별 대학별 권장과목(반영과목),https://www.adiga.kr/uct/ces/archiveView.do?menuId=PCUCTCES1000&prtlBbsId=26634,,영남권 / 경북 / 상위단위: 재료,차세대반도체학과|차세대반도체학|재료
영남대,화학공학부,2028,2028 공식자료,화공·고분자·에너지,"-일반선택: 대수, 미적분Ⅰ, 확률과 통계, 영어Ⅰ, 영어Ⅱ, 영어 독해와 작문, 물리학, 화학, 생명과학 -진로선택: 기하, 미적분Ⅱ, 인공지능 수학, 영어 발표와 토론, 심화 영어, 심화 영어 독해와 작문, 역학과 에너지, 전자기와 양자, 물질과 에너지, 화학 반응의 세계, 세포와 물질대사, 생물의 유전, 생활과학 탐구",,1순위 과학 / 2순위 수학 / 3순위 영어,한국대학교육협의회·대입정보포털 어디가,2028학년도 권역별 대학별 권장과목(반영과목),https://www.adiga.kr/uct/ces/archiveView.do?menuId=PCUCTCES1000&prtlBbsId=26634,,영남권 / 경북 / 상위단위: 화공·고분자·에너지,화학공학부|화학공|화공·고분자·에너지
영남대,파이버시스템공학과,2028,2028 공식자료,화공·고분자·에너지,"-일반선택: 대수, 미적분Ⅰ, 확률과 통계, 영어Ⅰ, 영어Ⅱ, 영어 독해와 작문, 물리학, 화학, 생명과학 -진로선택: 기하, 미적분Ⅱ, 인공지능 수학, 영어 발표와 토론, 심화 영어, 심화 영어 독해와 작문, 역학과 에너지, 전자기와 양자, 물질과 에너지, 화학 반응의 세계, 세포와 물질대사, 생물의 유전, 생활과학 탐구",,1순위 과학 / 2순위 수학 / 3순위 영어,한국대학교육협의회·대입정보포털 어디가,2028학년도 권역별 대학별 권장과목(반영과목),https://www.adiga.kr/uct/ces/archiveView.do?menuId=PCUCTCES1000&prtlBbsId=26634,,영남권 / 경북 / 상위단위: 화공·고분자·에너지,파이버시스템공학과|파이버시스템공학|화공·고분자·에너지
POSTECH,반도체공학과,2028,2028 공식자료,,"국어, 수학, 영어, 과학 전 과목",,,한국대학교육협의회·대입정보포털 어디가,2028학년도 권역별 대학별 권장과목(반영과목),https://www.adiga.kr/uct/ces/archiveView.do?menuId=PCUCTCES1000&prtlBbsId=26634,,영남권 / 경북,반도체공학과|반도체공학
진주교육대,초등교육과,2028,2028 공식자료,,전 과목,,,한국대학교육협의회·대입정보포털 어디가,2028학년도 권역별 대학별 권장과목(반영과목),https://www.adiga.kr/uct/ces/archiveView.do?menuId=PCUCTCES1000&prtlBbsId=26634,,영남권 / 경남,초등교육과
국립한밭대,기계공학과,2028,2028 공식자료,공과대학,"수학, 과학",,"*관련 교과(군)을 제시하지 않은 모집단위(융합자율대학, 야간학과)는 계열 상관없이 학생의 진로와 적성에 따라 과목 선택하여 이수하도록 권장함.",한국대학교육협의회·대입정보포털 어디가,2028학년도 권역별 대학별 권장과목(반영과목),https://www.adiga.kr/uct/ces/archiveView.do?menuId=PCUCTCES1000&prtlBbsId=26634,,중부권 / 대전 / 상위단위: 공과대학,기계공학과|기계공학|공과대학|기계
국립한밭대,산업경영공학과,2028,2028 공식자료,공과대학,"수학, 과학",,"*관련 교과(군)을 제시하지 않은 모집단위(융합자율대학, 야간학과)는 계열 상관없이 학생의 진로와 적성에 따라 과목 선택하여 이수하도록 권장함.",한국대학교육협의회·대입정보포털 어디가,2028학년도 권역별 대학별 권장과목(반영과목),https://www.adiga.kr/uct/ces/archiveView.do?menuId=PCUCTCES1000&prtlBbsId=26634,,중부권 / 대전 / 상위단위: 공과대학,산업경영공학과|산업경영공학|공과대학
국립한밭대,건축설비시스템공학과,2028,2028 공식자료,공과대학,"수학, 과학",,"*관련 교과(군)을 제시하지 않은 모집단위(융합자율대학, 야간학과)는 계열 상관없이 학생의 진로와 적성에 따라 과목 선택하여 이수하도록 권장함.",한국대학교육협의회·대입정보포털 어디가,2028학년도 권역별 대학별 권장과목(반영과목),https://www.adiga.kr/uct/ces/archiveView.do?menuId=PCUCTCES1000&prtlBbsId=26634,,중부권 / 대전 / 상위단위: 공과대학,건축설비시스템공학과|건축설비시스템공학|공과대학
국립한밭대,신소재공학과,2028,2028 공식자료,공과대학,"수학, 과학",,"*관련 교과(군)을 제시하지 않은 모집단위(융합자율대학, 야간학과)는 계열 상관없이 학생의 진로와 적성에 따라 과목 선택하여 이수하도록 권장함.",한국대학교육협의회·대입정보포털 어디가,2028학년도 권역별 대학별 권장과목(반영과목),https://www.adiga.kr/uct/ces/archiveView.do?menuId=PCUCTCES1000&prtlBbsId=26634,,중부권 / 대전 / 상위단위: 공과대학,신소재공학과|신소재공학|공과대학|신소재|재료공학
국립한밭대,우주국방첨단융합학과,2028,2028 공식자료,공과대학,"수학, 과학",,"*관련 교과(군)을 제시하지 않은 모집단위(융합자율대학, 야간학과)는 계열 상관없이 학생의 진로와 적성에 따라 과목 선택하여 이수하도록 권장함.",한국대학교육협의회·대입정보포털 어디가,2028학년도 권역별 대학별 권장과목(반영과목),https://www.adiga.kr/uct/ces/archiveView.do?menuId=PCUCTCES1000&prtlBbsId=26634,,중부권 / 대전 / 상위단위: 공과대학,우주국방첨단융합학과|우주국방첨단융합학|공과대학
국립한밭대,창의융합학과,2028,2028 공식자료,공과대학,"수학, 과학",,"*관련 교과(군)을 제시하지 않은 모집단위(융합자율대학, 야간학과)는 계열 상관없이 학생의 진로와 적성에 따라 과목 선택하여 이수하도록 권장함.",한국대학교육협의회·대입정보포털 어디가,2028학년도 권역별 대학별 권장과목(반영과목),https://www.adiga.kr/uct/ces/archiveView.do?menuId=PCUCTCES1000&prtlBbsId=26634,,중부권 / 대전 / 상위단위: 공과대학,창의융합학과|창의융합학|공과대학
국립한밭대,화학생명공학과,2028,2028 공식자료,공과대학,"수학, 과학",,"*관련 교과(군)을 제시하지 않은 모집단위(융합자율대학, 야간학과)는 계열 상관없이 학생의 진로와 적성에 따라 과목 선택하여 이수하도록 권장함.",한국대학교육협의회·대입정보포털 어디가,2028학년도 권역별 대학별 권장과목(반영과목),https://www.adiga.kr/uct/ces/archiveView.do?menuId=PCUCTCES1000&prtlBbsId=26634,,중부권 / 대전 / 상위단위: 공과대학,화학생명공학과|화학생명공학|공과대학|생명공학|바이오공학|바이오
국립한밭대,모바일융합공학과,2028,2028 공식자료,정보기술대학,"수학, 과학",,"*관련 교과(군)을 제시하지 않은 모집단위(융합자율대학, 야간학과)는 계열 상관없이 학생의 진로와 적성에 따라 과목 선택하여 이수하도록 권장함.",한국대학교육협의회·대입정보포털 어디가,2028학년도 권역별 대학별 권장과목(반영과목),https://www.adiga.kr/uct/ces/archiveView.do?menuId=PCUCTCES1000&prtlBbsId=26634,,중부권 / 대전 / 상위단위: 정보기술대학,모바일융합공학과|모바일융합공학|정보기술대학
국립한밭대,반도체시스템공학과,2028,2028 공식자료,정보기술대학,"수학, 과학",,"*관련 교과(군)을 제시하지 않은 모집단위(융합자율대학, 야간학과)는 계열 상관없이 학생의 진로와 적성에 따라 과목 선택하여 이수하도록 권장함.",한국대학교육협의회·대입정보포털 어디가,2028학년도 권역별 대학별 권장과목(반영과목),https://www.adiga.kr/uct/ces/archiveView.do?menuId=PCUCTCES1000&prtlBbsId=26634,,중부권 / 대전 / 상위단위: 정보기술대학,반도체시스템공학과|반도체시스템공학|정보기술대학
국립한밭대,빅데이터헬스케어융합학과,2028,2028 공식자료,정보기술대학,"수학, 과학",,"*관련 교과(군)을 제시하지 않은 모집단위(융합자율대학, 야간학과)는 계열 상관없이 학생의 진로와 적성에 따라 과목 선택하여 이수하도록 권장함.",한국대학교육협의회·대입정보포털 어디가,2028학년도 권역별 대학별 권장과목(반영과목),https://www.adiga.kr/uct/ces/archiveView.do?menuId=PCUCTCES1000&prtlBbsId=26634,,중부권 / 대전 / 상위단위: 정보기술대학,빅데이터헬스케어융합학과|빅데이터헬스케어융합학|정보기술대학
국립한밭대,인공지능소프트웨어학과,2028,2028 공식자료,정보기술대학,"수학, 과학",,"*관련 교과(군)을 제시하지 않은 모집단위(융합자율대학, 야간학과)는 계열 상관없이 학생의 진로와 적성에 따라 과목 선택하여 이수하도록 권장함.",한국대학교육협의회·대입정보포털 어디가,2028학년도 권역별 대학별 권장과목(반영과목),https://www.adiga.kr/uct/ces/archiveView.do?menuId=PCUCTCES1000&prtlBbsId=26634,,중부권 / 대전 / 상위단위: 정보기술대학,인공지능소프트웨어학과|인공지능소프트웨어학|정보기술대학
국립한밭대,전기공학과,2028,2028 공식자료,정보기술대학,"수학, 과학",,"*관련 교과(군)을 제시하지 않은 모집단위(융합자율대학, 야간학과)는 계열 상관없이 학생의 진로와 적성에 따라 과목 선택하여 이수하도록 권장함.",한국대학교육협의회·대입정보포털 어디가,2028학년도 권역별 대학별 권장과목(반영과목),https://www.adiga.kr/uct/ces/archiveView.do?menuId=PCUCTCES1000&prtlBbsId=26634,,중부권 / 대전 / 상위단위: 정보기술대학,전기공학과|전기공학|정보기술대학
국립한밭대,전자공학과,2028,2028 공식자료,정보기술대학,"수학, 과학",,"*관련 교과(군)을 제시하지 않은 모집단위(융합자율대학, 야간학과)는 계열 상관없이 학생의 진로와 적성에 따라 과목 선택하여 이수하도록 권장함.",한국대학교육협의회·대입정보포털 어디가,2028학년도 권역별 대학별 권장과목(반영과목),https://www.adiga.kr/uct/ces/archiveView.do?menuId=PCUCTCES1000&prtlBbsId=26634,,중부권 / 대전 / 상위단위: 정보기술대학,전자공학과|전자공학|정보기술대학
국립한밭대,정보통신공학과,2028,2028 공식자료,정보기술대학,"수학, 과학",,"*관련 교과(군)을 제시하지 않은 모집단위(융합자율대학, 야간학과)는 계열 상관없이 학생의 진로와 적성에 따라 과목 선택하여 이수하도록 권장함.",한국대학교육협의회·대입정보포털 어디가,2028학년도 권역별 대학별 권장과목(반영과목),https://www.adiga.kr/uct/ces/archiveView.do?menuId=PCUCTCES1000&prtlBbsId=26634,,중부권 / 대전 / 상위단위: 정보기술대학,정보통신공학과|정보통신공학|정보기술대학
국립한밭대,지능미디어공학과,2028,2028 공식자료,정보기술대학,"수학, 과학",,"*관련 교과(군)을 제시하지 않은 모집단위(융합자율대학, 야간학과)는 계열 상관없이 학생의 진로와 적성에 따라 과목 선택하여 이수하도록 권장함.",한국대학교육협의회·대입정보포털 어디가,2028학년도 권역별 대학별 권장과목(반영과목),https://www.adiga.kr/uct/ces/archiveView.do?menuId=PCUCTCES1000&prtlBbsId=26634,,중부권 / 대전 / 상위단위: 정보기술대학,지능미디어공학과|지능미디어공학|정보기술대학
국립한밭대,컴퓨터공학과,2028,2028 공식자료,정보기술대학,"수학, 과학",,"*관련 교과(군)을 제시하지 않은 모집단위(융합자율대학, 야간학과)는 계열 상관없이 학생의 진로와 적성에 따라 과목 선택하여 이수하도록 권장함.",한국대학교육협의회·대입정보포털 어디가,2028학년도 권역별 대학별 권장과목(반영과목),https://www.adiga.kr/uct/ces/archiveView.do?menuId=PCUCTCES1000&prtlBbsId=26634,,중부권 / 대전 / 상위단위: 정보기술대학,컴퓨터공학과|컴퓨터공학|정보기술대학|컴공|컴퓨터과학|컴퓨터
국립한밭대,건설환경공학과,2028,2028 공식자료,건설환경디자인대학,"수학, 과학",,"*관련 교과(군)을 제시하지 않은 모집단위(융합자율대학, 야간학과)는 계열 상관없이 학생의 진로와 적성에 따라 과목 선택하여 이수하도록 권장함.",한국대학교육협의회·대입정보포털 어디가,2028학년도 권역별 대학별 권장과목(반영과목),https://www.adiga.kr/uct/ces/archiveView.do?menuId=PCUCTCES1000&prtlBbsId=26634,,중부권 / 대전 / 상위단위: 건설환경디자인대학,건설환경공학과|건설환경공학|건설환경디자인대학
국립한밭대,건축공학과,2028,2028 공식자료,건설환경디자인대학,"수학, 과학",,"*관련 교과(군)을 제시하지 않은 모집단위(융합자율대학, 야간학과)는 계열 상관없이 학생의 진로와 적성에 따라 과목 선택하여 이수하도록 권장함.",한국대학교육협의회·대입정보포털 어디가,2028학년도 권역별 대학별 권장과목(반영과목),https://www.adiga.kr/uct/ces/archiveView.do?menuId=PCUCTCES1000&prtlBbsId=26634,,중부권 / 대전 / 상위단위: 건설환경디자인대학,건축공학과|건축공학|건설환경디자인대학
국립한밭대,건축학과(5년제),2028,2028 공식자료,건설환경디자인대학,"수학, 과학",,"*관련 교과(군)을 제시하지 않은 모집단위(융합자율대학, 야간학과)는 계열 상관없이 학생의 진로와 적성에 따라 과목 선택하여 이수하도록 권장함.",한국대학교육협의회·대입정보포털 어디가,2028학년도 권역별 대학별 권장과목(반영과목),https://www.adiga.kr/uct/ces/archiveView.do?menuId=PCUCTCES1000&prtlBbsId=26634,,중부권 / 대전 / 상위단위: 건설환경디자인대학,건축학과(5년제)|건설환경디자인대학
국립한밭대,도시공학과,2028,2028 공식자료,건설환경디자인대학,"수학, 과학",,"*관련 교과(군)을 제시하지 않은 모집단위(융합자율대학, 야간학과)는 계열 상관없이 학생의 진로와 적성에 따라 과목 선택하여 이수하도록 권장함.",한국대학교육협의회·대입정보포털 어디가,2028학년도 권역별 대학별 권장과목(반영과목),https://www.adiga.kr/uct/ces/archiveView.do?menuId=PCUCTCES1000&prtlBbsId=26634,,중부권 / 대전 / 상위단위: 건설환경디자인대학,도시공학과|도시공학|건설환경디자인대학
국립한밭대,산업디자인학과,2028,2028 공식자료,건설환경디자인대학,"국어, 영어",,"*관련 교과(군)을 제시하지 않은 모집단위(융합자율대학, 야간학과)는 계열 상관없이 학생의 진로와 적성에 따라 과목 선택하여 이수하도록 권장함.",한국대학교육협의회·대입정보포털 어디가,2028학년도 권역별 대학별 권장과목(반영과목),https://www.adiga.kr/uct/ces/archiveView.do?menuId=PCUCTCES1000&prtlBbsId=26634,,중부권 / 대전 / 상위단위: 건설환경디자인대학,산업디자인학과|산업디자인학|건설환경디자인대학
국립한밭대,시각·영상디자인학과,2028,2028 공식자료,건설환경디자인대학,"국어, 영어",,"*관련 교과(군)을 제시하지 않은 모집단위(융합자율대학, 야간학과)는 계열 상관없이 학생의 진로와 적성에 따라 과목 선택하여 이수하도록 권장함.",한국대학교육협의회·대입정보포털 어디가,2028학년도 권역별 대학별 권장과목(반영과목),https://www.adiga.kr/uct/ces/archiveView.do?menuId=PCUCTCES1000&prtlBbsId=26634,,중부권 / 대전 / 상위단위: 건설환경디자인대학,시각·영상디자인학과|시각·영상디자인학|건설환경디자인대학
국립한밭대,공공행정학과,2028,2028 공식자료,인문사회대학,"영어, 사회(역사/도덕 포함)",,"*관련 교과(군)을 제시하지 않은 모집단위(융합자율대학, 야간학과)는 계열 상관없이 학생의 진로와 적성에 따라 과목 선택하여 이수하도록 권장함.",한국대학교육협의회·대입정보포털 어디가,2028학년도 권역별 대학별 권장과목(반영과목),https://www.adiga.kr/uct/ces/archiveView.do?menuId=PCUCTCES1000&prtlBbsId=26634,,중부권 / 대전 / 상위단위: 인문사회대학,공공행정학과|공공행정학|인문사회대학
국립한밭대,영어영문학과,2028,2028 공식자료,인문사회대학,"영어, 사회(역사/도덕 포함)",,"*관련 교과(군)을 제시하지 않은 모집단위(융합자율대학, 야간학과)는 계열 상관없이 학생의 진로와 적성에 따라 과목 선택하여 이수하도록 권장함.",한국대학교육협의회·대입정보포털 어디가,2028학년도 권역별 대학별 권장과목(반영과목),https://www.adiga.kr/uct/ces/archiveView.do?menuId=PCUCTCES1000&prtlBbsId=26634,,중부권 / 대전 / 상위단위: 인문사회대학,영어영문학과|영어영문학|인문사회대학
국립한밭대,일본어과,2028,2028 공식자료,인문사회대학,"영어, 사회(역사/도덕 포함)",,"*관련 교과(군)을 제시하지 않은 모집단위(융합자율대학, 야간학과)는 계열 상관없이 학생의 진로와 적성에 따라 과목 선택하여 이수하도록 권장함.",한국대학교육협의회·대입정보포털 어디가,2028학년도 권역별 대학별 권장과목(반영과목),https://www.adiga.kr/uct/ces/archiveView.do?menuId=PCUCTCES1000&prtlBbsId=26634,,중부권 / 대전 / 상위단위: 인문사회대학,일본어과|인문사회대학
국립한밭대,중국어과,2028,2028 공식자료,인문사회대학,"영어, 사회(역사/도덕 포함)",,"*관련 교과(군)을 제시하지 않은 모집단위(융합자율대학, 야간학과)는 계열 상관없이 학생의 진로와 적성에 따라 과목 선택하여 이수하도록 권장함.",한국대학교육협의회·대입정보포털 어디가,2028학년도 권역별 대학별 권장과목(반영과목),https://www.adiga.kr/uct/ces/archiveView.do?menuId=PCUCTCES1000&prtlBbsId=26634,,중부권 / 대전 / 상위단위: 인문사회대학,중국어과|인문사회대학
국립한밭대,경제학과,2028,2028 공식자료,경상대학,"수학, 사회(역사/도덕 포함)",,"*관련 교과(군)을 제시하지 않은 모집단위(융합자율대학, 야간학과)는 계열 상관없이 학생의 진로와 적성에 따라 과목 선택하여 이수하도록 권장함.",한국대학교육협의회·대입정보포털 어디가,2028학년도 권역별 대학별 권장과목(반영과목),https://www.adiga.kr/uct/ces/archiveView.do?menuId=PCUCTCES1000&prtlBbsId=26634,,중부권 / 대전 / 상위단위: 경상대학,경제학과|경제학|경상대학|경제
국립한밭대,융합경영학과,2028,2028 공식자료,경상대학,"영어, 사회(역사/도덕 포함)",,"*관련 교과(군)을 제시하지 않은 모집단위(융합자율대학, 야간학과)는 계열 상관없이 학생의 진로와 적성에 따라 과목 선택하여 이수하도록 권장함.",한국대학교육협의회·대입정보포털 어디가,2028학년도 권역별 대학별 권장과목(반영과목),https://www.adiga.kr/uct/ces/archiveView.do?menuId=PCUCTCES1000&prtlBbsId=26634,,중부권 / 대전 / 상위단위: 경상대학,융합경영학과|융합경영학|경상대학|경영학|경영
국립한밭대,회계사무학과,2028,2028 공식자료,경상대학,"수학, 사회(역사/도덕 포함)",,"*관련 교과(군)을 제시하지 않은 모집단위(융합자율대학, 야간학과)는 계열 상관없이 학생의 진로와 적성에 따라 과목 선택하여 이수하도록 권장함.",한국대학교육협의회·대입정보포털 어디가,2028학년도 권역별 대학별 권장과목(반영과목),https://www.adiga.kr/uct/ces/archiveView.do?menuId=PCUCTCES1000&prtlBbsId=26634,,중부권 / 대전 / 상위단위: 경상대학,회계사무학과|회계사무학|경상대학
대전가톨릭대,신학과,2028,2028 공식자료,,"국어, 수학, 영어, 사회, 과학, 한국사",,"공통과목, 일반선택, 진로선택, 전문교과",한국대학교육협의회·대입정보포털 어디가,2028학년도 권역별 대학별 권장과목(반영과목),https://www.adiga.kr/uct/ces/archiveView.do?menuId=PCUCTCES1000&prtlBbsId=26634,,중부권 / 대전,신학과|신학
충남대,인문대학,2028,2028 공식자료,,"국어, 영어, 제2외국어/한문",,"-국어, 영어: 2",한국대학교육협의회·대입정보포털 어디가,2028학년도 권역별 대학별 권장과목(반영과목),https://www.adiga.kr/uct/ces/archiveView.do?menuId=PCUCTCES1000&prtlBbsId=26634,,중부권 / 대전,인문대학
충남대,"사범대학(국어교육과, 영어교육과, 교육학과)",2028,2028 공식자료,,"국어, 영어, 제2외국어/한문",,"-국어, 영어: 2",한국대학교육협의회·대입정보포털 어디가,2028학년도 권역별 대학별 권장과목(반영과목),https://www.adiga.kr/uct/ces/archiveView.do?menuId=PCUCTCES1000&prtlBbsId=26634,,중부권 / 대전,"사범대학(국어교육과, 영어교육과, 교육학과)"
충남대,국가안보융합학부,2028,2028 공식자료,,"국어, 영어, 사회",,"-국어, 영어, 사회: 2",한국대학교육협의회·대입정보포털 어디가,2028학년도 권역별 대학별 권장과목(반영과목),https://www.adiga.kr/uct/ces/archiveView.do?menuId=PCUCTCES1000&prtlBbsId=26634,,중부권 / 대전,국가안보융합학부|국가안보융합
충남대,"사회과학대학(사회학과, 심리학과, 사회복지학과, 행정학부 제외)",2028,2028 공식자료,,"국어, 영어, 사회",,"-국어, 영어, 사회: 2",한국대학교육협의회·대입정보포털 어디가,2028학년도 권역별 대학별 권장과목(반영과목),https://www.adiga.kr/uct/ces/archiveView.do?menuId=PCUCTCES1000&prtlBbsId=26634,,중부권 / 대전,"사회과학대학(사회학과, 심리학과, 사회복지학과, 행정학부 제외)"
충남대,사회학과,2028,2028 공식자료,사회과학대학,"국어, 영어, 사회, 확률과 통계",,"-국어, 영어, 사회: 2",한국대학교육협의회·대입정보포털 어디가,2028학년도 권역별 대학별 권장과목(반영과목),https://www.adiga.kr/uct/ces/archiveView.do?menuId=PCUCTCES1000&prtlBbsId=26634,,중부권 / 대전 / 상위단위: 사회과학대학,사회학과|사회학|사회과학대학
충남대,심리학과,2028,2028 공식자료,사회과학대학,"국어, 영어, 사회, 확률과 통계",,"-국어, 영어, 사회: 2",한국대학교육협의회·대입정보포털 어디가,2028학년도 권역별 대학별 권장과목(반영과목),https://www.adiga.kr/uct/ces/archiveView.do?menuId=PCUCTCES1000&prtlBbsId=26634,,중부권 / 대전 / 상위단위: 사회과학대학,심리학과|심리학|사회과학대학
충남대,사회복지학과,2028,2028 공식자료,사회과학대학,"국어, 영어, 사회, 확률과 통계",,"-국어, 영어, 사회: 2",한국대학교육협의회·대입정보포털 어디가,2028학년도 권역별 대학별 권장과목(반영과목),https://www.adiga.kr/uct/ces/archiveView.do?menuId=PCUCTCES1000&prtlBbsId=26634,,중부권 / 대전 / 상위단위: 사회과학대학,사회복지학과|사회복지학|사회과학대학
충남대,행정학부,2028,2028 공식자료,사회과학대학,"국어, 영어, 사회, 확률과 통계",,"-국어, 영어, 사회: 2",한국대학교육협의회·대입정보포털 어디가,2028학년도 권역별 대학별 권장과목(반영과목),https://www.adiga.kr/uct/ces/archiveView.do?menuId=PCUCTCES1000&prtlBbsId=26634,,중부권 / 대전 / 상위단위: 사회과학대학,행정학부|행정|사회과학대학
충남대,"수학과, 정보통계학과, 물리학과, 천문우주과학과 제외 모집단위",2028,2028 공식자료,자연과학대학,"대수, 미적분Ⅰ, 확률과 통계, 과학",,-과학: 일반선택 과목 이수 후 진로선택 과목 1과목 이상,한국대학교육협의회·대입정보포털 어디가,2028학년도 권역별 대학별 권장과목(반영과목),https://www.adiga.kr/uct/ces/archiveView.do?menuId=PCUCTCES1000&prtlBbsId=26634,,중부권 / 대전 / 상위단위: 자연과학대학,"수학과, 정보통계학과, 물리학과, 천문우주과학과 제외 모집단위|자연과학대학"
충남대,수학과,2028,2028 공식자료,자연과학대학,"대수, 미적분Ⅰ, 확률과 통계, 기하, 미적분Ⅱ, 과학",,-과학: 일반선택 과목 이수 후 진로선택 과목 1과목 이상,한국대학교육협의회·대입정보포털 어디가,2028학년도 권역별 대학별 권장과목(반영과목),https://www.adiga.kr/uct/ces/archiveView.do?menuId=PCUCTCES1000&prtlBbsId=26634,,중부권 / 대전 / 상위단위: 자연과학대학,수학과|수학|자연과학대학
충남대,정보통계학과,2028,2028 공식자료,자연과학대학,"대수, 미적분Ⅰ, 확률과 통계, 기하, 미적분Ⅱ, 과학",,-과학: 일반선택 과목 이수 후 진로선택 과목 1과목 이상,한국대학교육협의회·대입정보포털 어디가,2028학년도 권역별 대학별 권장과목(반영과목),https://www.adiga.kr/uct/ces/archiveView.do?menuId=PCUCTCES1000&prtlBbsId=26634,,중부권 / 대전 / 상위단위: 자연과학대학,정보통계학과|정보통계학|자연과학대학
충남대,물리학과,2028,2028 공식자료,자연과학대학,"대수, 미적분Ⅰ, 확률과 통계, 기하, 미적분Ⅱ, 과학",,-과학: 일반선택 과목 이수 후 진로선택 과목 1과목 이상,한국대학교육협의회·대입정보포털 어디가,2028학년도 권역별 대학별 권장과목(반영과목),https://www.adiga.kr/uct/ces/archiveView.do?menuId=PCUCTCES1000&prtlBbsId=26634,,중부권 / 대전 / 상위단위: 자연과학대학,물리학과|물리학|자연과학대학
충남대,천문우주과학과,2028,2028 공식자료,자연과학대학,"대수, 미적분Ⅰ, 확률과 통계, 미적분Ⅱ, 과학",,-과학: 일반선택 과목 이수 후 진로선택 과목 1과목 이상,한국대학교육협의회·대입정보포털 어디가,2028학년도 권역별 대학별 권장과목(반영과목),https://www.adiga.kr/uct/ces/archiveView.do?menuId=PCUCTCES1000&prtlBbsId=26634,,중부권 / 대전 / 상위단위: 자연과학대학,천문우주과학과|천문우주과학|자연과학대학
충남대,경상대학,2028,2028 공식자료,,"확률과 통계, 영어",,-영어: 2,한국대학교육협의회·대입정보포털 어디가,2028학년도 권역별 대학별 권장과목(반영과목),https://www.adiga.kr/uct/ces/archiveView.do?menuId=PCUCTCES1000&prtlBbsId=26634,,중부권 / 대전,경상대학
충남대,공과대학,2028,2028 공식자료,,"대수, 미적분Ⅰ, 확률과 통계, 미적분Ⅱ, 과학",,-과학: 일반선택 과목 이수 후 진로선택 과목 1과목 이상,한국대학교육협의회·대입정보포털 어디가,2028학년도 권역별 대학별 권장과목(반영과목),https://www.adiga.kr/uct/ces/archiveView.do?menuId=PCUCTCES1000&prtlBbsId=26634,,중부권 / 대전,공과대학
충남대,의과대학,2028,2028 공식자료,,"대수, 미적분Ⅰ, 확률과 통계, 기하, 미적분Ⅱ, 화학, 생명과학, 물질과 에너지, 화학 반응의 세계, 세포와 물질대사, 생물의 유전",,"-물질과 에너지, 화학 반응의 세계, 세포와 물질대사, 생물의 유전 중 2과목 이상",한국대학교육협의회·대입정보포털 어디가,2028학년도 권역별 대학별 권장과목(반영과목),https://www.adiga.kr/uct/ces/archiveView.do?menuId=PCUCTCES1000&prtlBbsId=26634,,중부권 / 대전,의과대학
충남대,약학대학,2028,2028 공식자료,,"대수, 미적분Ⅰ, 확률과 통계, 기하, 미적분Ⅱ, 화학, 생명과학, 물질과 에너지, 화학 반응의 세계, 세포와 물질대사, 생물의 유전",,"-물질과 에너지, 화학 반응의 세계, 세포와 물질대사, 생물의 유전 중 2과목 이상",한국대학교육협의회·대입정보포털 어디가,2028학년도 권역별 대학별 권장과목(반영과목),https://www.adiga.kr/uct/ces/archiveView.do?menuId=PCUCTCES1000&prtlBbsId=26634,,중부권 / 대전,약학대학
충남대,수의과대학,2028,2028 공식자료,,"대수, 미적분Ⅰ, 확률과 통계, 기하, 미적분Ⅱ, 화학, 생명과학, 물질과 에너지, 화학 반응의 세계, 세포와 물질대사, 생물의 유전",,"-물질과 에너지, 화학 반응의 세계, 세포와 물질대사, 생물의 유전 중 2과목 이상",한국대학교육협의회·대입정보포털 어디가,2028학년도 권역별 대학별 권장과목(반영과목),https://www.adiga.kr/uct/ces/archiveView.do?menuId=PCUCTCES1000&prtlBbsId=26634,,중부권 / 대전,수의과대학
충남대,소비자학과,2028,2028 공식자료,생활과학대학,영어,,2과목 이상,한국대학교육협의회·대입정보포털 어디가,2028학년도 권역별 대학별 권장과목(반영과목),https://www.adiga.kr/uct/ces/archiveView.do?menuId=PCUCTCES1000&prtlBbsId=26634,,중부권 / 대전 / 상위단위: 생활과학대학,소비자학과|소비자학|생활과학대학
충남대,의류학과,2028,2028 공식자료,생활과학대학,영어,,2과목 이상,한국대학교육협의회·대입정보포털 어디가,2028학년도 권역별 대학별 권장과목(반영과목),https://www.adiga.kr/uct/ces/archiveView.do?menuId=PCUCTCES1000&prtlBbsId=26634,,중부권 / 대전 / 상위단위: 생활과학대학,의류학과|의류학|생활과학대학
충남대,식품영양학과,2028,2028 공식자료,생활과학대학,"영어, 대수, 미적분Ⅰ, 확률과 통계, 과학",,-영어: 2과목 이상,한국대학교육협의회·대입정보포털 어디가,2028학년도 권역별 대학별 권장과목(반영과목),https://www.adiga.kr/uct/ces/archiveView.do?menuId=PCUCTCES1000&prtlBbsId=26634,,중부권 / 대전 / 상위단위: 생활과학대학,식품영양학과|식품영양학|생활과학대학
충남대,수학교육과,2028,2028 공식자료,사범대학,"대수, 미적분Ⅰ, 확률과 통계, 기하, 미적분Ⅱ, 과학",,-과학: 일반선택 과목 이수 후 진로(융합)선택 과목 1과목 이상,한국대학교육협의회·대입정보포털 어디가,2028학년도 권역별 대학별 권장과목(반영과목),https://www.adiga.kr/uct/ces/archiveView.do?menuId=PCUCTCES1000&prtlBbsId=26634,,중부권 / 대전 / 상위단위: 사범대학,수학교육과|사범대학
충남대,건설공학교육과,2028,2028 공식자료,사범대학,"대수, 미적분Ⅰ, 확률과 통계, 과학",,-과학: 일반선택 과목 이수 후 진로선택 과목 1과목 이상,한국대학교육협의회·대입정보포털 어디가,2028학년도 권역별 대학별 권장과목(반영과목),https://www.adiga.kr/uct/ces/archiveView.do?menuId=PCUCTCES1000&prtlBbsId=26634,,중부권 / 대전 / 상위단위: 사범대학,건설공학교육과|사범대학
충남대,기계공학교육과,2028,2028 공식자료,사범대학,"대수, 미적분Ⅰ, 확률과 통계, 과학",,-과학: 일반선택 과목 이수 후 진로선택 과목 1과목 이상,한국대학교육협의회·대입정보포털 어디가,2028학년도 권역별 대학별 권장과목(반영과목),https://www.adiga.kr/uct/ces/archiveView.do?menuId=PCUCTCES1000&prtlBbsId=26634,,중부권 / 대전 / 상위단위: 사범대학,기계공학교육과|사범대학
충남대,전기·전자·통신공학교육과,2028,2028 공식자료,사범대학,"대수, 미적분Ⅰ, 확률과 통계, 과학",,-과학: 일반선택 과목 이수 후 진로선택 과목 1과목 이상,한국대학교육협의회·대입정보포털 어디가,2028학년도 권역별 대학별 권장과목(반영과목),https://www.adiga.kr/uct/ces/archiveView.do?menuId=PCUCTCES1000&prtlBbsId=26634,,중부권 / 대전 / 상위단위: 사범대학,전기·전자·통신공학교육과|사범대학
충남대,화학공학교육과,2028,2028 공식자료,사범대학,"대수, 미적분Ⅰ, 확률과 통계, 과학",,-과학: 일반선택 과목 이수 후 진로선택 과목 1과목 이상,한국대학교육협의회·대입정보포털 어디가,2028학년도 권역별 대학별 권장과목(반영과목),https://www.adiga.kr/uct/ces/archiveView.do?menuId=PCUCTCES1000&prtlBbsId=26634,,중부권 / 대전 / 상위단위: 사범대학,화학공학교육과|사범대학
충남대,기술교육과,2028,2028 공식자료,사범대학,"대수, 미적분Ⅰ, 확률과 통계, 과학",,-과학: 일반선택 과목 이수 후 진로선택 과목 1과목 이상,한국대학교육협의회·대입정보포털 어디가,2028학년도 권역별 대학별 권장과목(반영과목),https://www.adiga.kr/uct/ces/archiveView.do?menuId=PCUCTCES1000&prtlBbsId=26634,,중부권 / 대전 / 상위단위: 사범대학,기술교육과|사범대학
충남대,간호대학,2028,2028 공식자료,,"대수, 미적분Ⅰ, 확률과 통계, 생명과학, 세포와 물질대사, 생물의 유전",,"*세포와 물질대사, 생물의 유전 중 1과목 이상",한국대학교육협의회·대입정보포털 어디가,2028학년도 권역별 대학별 권장과목(반영과목),https://www.adiga.kr/uct/ces/archiveView.do?menuId=PCUCTCES1000&prtlBbsId=26634,,중부권 / 대전,간호대학
충남대,생명시스템과학대학,2028,2028 공식자료,,"대수, 미적분Ⅰ, 확률과 통계, 미적분Ⅱ, 화학,생명과학, 물질과 에너지, 화학 반응의 세계, 세포와 물질대사, 생물의 유전",,"*물질과 에너지, 화학 반응의 세계, 세포와 물질대사, 생물의 유전: 2과목 이상",한국대학교육협의회·대입정보포털 어디가,2028학년도 권역별 대학별 권장과목(반영과목),https://www.adiga.kr/uct/ces/archiveView.do?menuId=PCUCTCES1000&prtlBbsId=26634,,중부권 / 대전,생명시스템과학대학
충남대,지식융합학부,2028,2028 공식자료,,"영어, 확률과 통계",,-영어: 2,한국대학교육협의회·대입정보포털 어디가,2028학년도 권역별 대학별 권장과목(반영과목),https://www.adiga.kr/uct/ces/archiveView.do?menuId=PCUCTCES1000&prtlBbsId=26634,,중부권 / 대전,지식융합학부|지식융합
충남대,국제학부,2028,2028 공식자료,,영어,,3과목 이상,한국대학교육협의회·대입정보포털 어디가,2028학년도 권역별 대학별 권장과목(반영과목),https://www.adiga.kr/uct/ces/archiveView.do?menuId=PCUCTCES1000&prtlBbsId=26634,,중부권 / 대전,국제학부|국제
충남대,인문사회융합학부,2028,2028 공식자료,,"국어, 영어, 사회(역사/도덕 포함), 확률과 통계",,"-국어, 영어, 사회: 각 교과별 2과목 이상",한국대학교육협의회·대입정보포털 어디가,2028학년도 권역별 대학별 권장과목(반영과목),https://www.adiga.kr/uct/ces/archiveView.do?menuId=PCUCTCES1000&prtlBbsId=26634,,중부권 / 대전,인문사회융합학부|인문사회융합
충남대,자연과학융합학부,2028,2028 공식자료,,"대수, 미적분Ⅰ, 확률과 통계, 과학",,-과학: 일반선택 과목 이수 후 진로선택 과목 1과목 이상,한국대학교육협의회·대입정보포털 어디가,2028학년도 권역별 대학별 권장과목(반영과목),https://www.adiga.kr/uct/ces/archiveView.do?menuId=PCUCTCES1000&prtlBbsId=26634,,중부권 / 대전,자연과학융합학부|자연과학융합
충남대,공학융합학부,2028,2028 공식자료,,"대수, 미적분Ⅰ, 확률과 통계, 미적분Ⅱ, 과학",,-과학: 일반선택 과목 이수 후 진로선택 과목 1과목 이상,한국대학교육협의회·대입정보포털 어디가,2028학년도 권역별 대학별 권장과목(반영과목),https://www.adiga.kr/uct/ces/archiveView.do?menuId=PCUCTCES1000&prtlBbsId=26634,,중부권 / 대전,공학융합학부|공학융합
충남대,농업경제학과,2028,2028 공식자료,영농창업인재전형 농업생명과학대학,"영어, 사회(역사/도덕 포함), 확률과 통계",,"-영어, 사회: 각 교과별 2과목 이상",한국대학교육협의회·대입정보포털 어디가,2028학년도 권역별 대학별 권장과목(반영과목),https://www.adiga.kr/uct/ces/archiveView.do?menuId=PCUCTCES1000&prtlBbsId=26634,,중부권 / 대전 / 상위단위: 영농창업인재전형 농업생명과학대학,농업경제학과|농업경제학|영농창업인재전형 농업생명과학대학|경제학|경제
충남대,원예학과,2028,2028 공식자료,영농창업인재전형 농업생명과학대학,"영어, 대수, 미적분Ⅰ, 확률과 통계, 과학",,-영어: 2과목 이상,한국대학교육협의회·대입정보포털 어디가,2028학년도 권역별 대학별 권장과목(반영과목),https://www.adiga.kr/uct/ces/archiveView.do?menuId=PCUCTCES1000&prtlBbsId=26634,,중부권 / 대전 / 상위단위: 영농창업인재전형 농업생명과학대학,원예학과|원예학|영농창업인재전형 농업생명과학대학
충남대,생물환경화학과,2028,2028 공식자료,영농창업인재전형 농업생명과학대학,"영어, 대수, 미적분Ⅰ, 확률과 통계, 과학",,-영어: 2과목 이상,한국대학교육협의회·대입정보포털 어디가,2028학년도 권역별 대학별 권장과목(반영과목),https://www.adiga.kr/uct/ces/archiveView.do?menuId=PCUCTCES1000&prtlBbsId=26634,,중부권 / 대전 / 상위단위: 영농창업인재전형 농업생명과학대학,생물환경화학과|생물환경화학|영농창업인재전형 농업생명과학대학
충남대,농업생명과학대학(농업경제학과 진로희망자 제외),2028,2028 공식자료,,"대수, 미적분Ⅰ, 확률과 통계, 기하, 미적분Ⅱ, 과학",,"*기하, 미적분Ⅱ: 적성과 진로에 맞게 이수 -과학: 일반선택 과목 이수 후 진로선택 과목 1과목 이상",한국대학교육협의회·대입정보포털 어디가,2028학년도 권역별 대학별 권장과목(반영과목),https://www.adiga.kr/uct/ces/archiveView.do?menuId=PCUCTCES1000&prtlBbsId=26634,,중부권 / 대전,농업생명과학대학(농업경제학과 진로희망자 제외)|경제학|경제
충남대,농업경제학과 진로희망자,2028,2028 공식자료,농업생명과학대학,"영어, 사회(역사/도덕 포함), 확률과 통계",,"-영어, 사회: 각 교과별 2과목 이상",한국대학교육협의회·대입정보포털 어디가,2028학년도 권역별 대학별 권장과목(반영과목),https://www.adiga.kr/uct/ces/archiveView.do?menuId=PCUCTCES1000&prtlBbsId=26634,,중부권 / 대전 / 상위단위: 농업생명과학대학,농업경제학과 진로희망자|농업생명과학대학|경제학|경제
강원대 (춘천),간호학과,2028,2028 공식자료,간호대학,생명과학,"영어, 수학, 과학",,한국대학교육협의회·대입정보포털 어디가,2028학년도 권역별 대학별 권장과목(반영과목),https://www.adiga.kr/uct/ces/archiveView.do?menuId=PCUCTCES1000&prtlBbsId=26634,,중부권 / 강원 / 상위단위: 간호대학,간호학과|간호학|간호대학|간호
강원대 (춘천),경영·회계학부,2028,2028 공식자료,경영대학,"화법과 언어, 독서와 작문, 영어Ⅰ, 영어Ⅱ, 영어독해와 작문, 미적분Ⅰ, 확률과 통계","국어, 영어, 수학",,한국대학교육협의회·대입정보포털 어디가,2028학년도 권역별 대학별 권장과목(반영과목),https://www.adiga.kr/uct/ces/archiveView.do?menuId=PCUCTCES1000&prtlBbsId=26634,,중부권 / 강원 / 상위단위: 경영대학,경영·회계학부|경영·회계|경영대학
강원대 (춘천),경제·정보통계학부,2028,2028 공식자료,경영대학,"미적분Ⅰ, 확률과 통계, 사회와 문화, 경제","국어, 영어, 수학, 사회",,한국대학교육협의회·대입정보포털 어디가,2028학년도 권역별 대학별 권장과목(반영과목),https://www.adiga.kr/uct/ces/archiveView.do?menuId=PCUCTCES1000&prtlBbsId=26634,,중부권 / 강원 / 상위단위: 경영대학,경제·정보통계학부|경제·정보통계|경영대학
강원대 (춘천),관광경영학과,2028,2028 공식자료,경영대학,"확률과 통계, 세계사, 사회와 문화, 세계시민과 지리, 한국지리","국어, 영어, 수학, 사회, 제2외국어",제2외국어는 과목 제한 없음,한국대학교육협의회·대입정보포털 어디가,2028학년도 권역별 대학별 권장과목(반영과목),https://www.adiga.kr/uct/ces/archiveView.do?menuId=PCUCTCES1000&prtlBbsId=26634,,중부권 / 강원 / 상위단위: 경영대학,관광경영학과|관광경영학|경영대학|경영학|경영
강원대 (춘천),국제무역학과,2028,2028 공식자료,경영대학,"화법과 언어, 독서와 작문, 영어Ⅰ, 영어Ⅱ, 영어독해와 작문, 사회와 문화, 경제, 정치, 법과 사회","국어, 영어, 사회",,한국대학교육협의회·대입정보포털 어디가,2028학년도 권역별 대학별 권장과목(반영과목),https://www.adiga.kr/uct/ces/archiveView.do?menuId=PCUCTCES1000&prtlBbsId=26634,,중부권 / 강원 / 상위단위: 경영대학,국제무역학과|국제무역학|경영대학
강원대 (춘천),생물자원 과학부,2028,2028 공식자료,농업생명과학대학,"생명과학, 화학",과학,,한국대학교육협의회·대입정보포털 어디가,2028학년도 권역별 대학별 권장과목(반영과목),https://www.adiga.kr/uct/ces/archiveView.do?menuId=PCUCTCES1000&prtlBbsId=26634,,중부권 / 강원 / 상위단위: 농업생명과학대학,생물자원 과학부|생물자원 과|농업생명과학대학
강원대 (춘천),스마트팜융합바이오시스템공학과,2028,2028 공식자료,농업생명과학대학,"영어Ⅰ, 영어Ⅱ, 영어독해와 작문, 미적분Ⅰ, 물리학","영어, 수학, 과학",,한국대학교육협의회·대입정보포털 어디가,2028학년도 권역별 대학별 권장과목(반영과목),https://www.adiga.kr/uct/ces/archiveView.do?menuId=PCUCTCES1000&prtlBbsId=26634,,중부권 / 강원 / 상위단위: 농업생명과학대학,스마트팜융합바이오시스템공학과|스마트팜융합바이오시스템공학|농업생명과학대학
강원대 (춘천),식품생명공학과,2028,2028 공식자료,농업생명과학대학,"미적분Ⅰ, 확률과 통계, 물리학, 생명과학, 화학","수학, 과학",,한국대학교육협의회·대입정보포털 어디가,2028학년도 권역별 대학별 권장과목(반영과목),https://www.adiga.kr/uct/ces/archiveView.do?menuId=PCUCTCES1000&prtlBbsId=26634,,중부권 / 강원 / 상위단위: 농업생명과학대학,식품생명공학과|식품생명공학|농업생명과학대학|생명공학|바이오공학|바이오
강원대 (춘천),원예학과,2028,2028 공식자료,농업생명과학대학,"생명과학, 화학",과학,,한국대학교육협의회·대입정보포털 어디가,2028학년도 권역별 대학별 권장과목(반영과목),https://www.adiga.kr/uct/ces/archiveView.do?menuId=PCUCTCES1000&prtlBbsId=26634,,중부권 / 강원 / 상위단위: 농업생명과학대학,원예학과|원예학|농업생명과학대학
강원대 (춘천),식품자원경제학과,2028,2028 공식자료,농업생명과학대학,"확률과 통계, 사회와 문화","국어, 수학, 사회",,한국대학교육협의회·대입정보포털 어디가,2028학년도 권역별 대학별 권장과목(반영과목),https://www.adiga.kr/uct/ces/archiveView.do?menuId=PCUCTCES1000&prtlBbsId=26634,,중부권 / 강원 / 상위단위: 농업생명과학대학,식품자원경제학과|식품자원경제학|농업생명과학대학|경제학|경제
강원대 (춘천),지역건설공학과,2028,2028 공식자료,농업생명과학대학,"영어Ⅰ, 영어Ⅱ, 영어독해와 작문, 미적분Ⅰ, 물리학","영어, 수학, 과학",,한국대학교육협의회·대입정보포털 어디가,2028학년도 권역별 대학별 권장과목(반영과목),https://www.adiga.kr/uct/ces/archiveView.do?menuId=PCUCTCES1000&prtlBbsId=26634,,중부권 / 강원 / 상위단위: 농업생명과학대학,지역건설공학과|지역건설공학|농업생명과학대학
강원대 (춘천),생명․환경융합학부,2028,2028 공식자료,농업생명과학대학,"생명과학, 화학, 물리학, 지구과학",과학,,한국대학교육협의회·대입정보포털 어디가,2028학년도 권역별 대학별 권장과목(반영과목),https://www.adiga.kr/uct/ces/archiveView.do?menuId=PCUCTCES1000&prtlBbsId=26634,,중부권 / 강원 / 상위단위: 농업생명과학대학,생명․환경융합학부|생명․환경융합|농업생명과학대학
강원대 (춘천),동물산업융합학과,2028,2028 공식자료,동물생명과학대학,"영어Ⅰ, 영어Ⅱ, 영어 독해와 작문, 확률과 통계, 생명과학, 화학","영어, 수학, 과학",,한국대학교육협의회·대입정보포털 어디가,2028학년도 권역별 대학별 권장과목(반영과목),https://www.adiga.kr/uct/ces/archiveView.do?menuId=PCUCTCES1000&prtlBbsId=26634,,중부권 / 강원 / 상위단위: 동물생명과학대학,동물산업융합학과|동물산업융합학|동물생명과학대학
강원대 (춘천),동물응용과학과,2028,2028 공식자료,동물생명과학대학,"영어 독해와 작문, 영어 발표와 토론, 생명과학, 화학","영어, 수학, 과학",,한국대학교육협의회·대입정보포털 어디가,2028학년도 권역별 대학별 권장과목(반영과목),https://www.adiga.kr/uct/ces/archiveView.do?menuId=PCUCTCES1000&prtlBbsId=26634,,중부권 / 강원 / 상위단위: 동물생명과학대학,동물응용과학과|동물응용과학|동물생명과학대학
강원대 (춘천),동물자원과학과,2028,2028 공식자료,동물생명과학대학,"확률과 통계, 생명과학, 화학","영어, 수학, 과학",,한국대학교육협의회·대입정보포털 어디가,2028학년도 권역별 대학별 권장과목(반영과목),https://www.adiga.kr/uct/ces/archiveView.do?menuId=PCUCTCES1000&prtlBbsId=26634,,중부권 / 강원 / 상위단위: 동물생명과학대학,동물자원과학과|동물자원과학|동물생명과학대학
강원대 (춘천),건축공학과,2028,2028 공식자료,문화예술·공과대학,"미적분, 기하, 물리학, 정보, 인공지능 기초","수학, 과학, 기술·가정/정보",,한국대학교육협의회·대입정보포털 어디가,2028학년도 권역별 대학별 권장과목(반영과목),https://www.adiga.kr/uct/ces/archiveView.do?menuId=PCUCTCES1000&prtlBbsId=26634,,중부권 / 강원 / 상위단위: 문화예술·공과대학,건축공학과|건축공학|문화예술·공과대학
강원대 (춘천),건축학과(5년제),2028,2028 공식자료,문화예술·공과대학,"영어 독해와 작문, 영어 발표와 토론, 미적분, 물리학","영어, 수학, 과학",,한국대학교육협의회·대입정보포털 어디가,2028학년도 권역별 대학별 권장과목(반영과목),https://www.adiga.kr/uct/ces/archiveView.do?menuId=PCUCTCES1000&prtlBbsId=26634,,중부권 / 강원 / 상위단위: 문화예술·공과대학,건축학과(5년제)|문화예술·공과대학
강원대 (춘천),기계융합공학부,2028,2028 공식자료,문화예술·공과대학,"물리학, 화학","영어, 수학, 과학",,한국대학교육협의회·대입정보포털 어디가,2028학년도 권역별 대학별 권장과목(반영과목),https://www.adiga.kr/uct/ces/archiveView.do?menuId=PCUCTCES1000&prtlBbsId=26634,,중부권 / 강원 / 상위단위: 문화예술·공과대학,기계융합공학부|기계융합공|문화예술·공과대학
강원대 (춘천),배터리융합공학과,2028,2028 공식자료,문화예술·공과대학,"미적분, 물리학, 화학","영어, 수학, 과학",,한국대학교육협의회·대입정보포털 어디가,2028학년도 권역별 대학별 권장과목(반영과목),https://www.adiga.kr/uct/ces/archiveView.do?menuId=PCUCTCES1000&prtlBbsId=26634,,중부권 / 강원 / 상위단위: 문화예술·공과대학,배터리융합공학과|배터리융합공학|문화예술·공과대학
강원대 (춘천),스마트산업공학과,2028,2028 공식자료,문화예술·공과대학,"미적분, 확률과 통계","영어, 수학, 과학",,한국대학교육협의회·대입정보포털 어디가,2028학년도 권역별 대학별 권장과목(반영과목),https://www.adiga.kr/uct/ces/archiveView.do?menuId=PCUCTCES1000&prtlBbsId=26634,,중부권 / 강원 / 상위단위: 문화예술·공과대학,스마트산업공학과|스마트산업공학|문화예술·공과대학|산업공학|산공
강원대 (춘천),에너지자원공학과,2028,2028 공식자료,문화예술·공과대학,"영어 독해와 작문, 영어 발표와 토론, 미적분, 물리학, 화학, 지구과학","영어, 수학, 과학",,한국대학교육협의회·대입정보포털 어디가,2028학년도 권역별 대학별 권장과목(반영과목),https://www.adiga.kr/uct/ces/archiveView.do?menuId=PCUCTCES1000&prtlBbsId=26634,,중부권 / 강원 / 상위단위: 문화예술·공과대학,에너지자원공학과|에너지자원공학|문화예술·공과대학
강원대 (춘천),토목공학과,2028,2028 공식자료,문화예술·공과대학,"영어 독해와 작문, 영어 발표와 토론, 미적분, 물리학","영어, 수학, 과학",,한국대학교육협의회·대입정보포털 어디가,2028학년도 권역별 대학별 권장과목(반영과목),https://www.adiga.kr/uct/ces/archiveView.do?menuId=PCUCTCES1000&prtlBbsId=26634,,중부권 / 강원 / 상위단위: 문화예술·공과대학,토목공학과|토목공학|문화예술·공과대학
강원대 (춘천),화공·생물공학부,2028,2028 공식자료,문화예술·공과대학,"미적분, 확률과 통계, 물리학, 생명과학, 화학, 융합과학 탐구","영어, 수학, 과학",,한국대학교육협의회·대입정보포털 어디가,2028학년도 권역별 대학별 권장과목(반영과목),https://www.adiga.kr/uct/ces/archiveView.do?menuId=PCUCTCES1000&prtlBbsId=26634,,중부권 / 강원 / 상위단위: 문화예술·공과대학,화공·생물공학부|화공·생물공|문화예술·공과대학
강원대 (춘천),환경공학과,2028,2028 공식자료,문화예술·공과대학,"미적분, 확률과 통계, 물리학, 화학","영어, 수학, 과학",,한국대학교육협의회·대입정보포털 어디가,2028학년도 권역별 대학별 권장과목(반영과목),https://www.adiga.kr/uct/ces/archiveView.do?menuId=PCUCTCES1000&prtlBbsId=26634,,중부권 / 강원 / 상위단위: 문화예술·공과대학,환경공학과|환경공학|문화예술·공과대학
강원대 (춘천),영상문화학과,2028,2028 공식자료,문화예술·공과대학,"화법과 언어, 문학, 독서와 작문, 사회와 문화","국어, 영어, 사회",,한국대학교육협의회·대입정보포털 어디가,2028학년도 권역별 대학별 권장과목(반영과목),https://www.adiga.kr/uct/ces/archiveView.do?menuId=PCUCTCES1000&prtlBbsId=26634,,중부권 / 강원 / 상위단위: 문화예술·공과대학,영상문화학과|영상문화학|문화예술·공과대학
강원대 (춘천),교육학과,2028,2028 공식자료,사범대학,"화법과 언어, 독서와 작문, 사회와 문화, 진로와 직업, 교육의 이해, 논술","국어, 영어, 사회, 교양",,한국대학교육협의회·대입정보포털 어디가,2028학년도 권역별 대학별 권장과목(반영과목),https://www.adiga.kr/uct/ces/archiveView.do?menuId=PCUCTCES1000&prtlBbsId=26634,,중부권 / 강원 / 상위단위: 사범대학,교육학과|교육학|사범대학
강원대 (춘천),국어교육과,2028,2028 공식자료,사범대학,"화법과 언어, 문학, 독서와 작문, 한국사(Ⅰ, Ⅱ), 한문, 한문 고전 읽기","국어, 사회, 한문",,한국대학교육협의회·대입정보포털 어디가,2028학년도 권역별 대학별 권장과목(반영과목),https://www.adiga.kr/uct/ces/archiveView.do?menuId=PCUCTCES1000&prtlBbsId=26634,,중부권 / 강원 / 상위단위: 사범대학,국어교육과|사범대학
강원대 (춘천),역사교육과,2028,2028 공식자료,사범대학,"한국사(Ⅰ, Ⅱ), 세계시민과 지리, 세계사, 한국지리 탐구, 동아시아 역사 기행, 한문","사회, 한문",,한국대학교육협의회·대입정보포털 어디가,2028학년도 권역별 대학별 권장과목(반영과목),https://www.adiga.kr/uct/ces/archiveView.do?menuId=PCUCTCES1000&prtlBbsId=26634,,중부권 / 강원 / 상위단위: 사범대학,역사교육과|사범대학
강원대 (춘천),영어교육과,2028,2028 공식자료,사범대학,"화법과 언어, 문학, 독서와 작문, 영어Ⅰ, 영어Ⅱ, 영어 독해와 작문, 영미 문학 읽기, 영어 발표와 토론","국어, 영어",,한국대학교육협의회·대입정보포털 어디가,2028학년도 권역별 대학별 권장과목(반영과목),https://www.adiga.kr/uct/ces/archiveView.do?menuId=PCUCTCES1000&prtlBbsId=26634,,중부권 / 강원 / 상위단위: 사범대학,영어교육과|사범대학
강원대 (춘천),윤리교육과,2028,2028 공식자료,사범대학,"화법과 언어, 독서와 작문, 영어 독해와 작문, 현대사회와 윤리, 윤리와 사상, 인문학과 윤리","국어, 영어, 사회",,한국대학교육협의회·대입정보포털 어디가,2028학년도 권역별 대학별 권장과목(반영과목),https://www.adiga.kr/uct/ces/archiveView.do?menuId=PCUCTCES1000&prtlBbsId=26634,,중부권 / 강원 / 상위단위: 사범대학,윤리교육과|사범대학
강원대 (춘천),일반사회교육과,2028,2028 공식자료,사범대학,"화법과 언어, 독서와 작문, 사회와 문화, 정치, 경제, 법과 사회","국어, 영어, 사회",,한국대학교육협의회·대입정보포털 어디가,2028학년도 권역별 대학별 권장과목(반영과목),https://www.adiga.kr/uct/ces/archiveView.do?menuId=PCUCTCES1000&prtlBbsId=26634,,중부권 / 강원 / 상위단위: 사범대학,일반사회교육과|사범대학
강원대 (춘천),지리교육과,2028,2028 공식자료,사범대학,"세계시민과 지리, 한국지리 탐구, 여행지리","국어, 영어, 사회",,한국대학교육협의회·대입정보포털 어디가,2028학년도 권역별 대학별 권장과목(반영과목),https://www.adiga.kr/uct/ces/archiveView.do?menuId=PCUCTCES1000&prtlBbsId=26634,,중부권 / 강원 / 상위단위: 사범대학,지리교육과|사범대학
강원대 (춘천),한문교육과,2028,2028 공식자료,사범대학,"독서와 작문, 문학, 한국사(Ⅰ, Ⅱ), 한문, 한문 고전 읽기","국어, 사회, 한문",,한국대학교육협의회·대입정보포털 어디가,2028학년도 권역별 대학별 권장과목(반영과목),https://www.adiga.kr/uct/ces/archiveView.do?menuId=PCUCTCES1000&prtlBbsId=26634,,중부권 / 강원 / 상위단위: 사범대학,한문교육과|사범대학
강원대 (춘천),가정교육과,2028,2028 공식자료,사범대학,"독서와 작문, 기술·가정, 생활과학 탐구","국어, 사회, 과학, 기술·가정",,한국대학교육협의회·대입정보포털 어디가,2028학년도 권역별 대학별 권장과목(반영과목),https://www.adiga.kr/uct/ces/archiveView.do?menuId=PCUCTCES1000&prtlBbsId=26634,,중부권 / 강원 / 상위단위: 사범대학,가정교육과|사범대학
강원대 (춘천),과학교육학부,2028,2028 공식자료,사범대학,"물리학, 화학, 생명과학, 지구과학","수학, 과학",,한국대학교육협의회·대입정보포털 어디가,2028학년도 권역별 대학별 권장과목(반영과목),https://www.adiga.kr/uct/ces/archiveView.do?menuId=PCUCTCES1000&prtlBbsId=26634,,중부권 / 강원 / 상위단위: 사범대학,과학교육학부|과학교육|사범대학
강원대 (춘천),수학교육과,2028,2028 공식자료,사범대학,"영어 독해와 작문, 미적분, 기하, 확률과 통계, 생명과학","영어, 수학, 과학",,한국대학교육협의회·대입정보포털 어디가,2028학년도 권역별 대학별 권장과목(반영과목),https://www.adiga.kr/uct/ces/archiveView.do?menuId=PCUCTCES1000&prtlBbsId=26634,,중부권 / 강원 / 상위단위: 사범대학,수학교육과|사범대학
강원대 (춘천),체육교육과,2028,2028 공식자료,사범대학,"체육1, 체육2, 운동과 건강, 스포츠 문화, 스포츠과학","국어, 체육",,한국대학교육협의회·대입정보포털 어디가,2028학년도 권역별 대학별 권장과목(반영과목),https://www.adiga.kr/uct/ces/archiveView.do?menuId=PCUCTCES1000&prtlBbsId=26634,,중부권 / 강원 / 상위단위: 사범대학,체육교육과|사범대학
강원대 (춘천),문화인류학과,2028,2028 공식자료,사회과학대학,"세계시민과 지리, 세계사, 여행지리, 한국지리 탐구","국어, 영어, 사회",,한국대학교육협의회·대입정보포털 어디가,2028학년도 권역별 대학별 권장과목(반영과목),https://www.adiga.kr/uct/ces/archiveView.do?menuId=PCUCTCES1000&prtlBbsId=26634,,중부권 / 강원 / 상위단위: 사회과학대학,문화인류학과|문화인류학|사회과학대학
강원대 (춘천),미디어커뮤니케이션학과,2028,2028 공식자료,사회과학대학,"화법과 언어, 독서와 작문, 영어 독해와 작문, 영어 발표와 토론, 사회와 문화, 사회문제 탐구","국어, 영어, 사회",,한국대학교육협의회·대입정보포털 어디가,2028학년도 권역별 대학별 권장과목(반영과목),https://www.adiga.kr/uct/ces/archiveView.do?menuId=PCUCTCES1000&prtlBbsId=26634,,중부권 / 강원 / 상위단위: 사회과학대학,미디어커뮤니케이션학과|미디어커뮤니케이션학|사회과학대학
강원대 (춘천),부동산학과,2028,2028 공식자료,사회과학대학,"화법과 언어, 독서와 작문, 영어 독해와 작문, 사회와 문화, 사회문제 탐구","국어, 영어, 수학, 사회",,한국대학교육협의회·대입정보포털 어디가,2028학년도 권역별 대학별 권장과목(반영과목),https://www.adiga.kr/uct/ces/archiveView.do?menuId=PCUCTCES1000&prtlBbsId=26634,,중부권 / 강원 / 상위단위: 사회과학대학,부동산학과|부동산학|사회과학대학
강원대 (춘천),사회학과,2028,2028 공식자료,사회과학대학,"화법과 언어, 독서와 작문, 확률과 통계, 사회와 문화, 정치, 법과 사회, 도시의 미래 탐구","국어, 수학, 사회",,한국대학교육협의회·대입정보포털 어디가,2028학년도 권역별 대학별 권장과목(반영과목),https://www.adiga.kr/uct/ces/archiveView.do?menuId=PCUCTCES1000&prtlBbsId=26634,,중부권 / 강원 / 상위단위: 사회과학대학,사회학과|사회학|사회과학대학
강원대 (춘천),심리학과,2028,2028 공식자료,사회과학대학,"화법과 언어, 독서와 작문, 영어 독해와 작문, 영어 발표와 토론, 확률과 통계, 사회와 문화","국어, 영어, 수학, 사회",,한국대학교육협의회·대입정보포털 어디가,2028학년도 권역별 대학별 권장과목(반영과목),https://www.adiga.kr/uct/ces/archiveView.do?menuId=PCUCTCES1000&prtlBbsId=26634,,중부권 / 강원 / 상위단위: 사회과학대학,심리학과|심리학|사회과학대학
강원대 (춘천),정치외교학과,2028,2028 공식자료,사회과학대학,"화법과 언어, 독서와 작문, 확률과 통계, 사회와 문화, 정치, 법과 사회","국어, 수학, 사회",,한국대학교육협의회·대입정보포털 어디가,2028학년도 권역별 대학별 권장과목(반영과목),https://www.adiga.kr/uct/ces/archiveView.do?menuId=PCUCTCES1000&prtlBbsId=26634,,중부권 / 강원 / 상위단위: 사회과학대학,정치외교학과|정치외교학|사회과학대학
강원대 (춘천),행정학과,2028,2028 공식자료,사회과학대학,"현대사회와 윤리, 정치, 법과 사회, 윤리와 사상","국어, 영어, 사회",,한국대학교육협의회·대입정보포털 어디가,2028학년도 권역별 대학별 권장과목(반영과목),https://www.adiga.kr/uct/ces/archiveView.do?menuId=PCUCTCES1000&prtlBbsId=26634,,중부권 / 강원 / 상위단위: 사회과학대학,행정학과|행정학|사회과학대학
강원대 (춘천),산림경영학과,2028,2028 공식자료,산림환경과학대학,"화법과 언어, 독서와 작문, 영어 독해와 작문, 생명과학","국어, 영어, 과학",,한국대학교육협의회·대입정보포털 어디가,2028학년도 권역별 대학별 권장과목(반영과목),https://www.adiga.kr/uct/ces/archiveView.do?menuId=PCUCTCES1000&prtlBbsId=26634,,중부권 / 강원 / 상위단위: 산림환경과학대학,산림경영학과|산림경영학|산림환경과학대학|경영학|경영
강원대 (춘천),산림바이오소재공학과,2028,2028 공식자료,산림환경과학대학,"확률과 통계, 물리학, 화학, 생명과학","영어, 수학, 과학",,한국대학교육협의회·대입정보포털 어디가,2028학년도 권역별 대학별 권장과목(반영과목),https://www.adiga.kr/uct/ces/archiveView.do?menuId=PCUCTCES1000&prtlBbsId=26634,,중부권 / 강원 / 상위단위: 산림환경과학대학,산림바이오소재공학과|산림바이오소재공학|산림환경과학대학
강원대 (춘천),산림자원학과,2028,2028 공식자료,산림환경과학대학,"화법과 언어, 독서와 작문, 영어 독해와 작문, 생명과학, 지구과학","국어, 영어, 과학",,한국대학교육협의회·대입정보포털 어디가,2028학년도 권역별 대학별 권장과목(반영과목),https://www.adiga.kr/uct/ces/archiveView.do?menuId=PCUCTCES1000&prtlBbsId=26634,,중부권 / 강원 / 상위단위: 산림환경과학대학,산림자원학과|산림자원학|산림환경과학대학
강원대 (춘천),산림환경보호학과,2028,2028 공식자료,산림환경과학대학,"화법과 언어, 독서와 작문, 영어 독해와 작문, 생명과학","국어, 영어, 과학",,한국대학교육협의회·대입정보포털 어디가,2028학년도 권역별 대학별 권장과목(반영과목),https://www.adiga.kr/uct/ces/archiveView.do?menuId=PCUCTCES1000&prtlBbsId=26634,,중부권 / 강원 / 상위단위: 산림환경과학대학,산림환경보호학과|산림환경보호학|산림환경과학대학
강원대 (춘천),생태조경디자인학과,2028,2028 공식자료,산림환경과학대학,"한국지리 탐구, 도시의 미래 탐구, 생명과학, 지구과학","국어, 영어, 사회, 과학",,한국대학교육협의회·대입정보포털 어디가,2028학년도 권역별 대학별 권장과목(반영과목),https://www.adiga.kr/uct/ces/archiveView.do?menuId=PCUCTCES1000&prtlBbsId=26634,,중부권 / 강원 / 상위단위: 산림환경과학대학,생태조경디자인학과|생태조경디자인학|산림환경과학대학
강원대 (춘천),펄프제지공학과,2028,2028 공식자료,산림환경과학대학,"확률과 통계, 물리학, 화학, 생명과학","영어, 수학, 과학",,한국대학교육협의회·대입정보포털 어디가,2028학년도 권역별 대학별 권장과목(반영과목),https://www.adiga.kr/uct/ces/archiveView.do?menuId=PCUCTCES1000&prtlBbsId=26634,,중부권 / 강원 / 상위단위: 산림환경과학대학,펄프제지공학과|펄프제지공학|산림환경과학대학
강원대 (춘천),수의학과,2028,2028 공식자료,수의과대학,"영어 독해와 작문, 영어 발표와 토론, 확률과 통계, 미적분, 생명과학, 화학","영어, 수학, 과학",,한국대학교육협의회·대입정보포털 어디가,2028학년도 권역별 대학별 권장과목(반영과목),https://www.adiga.kr/uct/ces/archiveView.do?menuId=PCUCTCES1000&prtlBbsId=26634,,중부권 / 강원 / 상위단위: 수의과대학,수의학과|수의학|수의과대학
강원대 (춘천),약학과,2028,2028 공식자료,약학대학,"확률과 통계, 미적분, 생명과학, 화학","수학, 과학",,한국대학교육협의회·대입정보포털 어디가,2028학년도 권역별 대학별 권장과목(반영과목),https://www.adiga.kr/uct/ces/archiveView.do?menuId=PCUCTCES1000&prtlBbsId=26634,,중부권 / 강원 / 상위단위: 약학대학,약학과|약학|약학대학|약대
강원대 (춘천),의예과,2028,2028 공식자료,의과대학,"확률과 통계, 미적분, 생명과학, 화학","국어, 영어, 수학, 과학",,한국대학교육협의회·대입정보포털 어디가,2028학년도 권역별 대학별 권장과목(반영과목),https://www.adiga.kr/uct/ces/archiveView.do?menuId=PCUCTCES1000&prtlBbsId=26634,,중부권 / 강원 / 상위단위: 의과대학,의예과|의과대학|의대|의학|의예
강원대 (춘천),분자생명과학과,2028,2028 공식자료,의생명과학대학,"생명과학, 화학","영어, 과학",,한국대학교육협의회·대입정보포털 어디가,2028학년도 권역별 대학별 권장과목(반영과목),https://www.adiga.kr/uct/ces/archiveView.do?menuId=PCUCTCES1000&prtlBbsId=26634,,중부권 / 강원 / 상위단위: 의생명과학대학,분자생명과학과|분자생명과학|의생명과학대학
강원대 (춘천),생명건강공학과,2028,2028 공식자료,의생명과학대학,"영어 발표와 토론, 생명과학, 화학","영어, 과학",,한국대학교육협의회·대입정보포털 어디가,2028학년도 권역별 대학별 권장과목(반영과목),https://www.adiga.kr/uct/ces/archiveView.do?menuId=PCUCTCES1000&prtlBbsId=26634,,중부권 / 강원 / 상위단위: 의생명과학대학,생명건강공학과|생명건강공학|의생명과학대학
강원대 (춘천),생물의소재공학과,2028,2028 공식자료,의생명과학대학,"생명과학, 화학","영어, 과학",,한국대학교육협의회·대입정보포털 어디가,2028학년도 권역별 대학별 권장과목(반영과목),https://www.adiga.kr/uct/ces/archiveView.do?menuId=PCUCTCES1000&prtlBbsId=26634,,중부권 / 강원 / 상위단위: 의생명과학대학,생물의소재공학과|생물의소재공학|의생명과학대학
강원대 (춘천),의생명공학과,2028,2028 공식자료,의생명과학대학,"미적분, 생명과학, 화학","수학, 과학",,한국대학교육협의회·대입정보포털 어디가,2028학년도 권역별 대학별 권장과목(반영과목),https://www.adiga.kr/uct/ces/archiveView.do?menuId=PCUCTCES1000&prtlBbsId=26634,,중부권 / 강원 / 상위단위: 의생명과학대학,의생명공학과|의생명공학|의생명과학대학|생명공학|바이오공학|바이오
강원대 (춘천),의생명시스템과학과,2028,2028 공식자료,의생명과학대학,"생명과학, 화학","수학, 과학",,한국대학교육협의회·대입정보포털 어디가,2028학년도 권역별 대학별 권장과목(반영과목),https://www.adiga.kr/uct/ces/archiveView.do?menuId=PCUCTCES1000&prtlBbsId=26634,,중부권 / 강원 / 상위단위: 의생명과학대학,의생명시스템과학과|의생명시스템과학|의생명과학대학
강원대 (춘천),국어국문학과,2028,2028 공식자료,인문대학,"화법과 언어, 독서와 작문, 문학, 세계사, 동아시아 역사기행, 한문, 한문 고전 읽기","국어, 사회, 한문",,한국대학교육협의회·대입정보포털 어디가,2028학년도 권역별 대학별 권장과목(반영과목),https://www.adiga.kr/uct/ces/archiveView.do?menuId=PCUCTCES1000&prtlBbsId=26634,,중부권 / 강원 / 상위단위: 인문대학,국어국문학과|국어국문학|인문대학
강원대 (춘천),독어독문학과,2028,2028 공식자료,인문대학,"독서와 작문, 문학, 사회와 문화, 독일어, 심화 독일어, 독일어 회화","국어, 영어, 제2외국어",,한국대학교육협의회·대입정보포털 어디가,2028학년도 권역별 대학별 권장과목(반영과목),https://www.adiga.kr/uct/ces/archiveView.do?menuId=PCUCTCES1000&prtlBbsId=26634,,중부권 / 강원 / 상위단위: 인문대학,독어독문학과|독어독문학|인문대학
강원대 (춘천),불어불문학과,2028,2028 공식자료,인문대학,"독서와 작문, 문학, 세계사, 여행지리, 프랑스어, 심화 프랑스어, 프랑스 회화","국어, 영어, 제2외국어",,한국대학교육협의회·대입정보포털 어디가,2028학년도 권역별 대학별 권장과목(반영과목),https://www.adiga.kr/uct/ces/archiveView.do?menuId=PCUCTCES1000&prtlBbsId=26634,,중부권 / 강원 / 상위단위: 인문대학,불어불문학과|불어불문학|인문대학
강원대 (춘천),사학과,2028,2028 공식자료,인문대학,"화법과 언어, 독서와 작문, 영어 독해와 작문, 세계사, 동아시아 역사기행, 한문","국어, 영어, 사회, 한문",,한국대학교육협의회·대입정보포털 어디가,2028학년도 권역별 대학별 권장과목(반영과목),https://www.adiga.kr/uct/ces/archiveView.do?menuId=PCUCTCES1000&prtlBbsId=26634,,중부권 / 강원 / 상위단위: 인문대학,사학과|사학|인문대학
강원대 (춘천),영어영문학과,2028,2028 공식자료,인문대학,"영어 독해와 작문, 영미 문학 읽기, 영어 발표와 토론, 세계 문화와 영어",영어,,한국대학교육협의회·대입정보포털 어디가,2028학년도 권역별 대학별 권장과목(반영과목),https://www.adiga.kr/uct/ces/archiveView.do?menuId=PCUCTCES1000&prtlBbsId=26634,,중부권 / 강원 / 상위단위: 인문대학,영어영문학과|영어영문학|인문대학
강원대 (춘천),일본학과,2028,2028 공식자료,인문대학,"영어 발표와 토론, 사회와 문화, 일본어, 심화 일본어, 일본어 회화","영어, 사회, 제2외국어",,한국대학교육협의회·대입정보포털 어디가,2028학년도 권역별 대학별 권장과목(반영과목),https://www.adiga.kr/uct/ces/archiveView.do?menuId=PCUCTCES1000&prtlBbsId=26634,,중부권 / 강원 / 상위단위: 인문대학,일본학과|일본학|인문대학
강원대 (춘천),중어중문학과,2028,2028 공식자료,인문대학,"사회와 문화, 중국어, 심화중국어, 일본어 회화","국어, 사회, 제2외국어",,한국대학교육협의회·대입정보포털 어디가,2028학년도 권역별 대학별 권장과목(반영과목),https://www.adiga.kr/uct/ces/archiveView.do?menuId=PCUCTCES1000&prtlBbsId=26634,,중부권 / 강원 / 상위단위: 인문대학,중어중문학과|중어중문학|인문대학
강원대 (춘천),철학과,2028,2028 공식자료,인문대학,"현대사회와 윤리, 윤리와 사상, 윤리문제 탐구, 한문, 인간과 철학, 논리와 사고","국어, 영어, 사회, 한문, 교양",,한국대학교육협의회·대입정보포털 어디가,2028학년도 권역별 대학별 권장과목(반영과목),https://www.adiga.kr/uct/ces/archiveView.do?menuId=PCUCTCES1000&prtlBbsId=26634,,중부권 / 강원 / 상위단위: 인문대학,철학과|철학|인문대학
강원대 (춘천),반도체 물리학과,2028,2028 공식자료,자연과학대학,"미적분, 확률과 통계, 기하, 물리학","수학, 과학",,한국대학교육협의회·대입정보포털 어디가,2028학년도 권역별 대학별 권장과목(반영과목),https://www.adiga.kr/uct/ces/archiveView.do?menuId=PCUCTCES1000&prtlBbsId=26634,,중부권 / 강원 / 상위단위: 자연과학대학,반도체 물리학과|반도체 물리학|자연과학대학
강원대 (춘천),생명과학과,2028,2028 공식자료,자연과학대학,"생명과학, 화학",과학,,한국대학교육협의회·대입정보포털 어디가,2028학년도 권역별 대학별 권장과목(반영과목),https://www.adiga.kr/uct/ces/archiveView.do?menuId=PCUCTCES1000&prtlBbsId=26634,,중부권 / 강원 / 상위단위: 자연과학대학,생명과학과|생명과학|자연과학대학
강원대 (춘천),수학과,2028,2028 공식자료,자연과학대학,"영어 독해와 작문, 확률과 통계, 미적분","영어, 수학",,한국대학교육협의회·대입정보포털 어디가,2028학년도 권역별 대학별 권장과목(반영과목),https://www.adiga.kr/uct/ces/archiveView.do?menuId=PCUCTCES1000&prtlBbsId=26634,,중부권 / 강원 / 상위단위: 자연과학대학,수학과|수학|자연과학대학
강원대 (춘천),지질·지구물리학부,2028,2028 공식자료,자연과학대학,"물리학, 화학, 생명과학, 지구과학","영어, 수학, 과학",,한국대학교육협의회·대입정보포털 어디가,2028학년도 권역별 대학별 권장과목(반영과목),https://www.adiga.kr/uct/ces/archiveView.do?menuId=PCUCTCES1000&prtlBbsId=26634,,중부권 / 강원 / 상위단위: 자연과학대학,지질·지구물리학부|지질·지구물리|자연과학대학
강원대 (춘천),화학·생화학부,2028,2028 공식자료,자연과학대학,"확률과 통계, 미적분, 생명과학, 화학","수학, 과학",,한국대학교육협의회·대입정보포털 어디가,2028학년도 권역별 대학별 권장과목(반영과목),https://www.adiga.kr/uct/ces/archiveView.do?menuId=PCUCTCES1000&prtlBbsId=26634,,중부권 / 강원 / 상위단위: 자연과학대학,화학·생화학부|화학·생화|자연과학대학
강원대 (춘천),디지털밀리터리학과,2028,2028 공식자료,IT대학,"확률과 통계, 미적분, 생명과학, 화학","영어, 수학, 체육",,한국대학교육협의회·대입정보포털 어디가,2028학년도 권역별 대학별 권장과목(반영과목),https://www.adiga.kr/uct/ces/archiveView.do?menuId=PCUCTCES1000&prtlBbsId=26634,,중부권 / 강원 / 상위단위: IT대학,디지털밀리터리학과|디지털밀리터리학|IT대학
강원대 (춘천),전기전자공학과,2028,2028 공식자료,IT대학,"영어 독해와 작문, 확률과 통계, 미적분, 물리학","영어, 수학, 과학",,한국대학교육협의회·대입정보포털 어디가,2028학년도 권역별 대학별 권장과목(반영과목),https://www.adiga.kr/uct/ces/archiveView.do?menuId=PCUCTCES1000&prtlBbsId=26634,,중부권 / 강원 / 상위단위: IT대학,전기전자공학과|전기전자공학|IT대학|전기전자|전자전기|전자공학|전기공학
강원대 (춘천),전자공학과,2028,2028 공식자료,IT대학,"확률과 통계, 미적분","영어, 수학, 과학",,한국대학교육협의회·대입정보포털 어디가,2028학년도 권역별 대학별 권장과목(반영과목),https://www.adiga.kr/uct/ces/archiveView.do?menuId=PCUCTCES1000&prtlBbsId=26634,,중부권 / 강원 / 상위단위: IT대학,전자공학과|전자공학|IT대학
강원대 (춘천),컴퓨터공학과,2028,2028 공식자료,IT대학,"영어 독해와 작문, 확률과 통계","영어, 수학",,한국대학교육협의회·대입정보포털 어디가,2028학년도 권역별 대학별 권장과목(반영과목),https://www.adiga.kr/uct/ces/archiveView.do?menuId=PCUCTCES1000&prtlBbsId=26634,,중부권 / 강원 / 상위단위: IT대학,컴퓨터공학과|컴퓨터공학|IT대학|컴공|컴퓨터과학|컴퓨터
강원대 (춘천),AI융합학과,2028,2028 공식자료,IT대학,"영어 발표와 토론, 확률과 통계, 인공지능 수학, 융합과학 탐구","영어, 수학, 과학",,한국대학교육협의회·대입정보포털 어디가,2028학년도 권역별 대학별 권장과목(반영과목),https://www.adiga.kr/uct/ces/archiveView.do?menuId=PCUCTCES1000&prtlBbsId=26634,,중부권 / 강원 / 상위단위: IT대학,AI융합학과|AI융합학|IT대학
강원대 (춘천),자유전공학부(인문),2028,2028 공식자료,독립학부,"화법과 언어, 독서와 작문, 그 외는 희망 진로에 따른 과목 이수(영어, 사회와 문화, 정치, 법과 사회 등)","국어, 영어, 수학, 사회",,한국대학교육협의회·대입정보포털 어디가,2028학년도 권역별 대학별 권장과목(반영과목),https://www.adiga.kr/uct/ces/archiveView.do?menuId=PCUCTCES1000&prtlBbsId=26634,,중부권 / 강원 / 상위단위: 독립학부,자유전공학부(인문)|독립학부|독립
강원대 (춘천),자유전공학부(자연),2028,2028 공식자료,독립학부,"확률과 통계 또는 미적분, 그 외는 희망 진로에 따라 상이(물리학, 생명과학, 화학, 지구과학 등)","국어, 영어, 수학, 과학",,한국대학교육협의회·대입정보포털 어디가,2028학년도 권역별 대학별 권장과목(반영과목),https://www.adiga.kr/uct/ces/archiveView.do?menuId=PCUCTCES1000&prtlBbsId=26634,,중부권 / 강원 / 상위단위: 독립학부,자유전공학부(자연)|독립학부|독립
강원대 (삼척·도계),그린에너지공학과,2028,2028 공식자료,공학대학,"미적분, 물리학, 화학","영어, 수학, 과학",,한국대학교육협의회·대입정보포털 어디가,2028학년도 권역별 대학별 권장과목(반영과목),https://www.adiga.kr/uct/ces/archiveView.do?menuId=PCUCTCES1000&prtlBbsId=26634,,중부권 / 강원 / 상위단위: 공학대학,그린에너지공학과|그린에너지공학|공학대학
강원대 (삼척·도계),기계공학과,2028,2028 공식자료,공학대학,"영어 독해와 작문, 영어 발표와 토론, 미적분, 물리학, 화학","영어, 수학, 과학",,한국대학교육협의회·대입정보포털 어디가,2028학년도 권역별 대학별 권장과목(반영과목),https://www.adiga.kr/uct/ces/archiveView.do?menuId=PCUCTCES1000&prtlBbsId=26634,,중부권 / 강원 / 상위단위: 공학대학,기계공학과|기계공학|공학대학|기계
강원대 (삼척·도계),도시건축학과(5년제),2028,2028 공식자료,공학대학,"화법과 언어, 독서와 작문, 사회와 문화, 물리학, 기술․ 가정, 인간과 철학, 생태와 환경","국어, 사회, 과학, 기술·가정/교양",,한국대학교육협의회·대입정보포털 어디가,2028학년도 권역별 대학별 권장과목(반영과목),https://www.adiga.kr/uct/ces/archiveView.do?menuId=PCUCTCES1000&prtlBbsId=26634,,중부권 / 강원 / 상위단위: 공학대학,도시건축학과(5년제)|공학대학
강원대 (삼척·도계),미래토목건설공학과,2028,2028 공식자료,공학대학,"미적분, 물리학","수학, 과학",,한국대학교육협의회·대입정보포털 어디가,2028학년도 권역별 대학별 권장과목(반영과목),https://www.adiga.kr/uct/ces/archiveView.do?menuId=PCUCTCES1000&prtlBbsId=26634,,중부권 / 강원 / 상위단위: 공학대학,미래토목건설공학과|미래토목건설공학|공학대학
강원대 (삼척·도계),소방방재학부,2028,2028 공식자료,공학대학,"확률과 통계, 미적분, 사회와 문화, 물리학, 화학","수학, 사회, 과학",,한국대학교육협의회·대입정보포털 어디가,2028학년도 권역별 대학별 권장과목(반영과목),https://www.adiga.kr/uct/ces/archiveView.do?menuId=PCUCTCES1000&prtlBbsId=26634,,중부권 / 강원 / 상위단위: 공학대학,소방방재학부|소방방재|공학대학
강원대 (삼척·도계),전기공학과,2028,2028 공식자료,공학대학,"영어 발표와 토론, 미적분, 물리학, 화학","영어, 수학, 과학",,한국대학교육협의회·대입정보포털 어디가,2028학년도 권역별 대학별 권장과목(반영과목),https://www.adiga.kr/uct/ces/archiveView.do?menuId=PCUCTCES1000&prtlBbsId=26634,,중부권 / 강원 / 상위단위: 공학대학,전기공학과|전기공학|공학대학
강원대 (삼척·도계),첨단AI공학과,2028,2028 공식자료,공학대학,"화법과 언어, 독서와 작문, 확률과 통계, 미적분, 물리학","국어, 영어, 수학, 과학",,한국대학교육협의회·대입정보포털 어디가,2028학년도 권역별 대학별 권장과목(반영과목),https://www.adiga.kr/uct/ces/archiveView.do?menuId=PCUCTCES1000&prtlBbsId=26634,,중부권 / 강원 / 상위단위: 공학대학,첨단AI공학과|첨단AI공학|공학대학
강원대 (삼척·도계),경제금융학과,2028,2028 공식자료,인문사회대학,"확률과 통계, 미적분, 사회와 문화, 경제","영어, 수학, 사회",,한국대학교육협의회·대입정보포털 어디가,2028학년도 권역별 대학별 권장과목(반영과목),https://www.adiga.kr/uct/ces/archiveView.do?menuId=PCUCTCES1000&prtlBbsId=26634,,중부권 / 강원 / 상위단위: 인문사회대학,경제금융학과|경제금융학|인문사회대학
강원대 (삼척·도계),공공행정학과,2028,2028 공식자료,인문사회대학,"사회와 문화, 법과 사회 정치, 경제","국어, 영어, 사회, 교양",,한국대학교육협의회·대입정보포털 어디가,2028학년도 권역별 대학별 권장과목(반영과목),https://www.adiga.kr/uct/ces/archiveView.do?menuId=PCUCTCES1000&prtlBbsId=26634,,중부권 / 강원 / 상위단위: 인문사회대학,공공행정학과|공공행정학|인문사회대학
강원대 (삼척·도계),관광학과,2028,2028 공식자료,인문사회대학,"화법과 언어, 독서와 작문, 사회와 문화, 여행지리","국어, 영어, 수학, 사회",,한국대학교육협의회·대입정보포털 어디가,2028학년도 권역별 대학별 권장과목(반영과목),https://www.adiga.kr/uct/ces/archiveView.do?menuId=PCUCTCES1000&prtlBbsId=26634,,중부권 / 강원 / 상위단위: 인문사회대학,관광학과|관광학|인문사회대학
강원대 (삼척·도계),영어과,2028,2028 공식자료,인문사회대학,"영어 독해와 작문, 영어 발표와 토론, 영미 문학 읽기, 세계 문화와 영어","국어, 영어",,한국대학교육협의회·대입정보포털 어디가,2028학년도 권역별 대학별 권장과목(반영과목),https://www.adiga.kr/uct/ces/archiveView.do?menuId=PCUCTCES1000&prtlBbsId=26634,,중부권 / 강원 / 상위단위: 인문사회대학,영어과|인문사회대학
강원대 (삼척·도계),사회복지학과,2028,2028 공식자료,인문사회대학,"화법과 언어, 독서와 작문, 정치, 법과 사회, 윤리와 사상, 인간과 철학, 인간과 심리","국어, 사회, 교양",,한국대학교육협의회·대입정보포털 어디가,2028학년도 권역별 대학별 권장과목(반영과목),https://www.adiga.kr/uct/ces/archiveView.do?menuId=PCUCTCES1000&prtlBbsId=26634,,중부권 / 강원 / 상위단위: 인문사회대학,사회복지학과|사회복지학|인문사회대학
강원대 (삼척·도계),유아교육과,2028,2028 공식자료,인문사회대학,"화법과 언어, 독서와 작문, 문학, 사회와 문화, 교육학","국어, 사회, 교양",,한국대학교육협의회·대입정보포털 어디가,2028학년도 권역별 대학별 권장과목(반영과목),https://www.adiga.kr/uct/ces/archiveView.do?menuId=PCUCTCES1000&prtlBbsId=26634,,중부권 / 강원 / 상위단위: 인문사회대학,유아교육과|인문사회대학
강원대 (삼척·도계),일본학과,2028,2028 공식자료,인문사회대학,"동아시아 역사 기행, 일본어, 심화일본어, 일본어 회화","사회,제2외국어/한문",,한국대학교육협의회·대입정보포털 어디가,2028학년도 권역별 대학별 권장과목(반영과목),https://www.adiga.kr/uct/ces/archiveView.do?menuId=PCUCTCES1000&prtlBbsId=26634,,중부권 / 강원 / 상위단위: 인문사회대학,일본학과|일본학|인문사회대학
강원대 (삼척·도계),멀티디자인학과,2028,2028 공식자료,디자인스포츠대학,"화법과 언어, 독서와 작문, 문학, 영어 발표와 토론, 미술, 미술 창작, 미술 감상과 비평","국어, 영어, 예술",,한국대학교육협의회·대입정보포털 어디가,2028학년도 권역별 대학별 권장과목(반영과목),https://www.adiga.kr/uct/ces/archiveView.do?menuId=PCUCTCES1000&prtlBbsId=26634,,중부권 / 강원 / 상위단위: 디자인스포츠대학,멀티디자인학과|멀티디자인학|디자인스포츠대학
강원대 (삼척·도계),생활조형디자인학과,2028,2028 공식자료,디자인스포츠대학,"영어 독해와 작문, 미술, 미술 창작, 미술 감상과 비평","영어, 예술",,한국대학교육협의회·대입정보포털 어디가,2028학년도 권역별 대학별 권장과목(반영과목),https://www.adiga.kr/uct/ces/archiveView.do?menuId=PCUCTCES1000&prtlBbsId=26634,,중부권 / 강원 / 상위단위: 디자인스포츠대학,생활조형디자인학과|생활조형디자인학|디자인스포츠대학
강원대 (삼척·도계),휴먼스포츠학과,2028,2028 공식자료,디자인스포츠대학,"체육1, 체육2, 운동과 건강","국어, 영어, 체육",,한국대학교육협의회·대입정보포털 어디가,2028학년도 권역별 대학별 권장과목(반영과목),https://www.adiga.kr/uct/ces/archiveView.do?menuId=PCUCTCES1000&prtlBbsId=26634,,중부권 / 강원 / 상위단위: 디자인스포츠대학,휴먼스포츠학과|휴먼스포츠학|디자인스포츠대학
강원대 (삼척·도계),간호학과,2028,2028 공식자료,보건과학대학,"생명과학, 화학, 생활과학 탐구, 보건","과학, 기술·가정/교양",,한국대학교육협의회·대입정보포털 어디가,2028학년도 권역별 대학별 권장과목(반영과목),https://www.adiga.kr/uct/ces/archiveView.do?menuId=PCUCTCES1000&prtlBbsId=26634,,중부권 / 강원 / 상위단위: 보건과학대학,간호학과|간호학|보건과학대학|간호
강원대 (삼척·도계),물리치료학과,2028,2028 공식자료,보건과학대학,"영어 독해와 작문, 확률과 통계, 생명과학","영어, 수학, 과학",,한국대학교육협의회·대입정보포털 어디가,2028학년도 권역별 대학별 권장과목(반영과목),https://www.adiga.kr/uct/ces/archiveView.do?menuId=PCUCTCES1000&prtlBbsId=26634,,중부권 / 강원 / 상위단위: 보건과학대학,물리치료학과|물리치료학|보건과학대학
강원대 (삼척·도계),바이오기능성소재학과,2028,2028 공식자료,보건과학대학,"생명과학, 화학",과학,,한국대학교육협의회·대입정보포털 어디가,2028학년도 권역별 대학별 권장과목(반영과목),https://www.adiga.kr/uct/ces/archiveView.do?menuId=PCUCTCES1000&prtlBbsId=26634,,중부권 / 강원 / 상위단위: 보건과학대학,바이오기능성소재학과|바이오기능성소재학|보건과학대학
강원대 (삼척·도계),방사선학과,2028,2028 공식자료,보건과학대학,"영어 발표와 토론, 확률과 통계, 인문학과 윤리, 생명과학, 물리학","영어, 수학, 사회, 과학",,한국대학교육협의회·대입정보포털 어디가,2028학년도 권역별 대학별 권장과목(반영과목),https://www.adiga.kr/uct/ces/archiveView.do?menuId=PCUCTCES1000&prtlBbsId=26634,,중부권 / 강원 / 상위단위: 보건과학대학,방사선학과|방사선학|보건과학대학
강원대 (삼척·도계),식품영양학과,2028,2028 공식자료,보건과학대학,"영어 발표와 토론, 화학, 생활과학 탐구","영어, 과학, 기술․가정",,한국대학교육협의회·대입정보포털 어디가,2028학년도 권역별 대학별 권장과목(반영과목),https://www.adiga.kr/uct/ces/archiveView.do?menuId=PCUCTCES1000&prtlBbsId=26634,,중부권 / 강원 / 상위단위: 보건과학대학,식품영양학과|식품영양학|보건과학대학
강원대 (삼척·도계),안경광학과,2028,2028 공식자료,보건과학대학,"기하, 생명과학","수학, 과학",,한국대학교육협의회·대입정보포털 어디가,2028학년도 권역별 대학별 권장과목(반영과목),https://www.adiga.kr/uct/ces/archiveView.do?menuId=PCUCTCES1000&prtlBbsId=26634,,중부권 / 강원 / 상위단위: 보건과학대학,안경광학과|안경광학|보건과학대학
강원대 (삼척·도계),응급구조학과,2028,2028 공식자료,보건과학대학,"영어 독해와 작문, 영어 발표와 토론, 인문학과 윤리, 생명과학","영어, 사회, 과학",,한국대학교육협의회·대입정보포털 어디가,2028학년도 권역별 대학별 권장과목(반영과목),https://www.adiga.kr/uct/ces/archiveView.do?menuId=PCUCTCES1000&prtlBbsId=26634,,중부권 / 강원 / 상위단위: 보건과학대학,응급구조학과|응급구조학|보건과학대학
강원대 (삼척·도계),작업치료학과,2028,2028 공식자료,보건과학대학,"영어 독해와 작문, 생명과학, 물리학, 화학","영어, 과학",,한국대학교육협의회·대입정보포털 어디가,2028학년도 권역별 대학별 권장과목(반영과목),https://www.adiga.kr/uct/ces/archiveView.do?menuId=PCUCTCES1000&prtlBbsId=26634,,중부권 / 강원 / 상위단위: 보건과학대학,작업치료학과|작업치료학|보건과학대학
강원대 (삼척·도계),치위생학과,2028,2028 공식자료,보건과학대학,"확률과 통계, 인문학과 윤리, 생명과학","수학, 사회, 과학",,한국대학교육협의회·대입정보포털 어디가,2028학년도 권역별 대학별 권장과목(반영과목),https://www.adiga.kr/uct/ces/archiveView.do?menuId=PCUCTCES1000&prtlBbsId=26634,,중부권 / 강원 / 상위단위: 보건과학대학,치위생학과|치위생학|보건과학대학
강원대 (삼척·도계),자유전공학부(인문),2028,2028 공식자료,독립학부,"화법과 언어, 독서와 작문, 그 외는 희망 진로에 따라 사회와 문화, 정치, 경제, 법과 사회, 윤리와 사상 등","국어, 사회",,한국대학교육협의회·대입정보포털 어디가,2028학년도 권역별 대학별 권장과목(반영과목),https://www.adiga.kr/uct/ces/archiveView.do?menuId=PCUCTCES1000&prtlBbsId=26634,,중부권 / 강원 / 상위단위: 독립학부,자유전공학부(인문)|독립학부|독립
강원대 (삼척·도계),자유전공학부(자연),2028,2028 공식자료,독립학부,"확률과 통계 또는 미적분, 그 외는 희망 진로에 따라 물리학, 화학, 생명과학, 지구과학 등","국어, 과학",,한국대학교육협의회·대입정보포털 어디가,2028학년도 권역별 대학별 권장과목(반영과목),https://www.adiga.kr/uct/ces/archiveView.do?menuId=PCUCTCES1000&prtlBbsId=26634,,중부권 / 강원 / 상위단위: 독립학부,자유전공학부(자연)|독립학부|독립
한라대,기계자동차공학과,2028,2028 공식자료,스마트모빌리티융합대학,"국어, 영어, 수학, 사회(역사/도덕 포함), 과학 교과",,,한국대학교육협의회·대입정보포털 어디가,2028학년도 권역별 대학별 권장과목(반영과목),https://www.adiga.kr/uct/ces/archiveView.do?menuId=PCUCTCES1000&prtlBbsId=26634,,중부권 / 강원 / 상위단위: 스마트모빌리티융합대학,기계자동차공학과|기계자동차공학|스마트모빌리티융합대학
한라대,도시인프라공학과,2028,2028 공식자료,스마트모빌리티융합대학,"국어, 영어, 수학, 사회(역사/도덕 포함), 과학 교과",,,한국대학교육협의회·대입정보포털 어디가,2028학년도 권역별 대학별 권장과목(반영과목),https://www.adiga.kr/uct/ces/archiveView.do?menuId=PCUCTCES1000&prtlBbsId=26634,,중부권 / 강원 / 상위단위: 스마트모빌리티융합대학,도시인프라공학과|도시인프라공학|스마트모빌리티융합대학
한라대,컴퓨터공학과,2028,2028 공식자료,스마트모빌리티융합대학,"국어, 영어, 수학, 사회(역사/도덕 포함), 과학 교과",,,한국대학교육협의회·대입정보포털 어디가,2028학년도 권역별 대학별 권장과목(반영과목),https://www.adiga.kr/uct/ces/archiveView.do?menuId=PCUCTCES1000&prtlBbsId=26634,,중부권 / 강원 / 상위단위: 스마트모빌리티융합대학,컴퓨터공학과|컴퓨터공학|스마트모빌리티융합대학|컴공|컴퓨터과학|컴퓨터
한라대,IT소프트웨어학과,2028,2028 공식자료,스마트모빌리티융합대학,"국어, 영어, 수학, 사회(역사/도덕 포함), 과학 교과",,,한국대학교육협의회·대입정보포털 어디가,2028학년도 권역별 대학별 권장과목(반영과목),https://www.adiga.kr/uct/ces/archiveView.do?menuId=PCUCTCES1000&prtlBbsId=26634,,중부권 / 강원 / 상위단위: 스마트모빌리티융합대학,IT소프트웨어학과|IT소프트웨어학|스마트모빌리티융합대학
한라대,전기전자공학과,2028,2028 공식자료,스마트모빌리티융합대학,"국어, 영어, 수학, 사회(역사/도덕 포함), 과학 교과",,,한국대학교육협의회·대입정보포털 어디가,2028학년도 권역별 대학별 권장과목(반영과목),https://www.adiga.kr/uct/ces/archiveView.do?menuId=PCUCTCES1000&prtlBbsId=26634,,중부권 / 강원 / 상위단위: 스마트모빌리티융합대학,전기전자공학과|전기전자공학|스마트모빌리티융합대학|전기전자|전자전기|전자공학|전기공학
한라대,AI정보보안학과,2028,2028 공식자료,스마트모빌리티융합대학,"국어, 영어, 수학, 사회(역사/도덕 포함), 과학 교과",,,한국대학교육협의회·대입정보포털 어디가,2028학년도 권역별 대학별 권장과목(반영과목),https://www.adiga.kr/uct/ces/archiveView.do?menuId=PCUCTCES1000&prtlBbsId=26634,,중부권 / 강원 / 상위단위: 스마트모빌리티융합대학,AI정보보안학과|AI정보보안학|스마트모빌리티융합대학
한라대,철도운전시스템학과,2028,2028 공식자료,스마트모빌리티융합대학,"국어, 영어, 수학, 사회(역사/도덕 포함), 과학 교과",,,한국대학교육협의회·대입정보포털 어디가,2028학년도 권역별 대학별 권장과목(반영과목),https://www.adiga.kr/uct/ces/archiveView.do?menuId=PCUCTCES1000&prtlBbsId=26634,,중부권 / 강원 / 상위단위: 스마트모빌리티융합대학,철도운전시스템학과|철도운전시스템학|스마트모빌리티융합대학
한라대,미디어광고콘텐츠학과,2028,2028 공식자료,스마트모빌리티융합대학,"국어, 영어, 수학, 사회(역사/도덕 포함), 과학 교과",,,한국대학교육협의회·대입정보포털 어디가,2028학년도 권역별 대학별 권장과목(반영과목),https://www.adiga.kr/uct/ces/archiveView.do?menuId=PCUCTCES1000&prtlBbsId=26634,,중부권 / 강원 / 상위단위: 스마트모빌리티융합대학,미디어광고콘텐츠학과|미디어광고콘텐츠학|스마트모빌리티융합대학
한라대,영상제작학과,2028,2028 공식자료,스마트모빌리티융합대학,"국어, 영어, 수학, 사회(역사/도덕 포함), 과학 교과",,,한국대학교육협의회·대입정보포털 어디가,2028학년도 권역별 대학별 권장과목(반영과목),https://www.adiga.kr/uct/ces/archiveView.do?menuId=PCUCTCES1000&prtlBbsId=26634,,중부권 / 강원 / 상위단위: 스마트모빌리티융합대학,영상제작학과|영상제작학|스마트모빌리티융합대학
한라대,건축학과,2028,2028 공식자료,웰니스지역공학대학,"국어, 영어, 수학, 사회(역사/도덕 포함), 과학 교과",,,한국대학교육협의회·대입정보포털 어디가,2028학년도 권역별 대학별 권장과목(반영과목),https://www.adiga.kr/uct/ces/archiveView.do?menuId=PCUCTCES1000&prtlBbsId=26634,,중부권 / 강원 / 상위단위: 웰니스지역공학대학,건축학과|건축학|웰니스지역공학대학
한라대,소방안전학과,2028,2028 공식자료,웰니스지역공학대학,"국어, 영어, 수학, 사회(역사/도덕 포함), 과학 교과",,,한국대학교육협의회·대입정보포털 어디가,2028학년도 권역별 대학별 권장과목(반영과목),https://www.adiga.kr/uct/ces/archiveView.do?menuId=PCUCTCES1000&prtlBbsId=26634,,중부권 / 강원 / 상위단위: 웰니스지역공학대학,소방안전학과|소방안전학|웰니스지역공학대학
한라대,사회복지학과,2028,2028 공식자료,웰니스지역공학대학,"국어, 영어, 수학, 사회(역사/도덕 포함), 과학 교과",,,한국대학교육협의회·대입정보포털 어디가,2028학년도 권역별 대학별 권장과목(반영과목),https://www.adiga.kr/uct/ces/archiveView.do?menuId=PCUCTCES1000&prtlBbsId=26634,,중부권 / 강원 / 상위단위: 웰니스지역공학대학,사회복지학과|사회복지학|웰니스지역공학대학
한라대,경찰행정학과,2028,2028 공식자료,웰니스지역공학대학,"국어, 영어, 수학, 사회(역사/도덕 포함), 과학 교과",,,한국대학교육협의회·대입정보포털 어디가,2028학년도 권역별 대학별 권장과목(반영과목),https://www.adiga.kr/uct/ces/archiveView.do?menuId=PCUCTCES1000&prtlBbsId=26634,,중부권 / 강원 / 상위단위: 웰니스지역공학대학,경찰행정학과|경찰행정학|웰니스지역공학대학
한라대,경영학과,2028,2028 공식자료,웰니스지역공학대학,"국어, 영어, 수학, 사회(역사/도덕 포함), 과학 교과",,,한국대학교육협의회·대입정보포털 어디가,2028학년도 권역별 대학별 권장과목(반영과목),https://www.adiga.kr/uct/ces/archiveView.do?menuId=PCUCTCES1000&prtlBbsId=26634,,중부권 / 강원 / 상위단위: 웰니스지역공학대학,경영학과|경영학|웰니스지역공학대학|경영
한라대,호텔항공외식경영학과,2028,2028 공식자료,웰니스지역공학대학,"국어, 영어, 수학, 사회(역사/도덕 포함), 과학 교과",,,한국대학교육협의회·대입정보포털 어디가,2028학년도 권역별 대학별 권장과목(반영과목),https://www.adiga.kr/uct/ces/archiveView.do?menuId=PCUCTCES1000&prtlBbsId=26634,,중부권 / 강원 / 상위단위: 웰니스지역공학대학,호텔항공외식경영학과|호텔항공외식경영학|웰니스지역공학대학|경영학|경영
한라대,문화관광경영학과,2028,2028 공식자료,웰니스지역공학대학,"국어, 영어, 수학, 사회(역사/도덕 포함), 과학 교과",,,한국대학교육협의회·대입정보포털 어디가,2028학년도 권역별 대학별 권장과목(반영과목),https://www.adiga.kr/uct/ces/archiveView.do?menuId=PCUCTCES1000&prtlBbsId=26634,,중부권 / 강원 / 상위단위: 웰니스지역공학대학,문화관광경영학과|문화관광경영학|웰니스지역공학대학|경영학|경영
한라대,뷰티디자인학과,2028,2028 공식자료,웰니스지역공학대학,"국어, 영어, 수학, 사회(역사/도덕 포함), 과학 교과",,,한국대학교육협의회·대입정보포털 어디가,2028학년도 권역별 대학별 권장과목(반영과목),https://www.adiga.kr/uct/ces/archiveView.do?menuId=PCUCTCES1000&prtlBbsId=26634,,중부권 / 강원 / 상위단위: 웰니스지역공학대학,뷰티디자인학과|뷰티디자인학|웰니스지역공학대학
한라대,스포츠학과,2028,2028 공식자료,웰니스지역공학대학,"국어, 영어, 수학, 사회(역사/도덕 포함), 과학 교과",,,한국대학교육협의회·대입정보포털 어디가,2028학년도 권역별 대학별 권장과목(반영과목),https://www.adiga.kr/uct/ces/archiveView.do?menuId=PCUCTCES1000&prtlBbsId=26634,,중부권 / 강원 / 상위단위: 웰니스지역공학대학,스포츠학과|스포츠학|웰니스지역공학대학
한라대,미래경영학과,2028,2028 공식자료,미래라이프융합대학,"국어, 영어, 수학, 사회(역사/도덕 포함), 과학 교과",,,한국대학교육협의회·대입정보포털 어디가,2028학년도 권역별 대학별 권장과목(반영과목),https://www.adiga.kr/uct/ces/archiveView.do?menuId=PCUCTCES1000&prtlBbsId=26634,,중부권 / 강원 / 상위단위: 미래라이프융합대학,미래경영학과|미래경영학|미래라이프융합대학|경영학|경영
한라대,문화예술학과,2028,2028 공식자료,미래라이프융합대학,"국어, 영어, 수학, 사회(역사/도덕 포함), 과학 교과",,,한국대학교육협의회·대입정보포털 어디가,2028학년도 권역별 대학별 권장과목(반영과목),https://www.adiga.kr/uct/ces/archiveView.do?menuId=PCUCTCES1000&prtlBbsId=26634,,중부권 / 강원 / 상위단위: 미래라이프융합대학,문화예술학과|문화예술학|미래라이프융합대학
한라대,골프산업학과,2028,2028 공식자료,미래라이프융합대학,"국어, 영어, 수학, 사회(역사/도덕 포함), 과학 교과",,,한국대학교육협의회·대입정보포털 어디가,2028학년도 권역별 대학별 권장과목(반영과목),https://www.adiga.kr/uct/ces/archiveView.do?menuId=PCUCTCES1000&prtlBbsId=26634,,중부권 / 강원 / 상위단위: 미래라이프융합대학,골프산업학과|골프산업학|미래라이프융합대학
한라대,자유전공학부,2028,2028 공식자료,운곡프론티어교양대학,"국어, 영어, 수학, 사회(역사/도덕 포함), 과학 교과",,,한국대학교육협의회·대입정보포털 어디가,2028학년도 권역별 대학별 권장과목(반영과목),https://www.adiga.kr/uct/ces/archiveView.do?menuId=PCUCTCES1000&prtlBbsId=26634,,중부권 / 강원 / 상위단위: 운곡프론티어교양대학,자유전공학부|자유전공|운곡프론티어교양대학
건국대 (글로컬),의예과,2028,2028 공식자료,,"수학, 과학",,"-수학: 대수, 미적분Ⅰ, 확률과 통계, 미적분Ⅱ, 기하 중 4과목 이상 -과학: 생명과학, 세포와 물질대사, 생물의 유전 포함하여 3과목 이상",한국대학교육협의회·대입정보포털 어디가,2028학년도 권역별 대학별 권장과목(반영과목),https://www.adiga.kr/uct/ces/archiveView.do?menuId=PCUCTCES1000&prtlBbsId=26634,,중부권 / 충북,의예과|의대|의학|의예
충북대,국어국문학과,2028,2028 공식자료,인문대학,"국어, 사회(역사/도덕 포함)",,,한국대학교육협의회·대입정보포털 어디가,2028학년도 권역별 대학별 권장과목(반영과목),https://www.adiga.kr/uct/ces/archiveView.do?menuId=PCUCTCES1000&prtlBbsId=26634,,중부권 / 충북 / 상위단위: 인문대학,국어국문학과|국어국문학|인문대학
충북대,철학과,2028,2028 공식자료,인문대학,"국어, 사회(역사/도덕 포함)",,,한국대학교육협의회·대입정보포털 어디가,2028학년도 권역별 대학별 권장과목(반영과목),https://www.adiga.kr/uct/ces/archiveView.do?menuId=PCUCTCES1000&prtlBbsId=26634,,중부권 / 충북 / 상위단위: 인문대학,철학과|철학|인문대학
충북대,사학과,2028,2028 공식자료,인문대학,"국어, 사회(역사/도덕 포함)",,,한국대학교육협의회·대입정보포털 어디가,2028학년도 권역별 대학별 권장과목(반영과목),https://www.adiga.kr/uct/ces/archiveView.do?menuId=PCUCTCES1000&prtlBbsId=26634,,중부권 / 충북 / 상위단위: 인문대학,사학과|사학|인문대학
충북대,고고미술사학과,2028,2028 공식자료,인문대학,"국어, 사회(역사/도덕 포함)",,,한국대학교육협의회·대입정보포털 어디가,2028학년도 권역별 대학별 권장과목(반영과목),https://www.adiga.kr/uct/ces/archiveView.do?menuId=PCUCTCES1000&prtlBbsId=26634,,중부권 / 충북 / 상위단위: 인문대학,고고미술사학과|고고미술사학|인문대학
충북대,중어중문학과,2028,2028 공식자료,인문대학,"사회, 영어, 제2외국어",,,한국대학교육협의회·대입정보포털 어디가,2028학년도 권역별 대학별 권장과목(반영과목),https://www.adiga.kr/uct/ces/archiveView.do?menuId=PCUCTCES1000&prtlBbsId=26634,,중부권 / 충북 / 상위단위: 인문대학,중어중문학과|중어중문학|인문대학
충북대,영어영문학과,2028,2028 공식자료,인문대학,"사회, 영어, 제2외국어",,,한국대학교육협의회·대입정보포털 어디가,2028학년도 권역별 대학별 권장과목(반영과목),https://www.adiga.kr/uct/ces/archiveView.do?menuId=PCUCTCES1000&prtlBbsId=26634,,중부권 / 충북 / 상위단위: 인문대학,영어영문학과|영어영문학|인문대학
충북대,독일언어문화학과,2028,2028 공식자료,인문대학,"사회, 영어, 제2외국어",,,한국대학교육협의회·대입정보포털 어디가,2028학년도 권역별 대학별 권장과목(반영과목),https://www.adiga.kr/uct/ces/archiveView.do?menuId=PCUCTCES1000&prtlBbsId=26634,,중부권 / 충북 / 상위단위: 인문대학,독일언어문화학과|독일언어문화학|인문대학
충북대,프랑스언어문화학과,2028,2028 공식자료,인문대학,"사회, 영어, 제2외국어",,,한국대학교육협의회·대입정보포털 어디가,2028학년도 권역별 대학별 권장과목(반영과목),https://www.adiga.kr/uct/ces/archiveView.do?menuId=PCUCTCES1000&prtlBbsId=26634,,중부권 / 충북 / 상위단위: 인문대학,프랑스언어문화학과|프랑스언어문화학|인문대학
충북대,러시아언어문화학과,2028,2028 공식자료,인문대학,"국어, 영어, 제2외국어",,,한국대학교육협의회·대입정보포털 어디가,2028학년도 권역별 대학별 권장과목(반영과목),https://www.adiga.kr/uct/ces/archiveView.do?menuId=PCUCTCES1000&prtlBbsId=26634,,중부권 / 충북 / 상위단위: 인문대학,러시아언어문화학과|러시아언어문화학|인문대학
충북대,국어교육과,2028,2028 공식자료,사범대학,"국어, 사회(역사/도덕 포함)",,,한국대학교육협의회·대입정보포털 어디가,2028학년도 권역별 대학별 권장과목(반영과목),https://www.adiga.kr/uct/ces/archiveView.do?menuId=PCUCTCES1000&prtlBbsId=26634,,중부권 / 충북 / 상위단위: 사범대학,국어교육과|사범대학
충북대,역사교육과,2028,2028 공식자료,사범대학,"국어, 사회(역사/도덕 포함)",,,한국대학교육협의회·대입정보포털 어디가,2028학년도 권역별 대학별 권장과목(반영과목),https://www.adiga.kr/uct/ces/archiveView.do?menuId=PCUCTCES1000&prtlBbsId=26634,,중부권 / 충북 / 상위단위: 사범대학,역사교육과|사범대학
충북대,지리교육과,2028,2028 공식자료,사범대학,"국어, 사회(역사/도덕 포함)",,,한국대학교육협의회·대입정보포털 어디가,2028학년도 권역별 대학별 권장과목(반영과목),https://www.adiga.kr/uct/ces/archiveView.do?menuId=PCUCTCES1000&prtlBbsId=26634,,중부권 / 충북 / 상위단위: 사범대학,지리교육과|사범대학
충북대,사회교육과,2028,2028 공식자료,사범대학,"국어, 사회(역사/도덕 포함)",,,한국대학교육협의회·대입정보포털 어디가,2028학년도 권역별 대학별 권장과목(반영과목),https://www.adiga.kr/uct/ces/archiveView.do?menuId=PCUCTCES1000&prtlBbsId=26634,,중부권 / 충북 / 상위단위: 사범대학,사회교육과|사범대학
충북대,윤리교육과,2028,2028 공식자료,사범대학,"국어, 사회(역사/도덕 포함)",,,한국대학교육협의회·대입정보포털 어디가,2028학년도 권역별 대학별 권장과목(반영과목),https://www.adiga.kr/uct/ces/archiveView.do?menuId=PCUCTCES1000&prtlBbsId=26634,,중부권 / 충북 / 상위단위: 사범대학,윤리교육과|사범대학
충북대,교육학과,2028,2028 공식자료,사범대학,"영어, 사회(역사/도덕 포함)",,,한국대학교육협의회·대입정보포털 어디가,2028학년도 권역별 대학별 권장과목(반영과목),https://www.adiga.kr/uct/ces/archiveView.do?menuId=PCUCTCES1000&prtlBbsId=26634,,중부권 / 충북 / 상위단위: 사범대학,교육학과|교육학|사범대학
충북대,영어교육과,2028,2028 공식자료,사범대학,"영어, 국어",,,한국대학교육협의회·대입정보포털 어디가,2028학년도 권역별 대학별 권장과목(반영과목),https://www.adiga.kr/uct/ces/archiveView.do?menuId=PCUCTCES1000&prtlBbsId=26634,,중부권 / 충북 / 상위단위: 사범대학,영어교육과|사범대학
충북대,물리교육과,2028,2028 공식자료,사범대학,"수학, 과학",,,한국대학교육협의회·대입정보포털 어디가,2028학년도 권역별 대학별 권장과목(반영과목),https://www.adiga.kr/uct/ces/archiveView.do?menuId=PCUCTCES1000&prtlBbsId=26634,,중부권 / 충북 / 상위단위: 사범대학,물리교육과|사범대학
충북대,화학교육과,2028,2028 공식자료,사범대학,"수학, 과학",,,한국대학교육협의회·대입정보포털 어디가,2028학년도 권역별 대학별 권장과목(반영과목),https://www.adiga.kr/uct/ces/archiveView.do?menuId=PCUCTCES1000&prtlBbsId=26634,,중부권 / 충북 / 상위단위: 사범대학,화학교육과|사범대학
충북대,생물교육과,2028,2028 공식자료,사범대학,"수학, 과학",,,한국대학교육협의회·대입정보포털 어디가,2028학년도 권역별 대학별 권장과목(반영과목),https://www.adiga.kr/uct/ces/archiveView.do?menuId=PCUCTCES1000&prtlBbsId=26634,,중부권 / 충북 / 상위단위: 사범대학,생물교육과|사범대학
충북대,지구과학교육과,2028,2028 공식자료,사범대학,"수학, 과학",,,한국대학교육협의회·대입정보포털 어디가,2028학년도 권역별 대학별 권장과목(반영과목),https://www.adiga.kr/uct/ces/archiveView.do?menuId=PCUCTCES1000&prtlBbsId=26634,,중부권 / 충북 / 상위단위: 사범대학,지구과학교육과|사범대학
충북대,수학교육과,2028,2028 공식자료,사범대학,"수학, 과학",,,한국대학교육협의회·대입정보포털 어디가,2028학년도 권역별 대학별 권장과목(반영과목),https://www.adiga.kr/uct/ces/archiveView.do?menuId=PCUCTCES1000&prtlBbsId=26634,,중부권 / 충북 / 상위단위: 사범대학,수학교육과|사범대학
충북대,아동복지학과,2028,2028 공식자료,생활과학대학,"국어, 사회(역사/도덕 포함)",,,한국대학교육협의회·대입정보포털 어디가,2028학년도 권역별 대학별 권장과목(반영과목),https://www.adiga.kr/uct/ces/archiveView.do?menuId=PCUCTCES1000&prtlBbsId=26634,,중부권 / 충북 / 상위단위: 생활과학대학,아동복지학과|아동복지학|생활과학대학
충북대,소비자학과,2028,2028 공식자료,생활과학대학,"국어, 사회(역사/도덕 포함)",,,한국대학교육협의회·대입정보포털 어디가,2028학년도 권역별 대학별 권장과목(반영과목),https://www.adiga.kr/uct/ces/archiveView.do?menuId=PCUCTCES1000&prtlBbsId=26634,,중부권 / 충북 / 상위단위: 생활과학대학,소비자학과|소비자학|생활과학대학
충북대,식품영양학과,2028,2028 공식자료,생활과학대학,"수학, 과학",,,한국대학교육협의회·대입정보포털 어디가,2028학년도 권역별 대학별 권장과목(반영과목),https://www.adiga.kr/uct/ces/archiveView.do?menuId=PCUCTCES1000&prtlBbsId=26634,,중부권 / 충북 / 상위단위: 생활과학대학,식품영양학과|식품영양학|생활과학대학
충북대,의류학과,2028,2028 공식자료,생활과학대학,"사회(역사/도덕 포함), 과학",,,한국대학교육협의회·대입정보포털 어디가,2028학년도 권역별 대학별 권장과목(반영과목),https://www.adiga.kr/uct/ces/archiveView.do?menuId=PCUCTCES1000&prtlBbsId=26634,,중부권 / 충북 / 상위단위: 생활과학대학,의류학과|의류학|생활과학대학
충북대,주거환경학과,2028,2028 공식자료,생활과학대학,"사회(역사/도덕 포함), 과학",,,한국대학교육협의회·대입정보포털 어디가,2028학년도 권역별 대학별 권장과목(반영과목),https://www.adiga.kr/uct/ces/archiveView.do?menuId=PCUCTCES1000&prtlBbsId=26634,,중부권 / 충북 / 상위단위: 생활과학대학,주거환경학과|주거환경학|생활과학대학
충북대,사회학과,2028,2028 공식자료,사회과학대학,"영어, 사회(역사/도덕 포함)",,,한국대학교육협의회·대입정보포털 어디가,2028학년도 권역별 대학별 권장과목(반영과목),https://www.adiga.kr/uct/ces/archiveView.do?menuId=PCUCTCES1000&prtlBbsId=26634,,중부권 / 충북 / 상위단위: 사회과학대학,사회학과|사회학|사회과학대학
충북대,행정학과,2028,2028 공식자료,사회과학대학,"영어, 사회(역사/도덕 포함)",,,한국대학교육협의회·대입정보포털 어디가,2028학년도 권역별 대학별 권장과목(반영과목),https://www.adiga.kr/uct/ces/archiveView.do?menuId=PCUCTCES1000&prtlBbsId=26634,,중부권 / 충북 / 상위단위: 사회과학대학,행정학과|행정학|사회과학대학
충북대,정치외교학과,2028,2028 공식자료,사회과학대학,"영어, 사회(역사/도덕 포함)",,,한국대학교육협의회·대입정보포털 어디가,2028학년도 권역별 대학별 권장과목(반영과목),https://www.adiga.kr/uct/ces/archiveView.do?menuId=PCUCTCES1000&prtlBbsId=26634,,중부권 / 충북 / 상위단위: 사회과학대학,정치외교학과|정치외교학|사회과학대학
충북대,심리학과,2028,2028 공식자료,사회과학대학,"영어, 수학",,,한국대학교육협의회·대입정보포털 어디가,2028학년도 권역별 대학별 권장과목(반영과목),https://www.adiga.kr/uct/ces/archiveView.do?menuId=PCUCTCES1000&prtlBbsId=26634,,중부권 / 충북 / 상위단위: 사회과학대학,심리학과|심리학|사회과학대학
충북대,경제학과,2028,2028 공식자료,사회과학대학,"영어, 수학",,,한국대학교육협의회·대입정보포털 어디가,2028학년도 권역별 대학별 권장과목(반영과목),https://www.adiga.kr/uct/ces/archiveView.do?menuId=PCUCTCES1000&prtlBbsId=26634,,중부권 / 충북 / 상위단위: 사회과학대학,경제학과|경제학|사회과학대학|경제
충북대,경영학부,2028,2028 공식자료,경영대학,"영어, 사회(역사/도덕 포함)",,,한국대학교육협의회·대입정보포털 어디가,2028학년도 권역별 대학별 권장과목(반영과목),https://www.adiga.kr/uct/ces/archiveView.do?menuId=PCUCTCES1000&prtlBbsId=26634,,중부권 / 충북 / 상위단위: 경영대학,경영학부|경영|경영대학|경영학
충북대,국제경영학과,2028,2028 공식자료,경영대학,"영어, 사회(역사/도덕 포함)",,,한국대학교육협의회·대입정보포털 어디가,2028학년도 권역별 대학별 권장과목(반영과목),https://www.adiga.kr/uct/ces/archiveView.do?menuId=PCUCTCES1000&prtlBbsId=26634,,중부권 / 충북 / 상위단위: 경영대학,국제경영학과|국제경영학|경영대학|경영학|경영
충북대,경영정보학과,2028,2028 공식자료,경영대학,"영어, 사회(역사/도덕 포함)",,,한국대학교육협의회·대입정보포털 어디가,2028학년도 권역별 대학별 권장과목(반영과목),https://www.adiga.kr/uct/ces/archiveView.do?menuId=PCUCTCES1000&prtlBbsId=26634,,중부권 / 충북 / 상위단위: 경영대학,경영정보학과|경영정보학|경영대학
충북대,농업경제학과,2028,2028 공식자료,농업생명환경대학,"영어, 수학",,,한국대학교육협의회·대입정보포털 어디가,2028학년도 권역별 대학별 권장과목(반영과목),https://www.adiga.kr/uct/ces/archiveView.do?menuId=PCUCTCES1000&prtlBbsId=26634,,중부권 / 충북 / 상위단위: 농업생명환경대학,농업경제학과|농업경제학|농업생명환경대학|경제학|경제
충북대,농업경제학과 제외 모집단위,2028,2028 공식자료,농업생명환경대학,"수학, 과학",,,한국대학교육협의회·대입정보포털 어디가,2028학년도 권역별 대학별 권장과목(반영과목),https://www.adiga.kr/uct/ces/archiveView.do?menuId=PCUCTCES1000&prtlBbsId=26634,,중부권 / 충북 / 상위단위: 농업생명환경대학,농업경제학과 제외 모집단위|농업생명환경대학|경제학|경제
충북대,자연과학대학,2028,2028 공식자료,,"수학, 과학",,,한국대학교육협의회·대입정보포털 어디가,2028학년도 권역별 대학별 권장과목(반영과목),https://www.adiga.kr/uct/ces/archiveView.do?menuId=PCUCTCES1000&prtlBbsId=26634,,중부권 / 충북,자연과학대학
충북대,공과대학,2028,2028 공식자료,,"수학, 과학",,,한국대학교육협의회·대입정보포털 어디가,2028학년도 권역별 대학별 권장과목(반영과목),https://www.adiga.kr/uct/ces/archiveView.do?menuId=PCUCTCES1000&prtlBbsId=26634,,중부권 / 충북,공과대학
충북대,전자정보대학,2028,2028 공식자료,,"수학, 과학",,,한국대학교육협의회·대입정보포털 어디가,2028학년도 권역별 대학별 권장과목(반영과목),https://www.adiga.kr/uct/ces/archiveView.do?menuId=PCUCTCES1000&prtlBbsId=26634,,중부권 / 충북,전자정보대학
충북대,수의과대학,2028,2028 공식자료,,"영어, 과학",,,한국대학교육협의회·대입정보포털 어디가,2028학년도 권역별 대학별 권장과목(반영과목),https://www.adiga.kr/uct/ces/archiveView.do?menuId=PCUCTCES1000&prtlBbsId=26634,,중부권 / 충북,수의과대학
충북대,약학대학,2028,2028 공식자료,,"영어, 과학",,,한국대학교육협의회·대입정보포털 어디가,2028학년도 권역별 대학별 권장과목(반영과목),https://www.adiga.kr/uct/ces/archiveView.do?menuId=PCUCTCES1000&prtlBbsId=26634,,중부권 / 충북,약학대학
충북대,의과대학,2028,2028 공식자료,,"영어, 과학",,,한국대학교육협의회·대입정보포털 어디가,2028학년도 권역별 대학별 권장과목(반영과목),https://www.adiga.kr/uct/ces/archiveView.do?menuId=PCUCTCES1000&prtlBbsId=26634,,중부권 / 충북,의과대학
충북대,간호대학,2028,2028 공식자료,,"영어, 과학",,,한국대학교육협의회·대입정보포털 어디가,2028학년도 권역별 대학별 권장과목(반영과목),https://www.adiga.kr/uct/ces/archiveView.do?menuId=PCUCTCES1000&prtlBbsId=26634,,중부권 / 충북,간호대학
충북대,창의융합대학,2028,2028 공식자료,,"영어, 과학",,,한국대학교육협의회·대입정보포털 어디가,2028학년도 권역별 대학별 권장과목(반영과목),https://www.adiga.kr/uct/ces/archiveView.do?menuId=PCUCTCES1000&prtlBbsId=26634,,중부권 / 충북,창의융합대학
단국대 (천안),인문사회계열광역,2028,2028 공식자료,인문계열,"국어, 수학, 영어, 사회",,"일반선택 과목 이수 후 진로와 적성에 맞게 진로선택 과목, 융합선택 과목을 이수할 것.",한국대학교육협의회·대입정보포털 어디가,2028학년도 권역별 대학별 권장과목(반영과목),https://www.adiga.kr/uct/ces/archiveView.do?menuId=PCUCTCES1000&prtlBbsId=26634,,중부권 / 충남 / 상위단위: 인문계열,인문사회계열광역|인문계열|인문
단국대 (천안),외국어대학,2028,2028 공식자료,인문계열,"국어, 수학, 영어, 사회",,"일반선택 과목 이수 후 진로와 적성에 맞게 진로선택 과목, 융합선택 과목을 이수할 것.",한국대학교육협의회·대입정보포털 어디가,2028학년도 권역별 대학별 권장과목(반영과목),https://www.adiga.kr/uct/ces/archiveView.do?menuId=PCUCTCES1000&prtlBbsId=26634,,중부권 / 충남 / 상위단위: 인문계열,외국어대학|인문계열|인문
단국대 (천안),공공인재대학,2028,2028 공식자료,인문계열,"국어, 수학, 영어, 사회",,"일반선택 과목 이수 후 진로와 적성에 맞게 진로선택 과목, 융합선택 과목을 이수할 것.",한국대학교육협의회·대입정보포털 어디가,2028학년도 권역별 대학별 권장과목(반영과목),https://www.adiga.kr/uct/ces/archiveView.do?menuId=PCUCTCES1000&prtlBbsId=26634,,중부권 / 충남 / 상위단위: 인문계열,공공인재대학|인문계열|인문
단국대 (천안),보건과학대학,2028,2028 공식자료,인문계열,"국어, 수학, 영어, 사회",,"일반선택 과목 이수 후 진로와 적성에 맞게 진로선택 과목, 융합선택 과목을 이수할 것.",한국대학교육협의회·대입정보포털 어디가,2028학년도 권역별 대학별 권장과목(반영과목),https://www.adiga.kr/uct/ces/archiveView.do?menuId=PCUCTCES1000&prtlBbsId=26634,,중부권 / 충남 / 상위단위: 인문계열,보건과학대학|인문계열|인문
단국대 (천안),자연공학계열광역,2028,2028 공식자료,자연계열,"국어, 수학, 영어, 과학",,"일반선택 과목 이수 후 진로와 적성에 맞게 진로선택 과목, 융합선택 과목을 이수할 것.",한국대학교육협의회·대입정보포털 어디가,2028학년도 권역별 대학별 권장과목(반영과목),https://www.adiga.kr/uct/ces/archiveView.do?menuId=PCUCTCES1000&prtlBbsId=26634,,중부권 / 충남 / 상위단위: 자연계열,자연공학계열광역|자연계열|자연
단국대 (천안),과학기술대학,2028,2028 공식자료,자연계열,"국어, 수학, 영어, 과학",,"일반선택 과목 이수 후 진로와 적성에 맞게 진로선택 과목, 융합선택 과목을 이수할 것.",한국대학교육협의회·대입정보포털 어디가,2028학년도 권역별 대학별 권장과목(반영과목),https://www.adiga.kr/uct/ces/archiveView.do?menuId=PCUCTCES1000&prtlBbsId=26634,,중부권 / 충남 / 상위단위: 자연계열,과학기술대학|자연계열|자연
단국대 (천안),바이오융합대학,2028,2028 공식자료,자연계열,"국어, 수학, 영어, 과학",,"일반선택 과목 이수 후 진로와 적성에 맞게 진로선택 과목, 융합선택 과목을 이수할 것.",한국대학교육협의회·대입정보포털 어디가,2028학년도 권역별 대학별 권장과목(반영과목),https://www.adiga.kr/uct/ces/archiveView.do?menuId=PCUCTCES1000&prtlBbsId=26634,,중부권 / 충남 / 상위단위: 자연계열,바이오융합대학|자연계열|자연
단국대 (천안),보건과학대학,2028,2028 공식자료,자연계열,"국어, 수학, 영어, 과학",,"일반선택 과목 이수 후 진로와 적성에 맞게 진로선택 과목, 융합선택 과목을 이수할 것.",한국대학교육협의회·대입정보포털 어디가,2028학년도 권역별 대학별 권장과목(반영과목),https://www.adiga.kr/uct/ces/archiveView.do?menuId=PCUCTCES1000&prtlBbsId=26634,,중부권 / 충남 / 상위단위: 자연계열,보건과학대학|자연계열|자연
단국대 (천안),의과대학,2028,2028 공식자료,자연계열,"국어, 수학, 영어, 과학",,"일반선택 과목 이수 후 진로와 적성에 맞게 진로선택 과목, 융합선택 과목을 이수할 것.",한국대학교육협의회·대입정보포털 어디가,2028학년도 권역별 대학별 권장과목(반영과목),https://www.adiga.kr/uct/ces/archiveView.do?menuId=PCUCTCES1000&prtlBbsId=26634,,중부권 / 충남 / 상위단위: 자연계열,의과대학|자연계열|자연
단국대 (천안),치과대학,2028,2028 공식자료,자연계열,"국어, 수학, 영어, 과학",,"일반선택 과목 이수 후 진로와 적성에 맞게 진로선택 과목, 융합선택 과목을 이수할 것.",한국대학교육협의회·대입정보포털 어디가,2028학년도 권역별 대학별 권장과목(반영과목),https://www.adiga.kr/uct/ces/archiveView.do?menuId=PCUCTCES1000&prtlBbsId=26634,,중부권 / 충남 / 상위단위: 자연계열,치과대학|자연계열|자연
단국대 (천안),약학대학,2028,2028 공식자료,자연계열,"국어, 수학, 영어, 과학",,"일반선택 과목 이수 후 진로와 적성에 맞게 진로선택 과목, 융합선택 과목을 이수할 것.",한국대학교육협의회·대입정보포털 어디가,2028학년도 권역별 대학별 권장과목(반영과목),https://www.adiga.kr/uct/ces/archiveView.do?menuId=PCUCTCES1000&prtlBbsId=26634,,중부권 / 충남 / 상위단위: 자연계열,약학대학|자연계열|자연
한국기술교육대,기계공학부,2028,2028 공식자료,공합융합계열,"국어, 수학, 영어, 과학",,,한국대학교육협의회·대입정보포털 어디가,2028학년도 권역별 대학별 권장과목(반영과목),https://www.adiga.kr/uct/ces/archiveView.do?menuId=PCUCTCES1000&prtlBbsId=26634,,중부권 / 충남 / 상위단위: 공합융합계열,기계공학부|기계공|공합융합계열|공합융합|기계공학|기계
한국기술교육대,메카트로닉스공학부,2028,2028 공식자료,공합융합계열,"국어, 수학, 영어, 과학",,,한국대학교육협의회·대입정보포털 어디가,2028학년도 권역별 대학별 권장과목(반영과목),https://www.adiga.kr/uct/ces/archiveView.do?menuId=PCUCTCES1000&prtlBbsId=26634,,중부권 / 충남 / 상위단위: 공합융합계열,메카트로닉스공학부|메카트로닉스공|공합융합계열|공합융합
한국기술교육대,디자인공학과,2028,2028 공식자료,공합융합계열,"국어, 수학, 영어, 과학",,,한국대학교육협의회·대입정보포털 어디가,2028학년도 권역별 대학별 권장과목(반영과목),https://www.adiga.kr/uct/ces/archiveView.do?menuId=PCUCTCES1000&prtlBbsId=26634,,중부권 / 충남 / 상위단위: 공합융합계열,디자인공학과|디자인공학|공합융합계열|공합융합
한국기술교육대,건축공학과,2028,2028 공식자료,공합융합계열,"국어, 수학, 영어, 과학",,,한국대학교육협의회·대입정보포털 어디가,2028학년도 권역별 대학별 권장과목(반영과목),https://www.adiga.kr/uct/ces/archiveView.do?menuId=PCUCTCES1000&prtlBbsId=26634,,중부권 / 충남 / 상위단위: 공합융합계열,건축공학과|건축공학|공합융합계열|공합융합
한국기술교육대,에너지신소재공학전공,2028,2028 공식자료,공합융합계열 에너지신소재화학공학부,"국어, 수학, 영어, 과학",,,한국대학교육협의회·대입정보포털 어디가,2028학년도 권역별 대학별 권장과목(반영과목),https://www.adiga.kr/uct/ces/archiveView.do?menuId=PCUCTCES1000&prtlBbsId=26634,,중부권 / 충남 / 상위단위: 공합융합계열 에너지신소재화학공학부,에너지신소재공학전공|에너지신소재공학|공합융합계열 에너지신소재화학공학부|공합융합계열 에너지신소재화학공
한국기술교육대,화학생명공학전공,2028,2028 공식자료,공합융합계열 에너지신소재화학공학부,"국어, 수학, 영어, 과학",,,한국대학교육협의회·대입정보포털 어디가,2028학년도 권역별 대학별 권장과목(반영과목),https://www.adiga.kr/uct/ces/archiveView.do?menuId=PCUCTCES1000&prtlBbsId=26634,,중부권 / 충남 / 상위단위: 공합융합계열 에너지신소재화학공학부,화학생명공학전공|화학생명공학|공합융합계열 에너지신소재화학공학부|공합융합계열 에너지신소재화학공
한국기술교육대,전기공학전공,2028,2028 공식자료,ICT융합계열 전기·전자·통신공학부,"국어, 수학, 영어, 과학",,,한국대학교육협의회·대입정보포털 어디가,2028학년도 권역별 대학별 권장과목(반영과목),https://www.adiga.kr/uct/ces/archiveView.do?menuId=PCUCTCES1000&prtlBbsId=26634,,중부권 / 충남 / 상위단위: ICT융합계열 전기·전자·통신공학부,전기공학전공|전기공학|ICT융합계열 전기·전자·통신공학부|ICT융합계열 전기·전자·통신공
한국기술교육대,전자공학전공,2028,2028 공식자료,ICT융합계열 전기·전자·통신공학부,"국어, 수학, 영어, 과학",,,한국대학교육협의회·대입정보포털 어디가,2028학년도 권역별 대학별 권장과목(반영과목),https://www.adiga.kr/uct/ces/archiveView.do?menuId=PCUCTCES1000&prtlBbsId=26634,,중부권 / 충남 / 상위단위: ICT융합계열 전기·전자·통신공학부,전자공학전공|전자공학|ICT융합계열 전기·전자·통신공학부|ICT융합계열 전기·전자·통신공
한국기술교육대,AI정보통신공학전공,2028,2028 공식자료,ICT융합계열 전기·전자·통신공학부,"국어, 수학, 영어, 과학",,,한국대학교육협의회·대입정보포털 어디가,2028학년도 권역별 대학별 권장과목(반영과목),https://www.adiga.kr/uct/ces/archiveView.do?menuId=PCUCTCES1000&prtlBbsId=26634,,중부권 / 충남 / 상위단위: ICT융합계열 전기·전자·통신공학부,AI정보통신공학전공|AI정보통신공학|ICT융합계열 전기·전자·통신공학부|ICT융합계열 전기·전자·통신공
한국기술교육대,컴퓨터공학전공,2028,2028 공식자료,ICT융합계열 컴퓨터공학부,"국어, 수학, 영어, 과학",,,한국대학교육협의회·대입정보포털 어디가,2028학년도 권역별 대학별 권장과목(반영과목),https://www.adiga.kr/uct/ces/archiveView.do?menuId=PCUCTCES1000&prtlBbsId=26634,,중부권 / 충남 / 상위단위: ICT융합계열 컴퓨터공학부,컴퓨터공학전공|컴퓨터공학|ICT융합계열 컴퓨터공학부|ICT융합계열 컴퓨터공
한국기술교육대,AI․소프트웨어전공,2028,2028 공식자료,ICT융합계열 컴퓨터공학부,"국어, 수학, 영어, 과학",,,한국대학교육협의회·대입정보포털 어디가,2028학년도 권역별 대학별 권장과목(반영과목),https://www.adiga.kr/uct/ces/archiveView.do?menuId=PCUCTCES1000&prtlBbsId=26634,,중부권 / 충남 / 상위단위: ICT융합계열 컴퓨터공학부,AI․소프트웨어전공|AI․소프트웨어|ICT융합계열 컴퓨터공학부|ICT융합계열 컴퓨터공
한국기술교육대,융합경영전공,2028,2028 공식자료,사회융합계열 경영학부,"국어, 수학, 영어, 사회",,,한국대학교육협의회·대입정보포털 어디가,2028학년도 권역별 대학별 권장과목(반영과목),https://www.adiga.kr/uct/ces/archiveView.do?menuId=PCUCTCES1000&prtlBbsId=26634,,중부권 / 충남 / 상위단위: 사회융합계열 경영학부,융합경영전공|융합경영|사회융합계열 경영학부|사회융합계열 경영
한국기술교육대,데이터경영전공,2028,2028 공식자료,사회융합계열 경영학부,"국어, 수학, 영어, 사회",,,한국대학교육협의회·대입정보포털 어디가,2028학년도 권역별 대학별 권장과목(반영과목),https://www.adiga.kr/uct/ces/archiveView.do?menuId=PCUCTCES1000&prtlBbsId=26634,,중부권 / 충남 / 상위단위: 사회융합계열 경영학부,데이터경영전공|데이터경영|사회융합계열 경영학부|사회융합계열 경영
한국기술교육대,고용서비스정책학과,2028,2028 공식자료,사회융합계열,"국어, 수학, 영어, 사회",,,한국대학교육협의회·대입정보포털 어디가,2028학년도 권역별 대학별 권장과목(반영과목),https://www.adiga.kr/uct/ces/archiveView.do?menuId=PCUCTCES1000&prtlBbsId=26634,,중부권 / 충남 / 상위단위: 사회융합계열,고용서비스정책학과|고용서비스정책학|사회융합계열|사회융합
광주교육대,초등교육과,2028,2028 공식자료,전 모집단위,전 과목,,초등교과교육에 필요한 균형 있는 교과(군) 이수 및 성취,한국대학교육협의회·대입정보포털 어디가,2028학년도 권역별 대학별 권장과목(반영과목),https://www.adiga.kr/uct/ces/archiveView.do?menuId=PCUCTCES1000&prtlBbsId=26634,,호남권 / 광주 / 상위단위: 전 모집단위,초등교육과|전 모집단위
전남대 (광주),간호학과,2028,2028 공식자료,간호대학,"영어, 수학, 과학",,"-물리학: 물리학, 역학과 에너지, 전자기와 양자 -화학: 화학, 물질과 에너지, 화학 반응의 세계 -생명과학: 생명과학, 세포와 물질대사, 생물의 유전 -지구과학: 지구과학, 지구시스템과학, 행성우주과학 - 과학: 상기 물리학, 화학, 생명과학, 지구과학 전 과목 *평가활용: 일반 및 진로선택 과목을 위주로 평가에 활용, 모집단위별 관련 교과(군)이나 과목 군의 일반선택 과목을 먼저 이수할 것을 권장함.",한국대학교육협의회·대입정보포털 어디가,2028학년도 권역별 대학별 권장과목(반영과목),https://www.adiga.kr/uct/ces/archiveView.do?menuId=PCUCTCES1000&prtlBbsId=26634,,호남권 / 광주 / 상위단위: 간호대학,간호학과|간호학|간호대학|간호
전남대 (광주),경영학부,2028,2028 공식자료,경영대학,"수학, 사회",,"-지리: 세계시민과 지리, 한국지리 탐구, 도시의 미래 탐구 -역사: 세계사, 동아시아 역사기행 -일반사회: 사회와 문화, 정치, 법과 사회, 경제, 국제관계의 이해 -윤리: 현대사회와 윤리, 윤리와 사상, 인문학과 윤리 -사회: 상기 지리, 역사, 일반사회, 윤리 전 과목 *평가활용: 일반 및 진로선택 과목을 위주로 평가에 활용, 모집단위별 관련 교과(군)이나 과목 군의 일반선택 과목을 먼저 이수할 것을 권장함.",한국대학교육협의회·대입정보포털 어디가,2028학년도 권역별 대학별 권장과목(반영과목),https://www.adiga.kr/uct/ces/archiveView.do?menuId=PCUCTCES1000&prtlBbsId=26634,,호남권 / 광주 / 상위단위: 경영대학,경영학부|경영|경영대학|경영학
전남대 (광주),경제학부,2028,2028 공식자료,경영대학,"수학, 영어, 사회",,"-지리: 세계시민과 지리, 한국지리 탐구, 도시의 미래 탐구 -역사: 세계사, 동아시아 역사기행 -일반사회: 사회와 문화, 정치, 법과 사회, 경제, 국제관계의 이해 -윤리: 현대사회와 윤리, 윤리와 사상, 인문학과 윤리 -사회: 상기 지리, 역사, 일반사회, 윤리 전 과목 *평가활용: 일반 및 진로선택 과목을 위주로 평가에 활용, 모집단위별 관련 교과(군)이나 과목 군의 일반선택 과목을 먼저 이수할 것을 권장함.",한국대학교육협의회·대입정보포털 어디가,2028학년도 권역별 대학별 권장과목(반영과목),https://www.adiga.kr/uct/ces/archiveView.do?menuId=PCUCTCES1000&prtlBbsId=26634,,호남권 / 광주 / 상위단위: 경영대학,경제학부|경제|경영대학|경제학
전남대 (광주),건축학부,2028,2028 공식자료,공과대학,"수학, 영어, 사회",,"-지리: 세계시민과 지리, 한국지리 탐구, 도시의 미래 탐구 -역사: 세계사, 동아시아 역사기행 -일반사회: 사회와 문화, 정치, 법과 사회, 경제, 국제관계의 이해 -윤리: 현대사회와 윤리, 윤리와 사상, 인문학과 윤리 -사회: 상기 지리, 역사, 일반사회, 윤리 전 과목 *평가활용: 일반 및 진로선택 과목을 위주로 평가에 활용, 모집단위별 관련 교과(군)이나 과목 군의 일반선택 과목을 먼저 이수할 것을 권장함.",한국대학교육협의회·대입정보포털 어디가,2028학년도 권역별 대학별 권장과목(반영과목),https://www.adiga.kr/uct/ces/archiveView.do?menuId=PCUCTCES1000&prtlBbsId=26634,,호남권 / 광주 / 상위단위: 공과대학,건축학부|건축|공과대학
전남대 (광주),토목공학과,2028,2028 공식자료,공과대학,"수학, 물리학",,"-물리학: 물리학, 역학과 에너지, 전자기와 양자 *평가활용: 일반 및 진로선택 과목을 위주로 평가에 활용, 모집단위별 관련 교과(군)이나 과목 군의 일반선택 과목을 먼저 이수할 것을 권장함.",한국대학교육협의회·대입정보포털 어디가,2028학년도 권역별 대학별 권장과목(반영과목),https://www.adiga.kr/uct/ces/archiveView.do?menuId=PCUCTCES1000&prtlBbsId=26634,,호남권 / 광주 / 상위단위: 공과대학,토목공학과|토목공학|공과대학
전남대 (광주),기계공학과,2028,2028 공식자료,공과대학,"수학, 물리학",,"-물리학: 물리학, 역학과 에너지, 전자기와 양자 *평가활용: 일반 및 진로선택 과목을 위주로 평가에 활용, 모집단위별 관련 교과(군)이나 과목 군의 일반선택 과목을 먼저 이수할 것을 권장함.",한국대학교육협의회·대입정보포털 어디가,2028학년도 권역별 대학별 권장과목(반영과목),https://www.adiga.kr/uct/ces/archiveView.do?menuId=PCUCTCES1000&prtlBbsId=26634,,호남권 / 광주 / 상위단위: 공과대학,기계공학과|기계공학|공과대학|기계
전남대 (광주),전자컴퓨터공학부,2028,2028 공식자료,공과대학,"수학, 물리학",,"-물리학: 물리학, 역학과 에너지, 전자기와 양자 *평가활용: 일반 및 진로선택 과목을 위주로 평가에 활용, 모집단위별 관련 교과(군)이나 과목 군의 일반선택 과목을 먼저 이수할 것을 권장함.",한국대학교육협의회·대입정보포털 어디가,2028학년도 권역별 대학별 권장과목(반영과목),https://www.adiga.kr/uct/ces/archiveView.do?menuId=PCUCTCES1000&prtlBbsId=26634,,호남권 / 광주 / 상위단위: 공과대학,전자컴퓨터공학부|전자컴퓨터공|공과대학|컴퓨터공학|컴공|컴퓨터과학|컴퓨터
전남대 (광주),전기공학과,2028,2028 공식자료,공과대학,"수학, 물리학",,"-물리학: 물리학, 역학과 에너지, 전자기와 양자 *평가활용: 일반 및 진로선택 과목을 위주로 평가에 활용, 모집단위별 관련 교과(군)이나 과목 군의 일반선택 과목을 먼저 이수할 것을 권장함.",한국대학교육협의회·대입정보포털 어디가,2028학년도 권역별 대학별 권장과목(반영과목),https://www.adiga.kr/uct/ces/archiveView.do?menuId=PCUCTCES1000&prtlBbsId=26634,,호남권 / 광주 / 상위단위: 공과대학,전기공학과|전기공학|공과대학
전남대 (광주),환경에너지공학과,2028,2028 공식자료,공과대학,"수학, 화학",,"-화학: 화학, 물질과 에너지, 화학 반응의 세계 *평가활용: 일반 및 진로선택 과목을 위주로 평가에 활용, 모집단위별 관련 교과(군)이나 과목 군의 일반선택 과목을 먼저 이수할 것을 권장함.",한국대학교육협의회·대입정보포털 어디가,2028학년도 권역별 대학별 권장과목(반영과목),https://www.adiga.kr/uct/ces/archiveView.do?menuId=PCUCTCES1000&prtlBbsId=26634,,호남권 / 광주 / 상위단위: 공과대학,환경에너지공학과|환경에너지공학|공과대학
전남대 (광주),고분자융합소재공학부,2028,2028 공식자료,공과대학,"수학, 화학",,"-화학: 화학, 물질과 에너지, 화학 반응의 세계 *평가활용: 일반 및 진로선택 과목을 위주로 평가에 활용, 모집단위별 관련 교과(군)이나 과목 군의 일반선택 과목을 먼저 이수할 것을 권장함.",한국대학교육협의회·대입정보포털 어디가,2028학년도 권역별 대학별 권장과목(반영과목),https://www.adiga.kr/uct/ces/archiveView.do?menuId=PCUCTCES1000&prtlBbsId=26634,,호남권 / 광주 / 상위단위: 공과대학,고분자융합소재공학부|고분자융합소재공|공과대학
전남대 (광주),에너지자원공학과,2028,2028 공식자료,공과대학,"수학, 물리학, 화학",,"-물리학: 물리학, 역학과 에너지, 전자기와 양자 -화학: 화학, 물질과 에너지, 화학 반응의 세계 *평가활용: 일반 및 진로선택 과목을 위주로 평가에 활용, 모집단위별 관련 교과(군)이나 과목 군의 일반선택 과목을 먼저 이수할 것을 권장함.",한국대학교육협의회·대입정보포털 어디가,2028학년도 권역별 대학별 권장과목(반영과목),https://www.adiga.kr/uct/ces/archiveView.do?menuId=PCUCTCES1000&prtlBbsId=26634,,호남권 / 광주 / 상위단위: 공과대학,에너지자원공학과|에너지자원공학|공과대학
전남대 (광주),신소재공학부,2028,2028 공식자료,공과대학,"수학, 물리학, 화학",,"-물리학: 물리학, 역학과 에너지, 전자기와 양자 -화학: 화학, 물질과 에너지, 화학 반응의 세계 *평가활용: 일반 및 진로선택 과목을 위주로 평가에 활용, 모집단위별 관련 교과(군)이나 과목 군의 일반선택 과목을 먼저 이수할 것을 권장함.",한국대학교육협의회·대입정보포털 어디가,2028학년도 권역별 대학별 권장과목(반영과목),https://www.adiga.kr/uct/ces/archiveView.do?menuId=PCUCTCES1000&prtlBbsId=26634,,호남권 / 광주 / 상위단위: 공과대학,신소재공학부|신소재공|공과대학|신소재공학|신소재|재료공학
전남대 (광주),화학공학부,2028,2028 공식자료,공과대학,"수학, 물리학, 화학",,"-물리학: 물리학, 역학과 에너지, 전자기와 양자 -화학: 화학, 물질과 에너지, 화학 반응의 세계 *평가활용: 일반 및 진로선택 과목을 위주로 평가에 활용, 모집단위별 관련 교과(군)이나 과목 군의 일반선택 과목을 먼저 이수할 것을 권장함.",한국대학교육협의회·대입정보포털 어디가,2028학년도 권역별 대학별 권장과목(반영과목),https://www.adiga.kr/uct/ces/archiveView.do?menuId=PCUCTCES1000&prtlBbsId=26634,,호남권 / 광주 / 상위단위: 공과대학,화학공학부|화학공|공과대학
전남대 (광주),산업공학과,2028,2028 공식자료,공과대학,"수학, 영어",,"*평가활용: 일반 및 진로선택 과목을 위주로 평가에 활용, 모집단위별 관련 교과(군)이나 과목 군의 일반선택 과목을 먼저 이수할 것을 권장함.",한국대학교육협의회·대입정보포털 어디가,2028학년도 권역별 대학별 권장과목(반영과목),https://www.adiga.kr/uct/ces/archiveView.do?menuId=PCUCTCES1000&prtlBbsId=26634,,호남권 / 광주 / 상위단위: 공과대학,산업공학과|산업공학|공과대학|산공
전남대 (광주),생물공학과,2028,2028 공식자료,공과대학,"수학, 화학, 생명과학",,"-화학: 화학, 물질과 에너지, 화학 반응의 세계 -생명과학: 생명과학, 세포와 물질대사, 생물의 유전 *평가활용: 일반 및 진로선택 과목을 위주로 평가에 활용, 모집단위별 관련 교과(군)이나 과목 군의 일반선택 과목을 먼저 이수할 것을 권장함.",한국대학교육협의회·대입정보포털 어디가,2028학년도 권역별 대학별 권장과목(반영과목),https://www.adiga.kr/uct/ces/archiveView.do?menuId=PCUCTCES1000&prtlBbsId=26634,,호남권 / 광주 / 상위단위: 공과대학,생물공학과|생물공학|공과대학
전남대 (광주),응용식물학과,2028,2028 공식자료,농업생명과학대학,"영어, 화학, 생명과학",,"-화학: 화학, 물질과 에너지, 화학 반응의 세계 -생명과학: 생명과학, 세포와 물질대사, 생물의 유전 *평가활용: 일반 및 진로선택 과목을 위주로 평가에 활용, 모집단위별 관련 교과(군)이나 과목 군의 일반선택 과목을 먼저 이수할 것을 권장함.",한국대학교육협의회·대입정보포털 어디가,2028학년도 권역별 대학별 권장과목(반영과목),https://www.adiga.kr/uct/ces/archiveView.do?menuId=PCUCTCES1000&prtlBbsId=26634,,호남권 / 광주 / 상위단위: 농업생명과학대학,응용식물학과|응용식물학|농업생명과학대학
전남대 (광주),원예생명공학과,2028,2028 공식자료,농업생명과학대학,"영어, 화학, 생명과학",,"-화학: 화학, 물질과 에너지, 화학 반응의 세계 -생명과학: 생명과학, 세포와 물질대사, 생물의 유전 *평가활용: 일반 및 진로선택 과목을 위주로 평가에 활용, 모집단위별 관련 교과(군)이나 과목 군의 일반선택 과목을 먼저 이수할 것을 권장함.",한국대학교육협의회·대입정보포털 어디가,2028학년도 권역별 대학별 권장과목(반영과목),https://www.adiga.kr/uct/ces/archiveView.do?menuId=PCUCTCES1000&prtlBbsId=26634,,호남권 / 광주 / 상위단위: 농업생명과학대학,원예생명공학과|원예생명공학|농업생명과학대학|생명공학|바이오공학|바이오
전남대 (광주),응용생물학과,2028,2028 공식자료,농업생명과학대학,"영어, 화학, 생명과학",,"-화학: 화학, 물질과 에너지, 화학 반응의 세계 -생명과학: 생명과학, 세포와 물질대사, 생물의 유전 *평가활용: 일반 및 진로선택 과목을 위주로 평가에 활용, 모집단위별 관련 교과(군)이나 과목 군의 일반선택 과목을 먼저 이수할 것을 권장함.",한국대학교육협의회·대입정보포털 어디가,2028학년도 권역별 대학별 권장과목(반영과목),https://www.adiga.kr/uct/ces/archiveView.do?menuId=PCUCTCES1000&prtlBbsId=26634,,호남권 / 광주 / 상위단위: 농업생명과학대학,응용생물학과|응용생물학|농업생명과학대학
전남대 (광주),산림자원학과,2028,2028 공식자료,농업생명과학대학,"영어, 화학, 생명과학",,"-화학: 화학, 물질과 에너지, 화학 반응의 세계 -생명과학: 생명과학, 세포와 물질대사, 생물의 유전 *평가활용: 일반 및 진로선택 과목을 위주로 평가에 활용, 모집단위별 관련 교과(군)이나 과목 군의 일반선택 과목을 먼저 이수할 것을 권장함.",한국대학교육협의회·대입정보포털 어디가,2028학년도 권역별 대학별 권장과목(반영과목),https://www.adiga.kr/uct/ces/archiveView.do?menuId=PCUCTCES1000&prtlBbsId=26634,,호남권 / 광주 / 상위단위: 농업생명과학대학,산림자원학과|산림자원학|농업생명과학대학
전남대 (광주),농생명화학과,2028,2028 공식자료,농업생명과학대학,"영어, 화학, 생명과학",,"-화학: 화학, 물질과 에너지, 화학 반응의 세계 -생명과학: 생명과학, 세포와 물질대사, 생물의 유전 *평가활용: 일반 및 진로선택 과목을 위주로 평가에 활용, 모집단위별 관련 교과(군)이나 과목 군의 일반선택 과목을 먼저 이수할 것을 권장함.",한국대학교육협의회·대입정보포털 어디가,2028학년도 권역별 대학별 권장과목(반영과목),https://www.adiga.kr/uct/ces/archiveView.do?menuId=PCUCTCES1000&prtlBbsId=26634,,호남권 / 광주 / 상위단위: 농업생명과학대학,농생명화학과|농생명화학|농업생명과학대학
전남대 (광주),식품공학과,2028,2028 공식자료,농업생명과학대학,"영어, 화학, 생명과학",,"-화학: 화학, 물질과 에너지, 화학 반응의 세계 -생명과학: 생명과학, 세포와 물질대사, 생물의 유전 *평가활용: 일반 및 진로선택 과목을 위주로 평가에 활용, 모집단위별 관련 교과(군)이나 과목 군의 일반선택 과목을 먼저 이수할 것을 권장함.",한국대학교육협의회·대입정보포털 어디가,2028학년도 권역별 대학별 권장과목(반영과목),https://www.adiga.kr/uct/ces/archiveView.do?menuId=PCUCTCES1000&prtlBbsId=26634,,호남권 / 광주 / 상위단위: 농업생명과학대학,식품공학과|식품공학|농업생명과학대학
전남대 (광주),분자생명공학과,2028,2028 공식자료,농업생명과학대학,"영어, 화학, 생명과학",,"-화학: 화학, 물질과 에너지, 화학 반응의 세계 -생명과학: 생명과학, 세포와 물질대사, 생물의 유전 *평가활용: 일반 및 진로선택 과목을 위주로 평가에 활용, 모집단위별 관련 교과(군)이나 과목 군의 일반선택 과목을 먼저 이수할 것을 권장함.",한국대학교육협의회·대입정보포털 어디가,2028학년도 권역별 대학별 권장과목(반영과목),https://www.adiga.kr/uct/ces/archiveView.do?menuId=PCUCTCES1000&prtlBbsId=26634,,호남권 / 광주 / 상위단위: 농업생명과학대학,분자생명공학과|분자생명공학|농업생명과학대학|생명공학|바이오공학|바이오
전남대 (광주),동물자원학부,2028,2028 공식자료,농업생명과학대학,"영어, 화학, 생명과학",,"-화학: 화학, 물질과 에너지, 화학 반응의 세계 -생명과학: 생명과학, 세포와 물질대사, 생물의 유전 *평가활용: 일반 및 진로선택 과목을 위주로 평가에 활용, 모집단위별 관련 교과(군)이나 과목 군의 일반선택 과목을 먼저 이수할 것을 권장함.",한국대학교육협의회·대입정보포털 어디가,2028학년도 권역별 대학별 권장과목(반영과목),https://www.adiga.kr/uct/ces/archiveView.do?menuId=PCUCTCES1000&prtlBbsId=26634,,호남권 / 광주 / 상위단위: 농업생명과학대학,동물자원학부|동물자원|농업생명과학대학
전남대 (광주),임산공학과,2028,2028 공식자료,농업생명과학대학,"수학, 영어, 생명과학",,"-생명과학: 생명과학, 세포와 물질대사, 생물의 유전 *평가활용: 일반 및 진로선택 과목을 위주로 평가에 활용, 모집단위별 관련 교과(군)이나 과목 군의 일반선택 과목을 먼저 이수할 것을 권장함.",한국대학교육협의회·대입정보포털 어디가,2028학년도 권역별 대학별 권장과목(반영과목),https://www.adiga.kr/uct/ces/archiveView.do?menuId=PCUCTCES1000&prtlBbsId=26634,,호남권 / 광주 / 상위단위: 농업생명과학대학,임산공학과|임산공학|농업생명과학대학
전남대 (광주),조경학과,2028,2028 공식자료,농업생명과학대학,"영어, 생명과학, 지구과학(행성우주과학 불요)",,"-생명과학: 생명과학, 세포와 물질대사, 생물의 유전 -지구과학: 지구과학, 지구시스템과학, 행성우주과학 *평가활용: 일반 및 진로선택 과목을 위주로 평가에 활용, 모집단위별 관련 교과(군)이나 과목 군의 일반선택 과목을 먼저 이수할 것을 권장함.",한국대학교육협의회·대입정보포털 어디가,2028학년도 권역별 대학별 권장과목(반영과목),https://www.adiga.kr/uct/ces/archiveView.do?menuId=PCUCTCES1000&prtlBbsId=26634,,호남권 / 광주 / 상위단위: 농업생명과학대학,조경학과|조경학|농업생명과학대학
전남대 (광주),지역·바이오시스템공학과,2028,2028 공식자료,농업생명과학대학,"수학, 물리학",,"-물리학: 물리학, 역학과 에너지, 전자기와 양자 *평가활용: 일반 및 진로선택 과목을 위주로 평가에 활용, 모집단위별 관련 교과(군)이나 과목 군의 일반선택 과목을 먼저 이수할 것을 권장함.",한국대학교육협의회·대입정보포털 어디가,2028학년도 권역별 대학별 권장과목(반영과목),https://www.adiga.kr/uct/ces/archiveView.do?menuId=PCUCTCES1000&prtlBbsId=26634,,호남권 / 광주 / 상위단위: 농업생명과학대학,지역·바이오시스템공학과|지역·바이오시스템공학|농업생명과학대학
전남대 (광주),바이오에너지공학과,2028,2028 공식자료,농업생명과학대학,"영어, 화학, 생명과학",,"-화학: 화학, 물질과 에너지, 화학 반응의 세계 -생명과학: 생명과학, 세포와 물질대사, 생물의 유전 *평가활용: 일반 및 진로선택 과목을 위주로 평가에 활용, 모집단위별 관련 교과(군)이나 과목 군의 일반선택 과목을 먼저 이수할 것을 권장함.",한국대학교육협의회·대입정보포털 어디가,2028학년도 권역별 대학별 권장과목(반영과목),https://www.adiga.kr/uct/ces/archiveView.do?menuId=PCUCTCES1000&prtlBbsId=26634,,호남권 / 광주 / 상위단위: 농업생명과학대학,바이오에너지공학과|바이오에너지공학|농업생명과학대학
전남대 (광주),농업경제학과,2028,2028 공식자료,농업생명과학대학,"수학, 영어, 사회",,"-지리: 세계시민과 지리, 한국지리 탐구, 도시의 미래 탐구 -역사: 세계사, 동아시아 역사기행 -일반사회: 사회와 문화, 정치, 법과 사회, 경제, 국제관계의 이해 -윤리: 현대사회와 윤리, 윤리와 사상, 인문학과 윤리 -사회: 상기 지리, 역사, 일반사회, 윤리 전 과목 *평가활용: 일반 및 진로선택 과목을 위주로 평가에 활용, 모집단위별 관련 교과(군)이나 과목 군의 일반선택 과목을 먼저 이수할 것을 권장함.",한국대학교육협의회·대입정보포털 어디가,2028학년도 권역별 대학별 권장과목(반영과목),https://www.adiga.kr/uct/ces/archiveView.do?menuId=PCUCTCES1000&prtlBbsId=26634,,호남권 / 광주 / 상위단위: 농업생명과학대학,농업경제학과|농업경제학|농업생명과학대학|경제학|경제
전남대 (광주),융합바이오시스템기계공학과,2028,2028 공식자료,농업생명과학대학,"수학, 물리학, 생명과학",,"-물리학: 물리학, 역학과 에너지, 전자기와 양자 -생명과학: 생명과학, 세포와 물질대사, 생물의 유전 *평가활용: 일반 및 진로선택 과목을 위주로 평가에 활용, 모집단위별 관련 교과(군)이나 과목 군의 일반선택 과목을 먼저 이수할 것을 권장함.",한국대학교육협의회·대입정보포털 어디가,2028학년도 권역별 대학별 권장과목(반영과목),https://www.adiga.kr/uct/ces/archiveView.do?menuId=PCUCTCES1000&prtlBbsId=26634,,호남권 / 광주 / 상위단위: 농업생명과학대학,융합바이오시스템기계공학과|융합바이오시스템기계공학|농업생명과학대학|기계공학|기계
전남대 (광주),국어교육과,2028,2028 공식자료,사범대학,국어,,,한국대학교육협의회·대입정보포털 어디가,2028학년도 권역별 대학별 권장과목(반영과목),https://www.adiga.kr/uct/ces/archiveView.do?menuId=PCUCTCES1000&prtlBbsId=26634,,호남권 / 광주 / 상위단위: 사범대학,국어교육과|사범대학
전남대 (광주),영어교육과,2028,2028 공식자료,사범대학,영어,,,한국대학교육협의회·대입정보포털 어디가,2028학년도 권역별 대학별 권장과목(반영과목),https://www.adiga.kr/uct/ces/archiveView.do?menuId=PCUCTCES1000&prtlBbsId=26634,,호남권 / 광주 / 상위단위: 사범대학,영어교육과|사범대학
전남대 (광주),교육학과,2028,2028 공식자료,사범대학,"국어, 영어, 사회",,"-지리: 세계시민과 지리, 한국지리 탐구, 도시의 미래 탐구 -역사: 세계사, 동아시아 역사기행 -일반사회: 사회와 문화, 정치, 법과 사회, 경제, 국제관계의 이해 -윤리: 현대사회와 윤리, 윤리와 사상, 인문학과 윤리 -사회: 상기 지리, 역사, 일반사회, 윤리 전 과목 *평가활용: 일반 및 진로선택 과목을 위주로 평가에 활용, 모집단위별 관련 교과(군)이나 과목 군의 일반선택 과목을 먼저 이수할 것을 권장함.",한국대학교육협의회·대입정보포털 어디가,2028학년도 권역별 대학별 권장과목(반영과목),https://www.adiga.kr/uct/ces/archiveView.do?menuId=PCUCTCES1000&prtlBbsId=26634,,호남권 / 광주 / 상위단위: 사범대학,교육학과|교육학|사범대학
전남대 (광주),유아교육과,2028,2028 공식자료,사범대학,"국어, 영어",,,한국대학교육협의회·대입정보포털 어디가,2028학년도 권역별 대학별 권장과목(반영과목),https://www.adiga.kr/uct/ces/archiveView.do?menuId=PCUCTCES1000&prtlBbsId=26634,,호남권 / 광주 / 상위단위: 사범대학,유아교육과|사범대학
전남대 (광주),지리교육과,2028,2028 공식자료,사범대학,"국어, 영어, 지리",,"-지리: 세계시민과 지리, 한국지리 탐구, 도시의 미래 탐구 *평가활용: 일반 및 진로선택 과목을 위주로 평가에 활용, 모집단위별 관련 교과(군)이나 과목 군의 일반선택 과목을 먼저 이수할 것을 권장함.",한국대학교육협의회·대입정보포털 어디가,2028학년도 권역별 대학별 권장과목(반영과목),https://www.adiga.kr/uct/ces/archiveView.do?menuId=PCUCTCES1000&prtlBbsId=26634,,호남권 / 광주 / 상위단위: 사범대학,지리교육과|사범대학
전남대 (광주),역사교육과,2028,2028 공식자료,사범대학,"국어, 역사",,"-역사: 세계사, 동아시아 역사기행 *평가활용: 일반 및 진로선택 과목을 위주로 평가에 활용, 모집단위별 관련 교과(군)이나 과목 군의 일반선택 과목을 먼저 이수할 것을 권장함.",한국대학교육협의회·대입정보포털 어디가,2028학년도 권역별 대학별 권장과목(반영과목),https://www.adiga.kr/uct/ces/archiveView.do?menuId=PCUCTCES1000&prtlBbsId=26634,,호남권 / 광주 / 상위단위: 사범대학,역사교육과|사범대학
전남대 (광주),윤리교육과,2028,2028 공식자료,사범대학,윤리,,"-윤리: 현대사회와 윤리, 윤리와 사상, 인문학과 윤리 *평가활용: 일반 및 진로선택 과목을 위주로 평가에 활용, 모집단위별 관련 교과(군)이나 과목 군의 일반선택 과목을 먼저 이수할 것을 권장함.",한국대학교육협의회·대입정보포털 어디가,2028학년도 권역별 대학별 권장과목(반영과목),https://www.adiga.kr/uct/ces/archiveView.do?menuId=PCUCTCES1000&prtlBbsId=26634,,호남권 / 광주 / 상위단위: 사범대학,윤리교육과|사범대학
전남대 (광주),수학교육과,2028,2028 공식자료,사범대학,수학,,,한국대학교육협의회·대입정보포털 어디가,2028학년도 권역별 대학별 권장과목(반영과목),https://www.adiga.kr/uct/ces/archiveView.do?menuId=PCUCTCES1000&prtlBbsId=26634,,호남권 / 광주 / 상위단위: 사범대학,수학교육과|사범대학
전남대 (광주),물리교육과,2028,2028 공식자료,사범대학,"수학, 물리학",,"-물리학: 물리학, 역학과 에너지, 전자기와 양자 *평가활용: 일반 및 진로선택 과목을 위주로 평가에 활용, 모집단위별 관련 교과(군)이나 과목 군의 일반선택 과목을 먼저 이수할 것을 권장함.",한국대학교육협의회·대입정보포털 어디가,2028학년도 권역별 대학별 권장과목(반영과목),https://www.adiga.kr/uct/ces/archiveView.do?menuId=PCUCTCES1000&prtlBbsId=26634,,호남권 / 광주 / 상위단위: 사범대학,물리교육과|사범대학
전남대 (광주),화학교육과,2028,2028 공식자료,사범대학,"수학, 화학",,"-화학: 화학, 물질과 에너지, 화학 반응의 세계 *평가활용: 일반 및 진로선택 과목을 위주로 평가에 활용, 모집단위별 관련 교과(군)이나 과목 군의 일반선택 과목을 먼저 이수할 것을 권장함.",한국대학교육협의회·대입정보포털 어디가,2028학년도 권역별 대학별 권장과목(반영과목),https://www.adiga.kr/uct/ces/archiveView.do?menuId=PCUCTCES1000&prtlBbsId=26634,,호남권 / 광주 / 상위단위: 사범대학,화학교육과|사범대학
전남대 (광주),생물교육과,2028,2028 공식자료,사범대학,"영어, 생명과학",,"-생명과학: 생명과학, 세포와 물질대사, 생물의 유전 *평가활용: 일반 및 진로선택 과목을 위주로 평가에 활용, 모집단위별 관련 교과(군)이나 과목 군의 일반선택 과목을 먼저 이수할 것을 권장함.",한국대학교육협의회·대입정보포털 어디가,2028학년도 권역별 대학별 권장과목(반영과목),https://www.adiga.kr/uct/ces/archiveView.do?menuId=PCUCTCES1000&prtlBbsId=26634,,호남권 / 광주 / 상위단위: 사범대학,생물교육과|사범대학
전남대 (광주),지구과학교육과,2028,2028 공식자료,사범대학,"수학, 물리학, 지구과학",,"-물리학: 물리학, 역학과 에너지, 전자기와 양자 -지구과학: 지구과학, 지구시스템과학, 행성우주과학 *평가활용: 일반 및 진로선택 과목을 위주로 평가에 활용, 모집단위별 관련 교과(군)이나 과목 군의 일반선택 과목을 먼저 이수할 것을 권장함.",한국대학교육협의회·대입정보포털 어디가,2028학년도 권역별 대학별 권장과목(반영과목),https://www.adiga.kr/uct/ces/archiveView.do?menuId=PCUCTCES1000&prtlBbsId=26634,,호남권 / 광주 / 상위단위: 사범대학,지구과학교육과|사범대학
전남대 (광주),가정교육과,2028,2028 공식자료,사범대학,"사회, 화학, 기술·가정/정보",,"-지리: 세계시민과 지리, 한국지리 탐구, 도시의 미래 탐구 -역사: 세계사, 동아시아 역사기행 -일반사회: 사회와 문화, 정치, 법과 사회, 경제, 국제관계의 이해 -윤리: 현대사회와 윤리, 윤리와 사상, 인문학과 윤리 -사회: 상기 지리, 역사, 일반사회, 윤리 전 과목 *평가활용: 일반 및 진로선택 과목을 위주로 평가에 활용, 모집단위별 관련 교과(군)이나 과목 군의 일반선택 과목을 먼저 이수할 것을 권장함.",한국대학교육협의회·대입정보포털 어디가,2028학년도 권역별 대학별 권장과목(반영과목),https://www.adiga.kr/uct/ces/archiveView.do?menuId=PCUCTCES1000&prtlBbsId=26634,,호남권 / 광주 / 상위단위: 사범대학,가정교육과|사범대학
전남대 (광주),특수교육학부,2028,2028 공식자료,사범대학,"국어, 사회, 윤리",,"-지리: 세계시민과 지리, 한국지리 탐구, 도시의 미래 탐구 -역사: 세계사, 동아시아 역사기행 -일반사회: 사회와 문화, 정치, 법과 사회, 경제, 국제관계의 이해 -윤리: 현대사회와 윤리, 윤리와 사상, 인문학과 윤리 -사회: 상기 지리, 역사, 일반사회, 윤리 전 과목 *평가활용: 일반 및 진로선택 과목을 위주로 평가에 활용, 모집단위별 관련 교과(군)이나 과목 군의 일반선택 과목을 먼저 이수할 것을 권장함.",한국대학교육협의회·대입정보포털 어디가,2028학년도 권역별 대학별 권장과목(반영과목),https://www.adiga.kr/uct/ces/archiveView.do?menuId=PCUCTCES1000&prtlBbsId=26634,,호남권 / 광주 / 상위단위: 사범대학,특수교육학부|특수교육|사범대학
전남대 (광주),정치외교학과,2028,2028 공식자료,사회과학대학,"영어, 사회",,"-지리: 세계시민과 지리, 한국지리 탐구, 도시의 미래 탐구 -역사: 세계사, 동아시아 역사기행 -일반사회: 사회와 문화, 정치, 법과 사회, 경제, 국제관계의 이해 -윤리: 현대사회와 윤리, 윤리와 사상, 인문학과 윤리 -사회: 상기 지리, 역사, 일반사회, 윤리 전 과목 -화학: 화학, 물질과 에너지, 화학 반응의 세계 *평가활용: 일반 및 진로선택 과목을 위주로 평가에 활용, 모집단위별 관련 교과(군)이나 과목 군의 일반선택 과목을 먼저 이수할 것을 권장함.",한국대학교육협의회·대입정보포털 어디가,2028학년도 권역별 대학별 권장과목(반영과목),https://www.adiga.kr/uct/ces/archiveView.do?menuId=PCUCTCES1000&prtlBbsId=26634,,호남권 / 광주 / 상위단위: 사회과학대학,정치외교학과|정치외교학|사회과학대학
전남대 (광주),사회학과,2028,2028 공식자료,사회과학대학,"영어, 사회",,"-지리: 세계시민과 지리, 한국지리 탐구, 도시의 미래 탐구 -역사: 세계사, 동아시아 역사기행 -일반사회: 사회와 문화, 정치, 법과 사회, 경제, 국제관계의 이해 -윤리: 현대사회와 윤리, 윤리와 사상, 인문학과 윤리 -사회: 상기 지리, 역사, 일반사회, 윤리 전 과목 *평가활용: 일반 및 진로선택 과목을 위주로 평가에 활용, 모집단위별 관련 교과(군)이나 과목 군의 일반선택 과목을 먼저 이수할 것을 권장함.",한국대학교육협의회·대입정보포털 어디가,2028학년도 권역별 대학별 권장과목(반영과목),https://www.adiga.kr/uct/ces/archiveView.do?menuId=PCUCTCES1000&prtlBbsId=26634,,호남권 / 광주 / 상위단위: 사회과학대학,사회학과|사회학|사회과학대학
전남대 (광주),심리학과,2028,2028 공식자료,사회과학대학,"영어, 사회",,"-지리: 세계시민과 지리, 한국지리 탐구, 도시의 미래 탐구 -역사: 세계사, 동아시아 역사기행 -일반사회: 사회와 문화, 정치, 법과 사회, 경제, 국제관계의 이해 -윤리: 현대사회와 윤리, 윤리와 사상, 인문학과 윤리 -사회: 상기 지리, 역사, 일반사회, 윤리 전 과목 *평가활용: 일반 및 진로선택 과목을 위주로 평가에 활용, 모집단위별 관련 교과(군)이나 과목 군의 일반선택 과목을 먼저 이수할 것을 권장함.",한국대학교육협의회·대입정보포털 어디가,2028학년도 권역별 대학별 권장과목(반영과목),https://www.adiga.kr/uct/ces/archiveView.do?menuId=PCUCTCES1000&prtlBbsId=26634,,호남권 / 광주 / 상위단위: 사회과학대학,심리학과|심리학|사회과학대학
전남대 (광주),행정학과,2028,2028 공식자료,사회과학대학,"영어, 사회",,"-지리: 세계시민과 지리, 한국지리 탐구, 도시의 미래 탐구 -역사: 세계사, 동아시아 역사기행 -일반사회: 사회와 문화, 정치, 법과 사회, 경제, 국제관계의 이해 -윤리: 현대사회와 윤리, 윤리와 사상, 인문학과 윤리 -사회: 상기 지리, 역사, 일반사회, 윤리 전 과목 *평가활용: 일반 및 진로선택 과목을 위주로 평가에 활용, 모집단위별 관련 교과(군)이나 과목 군의 일반선택 과목을 먼저 이수할 것을 권장함.",한국대학교육협의회·대입정보포털 어디가,2028학년도 권역별 대학별 권장과목(반영과목),https://www.adiga.kr/uct/ces/archiveView.do?menuId=PCUCTCES1000&prtlBbsId=26634,,호남권 / 광주 / 상위단위: 사회과학대학,행정학과|행정학|사회과학대학
전남대 (광주),문헌정보학과,2028,2028 공식자료,사회과학대학,"국어, 영어, 사회",,"-지리: 세계시민과 지리, 한국지리 탐구, 도시의 미래 탐구 -역사: 세계사, 동아시아 역사기행 -일반사회: 사회와 문화, 정치, 법과 사회, 경제, 국제관계의 이해 -윤리: 현대사회와 윤리, 윤리와 사상, 인문학과 윤리 -사회: 상기 지리, 역사, 일반사회, 윤리 전 과목 *평가활용: 일반 및 진로선택 과목을 위주로 평가에 활용, 모집단위별 관련 교과(군)이나 과목 군의 일반선택 과목을 먼저 이수할 것을 권장함.",한국대학교육협의회·대입정보포털 어디가,2028학년도 권역별 대학별 권장과목(반영과목),https://www.adiga.kr/uct/ces/archiveView.do?menuId=PCUCTCES1000&prtlBbsId=26634,,호남권 / 광주 / 상위단위: 사회과학대학,문헌정보학과|문헌정보학|사회과학대학
전남대 (광주),미디어커뮤니케이션학과,2028,2028 공식자료,사회과학대학,"국어, 영어, 사회",,"-지리: 세계시민과 지리, 한국지리 탐구, 도시의 미래 탐구 -역사: 세계사, 동아시아 역사기행 -일반사회: 사회와 문화, 정치, 법과 사회, 경제, 국제관계의 이해 -윤리: 현대사회와 윤리, 윤리와 사상, 인문학과 윤리 -사회: 상기 지리, 역사, 일반사회, 윤리 전 과목 *평가활용: 일반 및 진로선택 과목을 위주로 평가에 활용, 모집단위별 관련 교과(군)이나 과목 군의 일반선택 과목을 먼저 이수할 것을 권장함.",한국대학교육협의회·대입정보포털 어디가,2028학년도 권역별 대학별 권장과목(반영과목),https://www.adiga.kr/uct/ces/archiveView.do?menuId=PCUCTCES1000&prtlBbsId=26634,,호남권 / 광주 / 상위단위: 사회과학대학,미디어커뮤니케이션학과|미디어커뮤니케이션학|사회과학대학
전남대 (광주),지리학과,2028,2028 공식자료,사회과학대학,지리,,"-지리: 세계시민과 지리, 한국지리 탐구, 도시의 미래 탐구 *평가활용: 일반 및 진로선택 과목을 위주로 평가에 활용, 모집단위별 관련 교과(군)이나 과목 군의 일반선택 과목을 먼저 이수할 것을 권장함.",한국대학교육협의회·대입정보포털 어디가,2028학년도 권역별 대학별 권장과목(반영과목),https://www.adiga.kr/uct/ces/archiveView.do?menuId=PCUCTCES1000&prtlBbsId=26634,,호남권 / 광주 / 상위단위: 사회과학대학,지리학과|지리학|사회과학대학
전남대 (광주),문화인류고고학과,2028,2028 공식자료,사회과학대학,"영어, 사회, 역사",,"-지리: 세계시민과 지리, 한국지리 탐구, 도시의 미래 탐구 -역사: 세계사, 동아시아 역사기행 -일반사회: 사회와 문화, 정치, 법과 사회, 경제, 국제관계의 이해 -윤리: 현대사회와 윤리, 윤리와 사상, 인문학과 윤리 -사회: 상기 지리, 역사, 일반사회, 윤리 전 과목 -화학: 화학, 물질과 에너지, 화학 반응의 세계 *평가활용: 일반 및 진로선택 과목을 위주로 평가에 활용, 모집단위별 관련 교과(군)이나 과목 군의 일반선택 과목을 먼저 이수할 것을 권장함.",한국대학교육협의회·대입정보포털 어디가,2028학년도 권역별 대학별 권장과목(반영과목),https://www.adiga.kr/uct/ces/archiveView.do?menuId=PCUCTCES1000&prtlBbsId=26634,,호남권 / 광주 / 상위단위: 사회과학대학,문화인류고고학과|문화인류고고학|사회과학대학
전남대 (광주),생활복지학과,2028,2028 공식자료,생활과학대학,"국어, 영어, 사회",,"-지리: 세계시민과 지리, 한국지리 탐구, 도시의 미래 탐구 -역사: 세계사, 동아시아 역사기행 -일반사회: 사회와 문화, 정치, 법과 사회, 경제, 국제관계의 이해 -윤리: 현대사회와 윤리, 윤리와 사상, 인문학과 윤리 -사회: 상기 지리, 역사, 일반사회, 윤리 전 과목 -화학: 화학, 물질과 에너지, 화학 반응의 세계 *평가활용: 일반 및 진로선택 과목을 위주로 평가에 활용, 모집단위별 관련 교과(군)이나 과목 군의 일반선택 과목을 먼저 이수할 것을 권장함.",한국대학교육협의회·대입정보포털 어디가,2028학년도 권역별 대학별 권장과목(반영과목),https://www.adiga.kr/uct/ces/archiveView.do?menuId=PCUCTCES1000&prtlBbsId=26634,,호남권 / 광주 / 상위단위: 생활과학대학,생활복지학과|생활복지학|생활과학대학
전남대 (광주),식품영양과학부,2028,2028 공식자료,생활과학대학,"화학, 생명과학",,"-화학: 화학, 물질과 에너지, 화학 반응의 세계 -생명과학: 생명과학, 세포와 물질대사, 생물의 유전 *평가활용: 일반 및 진로선택 과목을 위주로 평가에 활용, 모집단위별 관련 교과(군)이나 과목 군의 일반선택 과목을 먼저 이수할 것을 권장함.",한국대학교육협의회·대입정보포털 어디가,2028학년도 권역별 대학별 권장과목(반영과목),https://www.adiga.kr/uct/ces/archiveView.do?menuId=PCUCTCES1000&prtlBbsId=26634,,호남권 / 광주 / 상위단위: 생활과학대학,식품영양과학부|식품영양과|생활과학대학
전남대 (광주),의류학과,2028,2028 공식자료,생활과학대학,"영어, 화학, 기술·가정/정보",,"-화학: 화학, 물질과 에너지, 화학 반응의 세계 *평가활용: 일반 및 진로선택 과목을 위주로 평가에 활용, 모집단위별 관련 교과(군)이나 과목 군의 일반선택 과목을 먼저 이수할 것을 권장함.",한국대학교육협의회·대입정보포털 어디가,2028학년도 권역별 대학별 권장과목(반영과목),https://www.adiga.kr/uct/ces/archiveView.do?menuId=PCUCTCES1000&prtlBbsId=26634,,호남권 / 광주 / 상위단위: 생활과학대학,의류학과|의류학|생활과학대학
전남대 (광주),수의예과,2028,2028 공식자료,수의과대학,"영어, 화학, 생명과학",,"-화학: 화학, 물질과 에너지, 화학 반응의 세계 -생명과학: 생명과학, 세포와 물질대사, 생물의 유전 *평가활용: 일반 및 진로선택 과목을 위주로 평가에 활용, 모집단위별 관련 교과(군)이나 과목 군의 일반선택 과목을 먼저 이수할 것을 권장함.",한국대학교육협의회·대입정보포털 어디가,2028학년도 권역별 대학별 권장과목(반영과목),https://www.adiga.kr/uct/ces/archiveView.do?menuId=PCUCTCES1000&prtlBbsId=26634,,호남권 / 광주 / 상위단위: 수의과대학,수의예과|수의과대학|의대|의학|의예
전남대 (광주),약학부,2028,2028 공식자료,약학대학,"수학, 화학, 생명과학",,"-화학: 화학, 물질과 에너지, 화학 반응의 세계 -생명과학: 생명과학, 세포와 물질대사, 생물의 유전 *평가활용: 일반 및 진로선택 과목을 위주로 평가에 활용, 모집단위별 관련 교과(군)이나 과목 군의 일반선택 과목을 먼저 이수할 것을 권장함.",한국대학교육협의회·대입정보포털 어디가,2028학년도 권역별 대학별 권장과목(반영과목),https://www.adiga.kr/uct/ces/archiveView.do?menuId=PCUCTCES1000&prtlBbsId=26634,,호남권 / 광주 / 상위단위: 약학대학,약학부|약|약학대학
전남대 (광주),의학과,2028,2028 공식자료,의과대학,"수학, 영어, 생명과학",,"-생명과학: 생명과학, 세포와 물질대사, 생물의 유전 *평가활용: 일반 및 진로선택 과목을 위주로 평가에 활용, 모집단위별 관련 교과(군)이나 과목 군의 일반선택 과목을 먼저 이수할 것을 권장함.",한국대학교육협의회·대입정보포털 어디가,2028학년도 권역별 대학별 권장과목(반영과목),https://www.adiga.kr/uct/ces/archiveView.do?menuId=PCUCTCES1000&prtlBbsId=26634,,호남권 / 광주 / 상위단위: 의과대학,의학과|의학|의과대학
전남대 (광주),국어국문학과,2028,2028 공식자료,인문대학,국어,,,한국대학교육협의회·대입정보포털 어디가,2028학년도 권역별 대학별 권장과목(반영과목),https://www.adiga.kr/uct/ces/archiveView.do?menuId=PCUCTCES1000&prtlBbsId=26634,,호남권 / 광주 / 상위단위: 인문대학,국어국문학과|국어국문학|인문대학
전남대 (광주),영어영문학과,2028,2028 공식자료,인문대학,"영어, 사회",,"-지리: 세계시민과 지리, 한국지리 탐구, 도시의 미래 탐구 -역사: 세계사, 동아시아 역사기행 -일반사회: 사회와 문화, 정치, 법과 사회, 경제, 국제관계의 이해 -윤리: 현대사회와 윤리, 윤리와 사상, 인문학과 윤리 -사회: 상기 지리, 역사, 일반사회, 윤리 전 과목 -화학: 화학, 물질과 에너지, 화학 반응의 세계 *평가활용: 일반 및 진로선택 과목을 위주로 평가에 활용, 모집단위별 관련 교과(군)이나 과목 군의 일반선택 과목을 먼저 이수할 것을 권장함.",한국대학교육협의회·대입정보포털 어디가,2028학년도 권역별 대학별 권장과목(반영과목),https://www.adiga.kr/uct/ces/archiveView.do?menuId=PCUCTCES1000&prtlBbsId=26634,,호남권 / 광주 / 상위단위: 인문대학,영어영문학과|영어영문학|인문대학
전남대 (광주),독일언어문학과,2028,2028 공식자료,인문대학,"영어, 독일어",,,한국대학교육협의회·대입정보포털 어디가,2028학년도 권역별 대학별 권장과목(반영과목),https://www.adiga.kr/uct/ces/archiveView.do?menuId=PCUCTCES1000&prtlBbsId=26634,,호남권 / 광주 / 상위단위: 인문대학,독일언어문학과|독일언어문학|인문대학
전남대 (광주),불어불문학과,2028,2028 공식자료,인문대학,"영어, 프랑스어",,,한국대학교육협의회·대입정보포털 어디가,2028학년도 권역별 대학별 권장과목(반영과목),https://www.adiga.kr/uct/ces/archiveView.do?menuId=PCUCTCES1000&prtlBbsId=26634,,호남권 / 광주 / 상위단위: 인문대학,불어불문학과|불어불문학|인문대학
전남대 (광주),중어중문학과,2028,2028 공식자료,인문대학,"국어, 중국어, 한문",,,한국대학교육협의회·대입정보포털 어디가,2028학년도 권역별 대학별 권장과목(반영과목),https://www.adiga.kr/uct/ces/archiveView.do?menuId=PCUCTCES1000&prtlBbsId=26634,,호남권 / 광주 / 상위단위: 인문대학,중어중문학과|중어중문학|인문대학
전남대 (광주),일어일문학과,2028,2028 공식자료,인문대학,일본어,,,한국대학교육협의회·대입정보포털 어디가,2028학년도 권역별 대학별 권장과목(반영과목),https://www.adiga.kr/uct/ces/archiveView.do?menuId=PCUCTCES1000&prtlBbsId=26634,,호남권 / 광주 / 상위단위: 인문대학,일어일문학과|일어일문학|인문대학
전남대 (광주),사학과,2028,2028 공식자료,인문대학,역사,,"-역사: 세계사, 동아시아 역사기행 *평가활용: 일반 및 진로선택 과목을 위주로 평가에 활용, 모집단위별 관련 교과(군)이나 과목 군의 일반선택 과목을 먼저 이수할 것을 권장함.",한국대학교육협의회·대입정보포털 어디가,2028학년도 권역별 대학별 권장과목(반영과목),https://www.adiga.kr/uct/ces/archiveView.do?menuId=PCUCTCES1000&prtlBbsId=26634,,호남권 / 광주 / 상위단위: 인문대학,사학과|사학|인문대학
전남대 (광주),철학과,2028,2028 공식자료,인문대학,"국어, 윤리",,"-윤리: 현대사회와 윤리, 윤리와 사상, 인문학과 윤리 *평가활용: 일반 및 진로선택 과목을 위주로 평가에 활용, 모집단위별 관련 교과(군)이나 과목 군의 일반선택 과목을 먼저 이수할 것을 권장함.",한국대학교육협의회·대입정보포털 어디가,2028학년도 권역별 대학별 권장과목(반영과목),https://www.adiga.kr/uct/ces/archiveView.do?menuId=PCUCTCES1000&prtlBbsId=26634,,호남권 / 광주 / 상위단위: 인문대학,철학과|철학|인문대학
전남대 (광주),수학과,2028,2028 공식자료,자연과학대학,"수학, 물리학",,"-물리학: 물리학, 역학과 에너지, 전자기와 양자 *평가활용: 일반 및 진로선택 과목을 위주로 평가에 활용, 모집단위별 관련 교과(군)이나 과목 군의 일반선택 과목을 먼저 이수할 것을 권장함.",한국대학교육협의회·대입정보포털 어디가,2028학년도 권역별 대학별 권장과목(반영과목),https://www.adiga.kr/uct/ces/archiveView.do?menuId=PCUCTCES1000&prtlBbsId=26634,,호남권 / 광주 / 상위단위: 자연과학대학,수학과|수학|자연과학대학
전남대 (광주),통계학과,2028,2028 공식자료,자연과학대학,"수학, 영어",,,한국대학교육협의회·대입정보포털 어디가,2028학년도 권역별 대학별 권장과목(반영과목),https://www.adiga.kr/uct/ces/archiveView.do?menuId=PCUCTCES1000&prtlBbsId=26634,,호남권 / 광주 / 상위단위: 자연과학대학,통계학과|통계학|자연과학대학
전남대 (광주),물리학과,2028,2028 공식자료,자연과학대학,"수학, 영어, 물리학",,"-물리학: 물리학, 역학과 에너지, 전자기와 양자 *평가활용: 일반 및 진로선택 과목을 위주로 평가에 활용, 모집단위별 관련 교과(군)이나 과목 군의 일반선택 과목을 먼저 이수할 것을 권장함.",한국대학교육협의회·대입정보포털 어디가,2028학년도 권역별 대학별 권장과목(반영과목),https://www.adiga.kr/uct/ces/archiveView.do?menuId=PCUCTCES1000&prtlBbsId=26634,,호남권 / 광주 / 상위단위: 자연과학대학,물리학과|물리학|자연과학대학
전남대 (광주),지구환경과학부,2028,2028 공식자료,자연과학대학,"수학, 물리학, 지구과학",,"-물리학: 물리학, 역학과 에너지, 전자기와 양자 -지구과학: 지구과학, 지구시스템과학, 행성우주과학 *평가활용: 일반 및 진로선택 과목을 위주로 평가에 활용, 모집단위별 관련 교과(군)이나 과목 군의 일반선택 과목을 먼저 이수할 것을 권장함.",한국대학교육협의회·대입정보포털 어디가,2028학년도 권역별 대학별 권장과목(반영과목),https://www.adiga.kr/uct/ces/archiveView.do?menuId=PCUCTCES1000&prtlBbsId=26634,,호남권 / 광주 / 상위단위: 자연과학대학,지구환경과학부|지구환경과|자연과학대학
전남대 (광주),생물학과,2028,2028 공식자료,자연과학대학,"영어, 화학, 생명과학",,"-화학: 화학, 물질과 에너지, 화학 반응의 세계 -생명과학: 생명과학, 세포와 물질대사, 생물의 유전 *평가활용: 일반 및 진로선택 과목을 위주로 평가에 활용, 모집단위별 관련 교과(군)이나 과목 군의 일반선택 과목을 먼저 이수할 것을 권장함.",한국대학교육협의회·대입정보포털 어디가,2028학년도 권역별 대학별 권장과목(반영과목),https://www.adiga.kr/uct/ces/archiveView.do?menuId=PCUCTCES1000&prtlBbsId=26634,,호남권 / 광주 / 상위단위: 자연과학대학,생물학과|생물학|자연과학대학
전남대 (광주),화학과,2028,2028 공식자료,자연과학대학,화학,,"-화학: 화학, 물질과 에너지, 화학 반응의 세계 *평가활용: 일반 및 진로선택 과목을 위주로 평가에 활용, 모집단위별 관련 교과(군)이나 과목 군의 일반선택 과목을 먼저 이수할 것을 권장함.",한국대학교육협의회·대입정보포털 어디가,2028학년도 권역별 대학별 권장과목(반영과목),https://www.adiga.kr/uct/ces/archiveView.do?menuId=PCUCTCES1000&prtlBbsId=26634,,호남권 / 광주 / 상위단위: 자연과학대학,화학과|화학|자연과학대학
전남대 (광주),생명과학기술학부,2028,2028 공식자료,자연과학대학,"영어, 화학, 생명과학",,"-화학: 화학, 물질과 에너지, 화학 반응의 세계 -생명과학: 생명과학, 세포와 물질대사, 생물의 유전 *평가활용: 일반 및 진로선택 과목을 위주로 평가에 활용, 모집단위별 관련 교과(군)이나 과목 군의 일반선택 과목을 먼저 이수할 것을 권장함.",한국대학교육협의회·대입정보포털 어디가,2028학년도 권역별 대학별 권장과목(반영과목),https://www.adiga.kr/uct/ces/archiveView.do?menuId=PCUCTCES1000&prtlBbsId=26634,,호남권 / 광주 / 상위단위: 자연과학대학,생명과학기술학부|생명과학기술|자연과학대학
전남대 (광주),인공지능학부,2028,2028 공식자료,AI융합대학,"수학, 영어",,,한국대학교육협의회·대입정보포털 어디가,2028학년도 권역별 대학별 권장과목(반영과목),https://www.adiga.kr/uct/ces/archiveView.do?menuId=PCUCTCES1000&prtlBbsId=26634,,호남권 / 광주 / 상위단위: AI융합대학,인공지능학부|인공지능|AI융합대학
전남대 (광주),빅데이터융합학과,2028,2028 공식자료,AI융합대학,"수학, 영어",,,한국대학교육협의회·대입정보포털 어디가,2028학년도 권역별 대학별 권장과목(반영과목),https://www.adiga.kr/uct/ces/archiveView.do?menuId=PCUCTCES1000&prtlBbsId=26634,,호남권 / 광주 / 상위단위: AI융합대학,빅데이터융합학과|빅데이터융합학|AI융합대학
전남대 (광주),미래모빌리티학과,2028,2028 공식자료,AI융합대학,"수학, 물리학",,"-물리학: 물리학, 역학과 에너지, 전자기와 양자 *평가활용: 일반 및 진로선택 과목을 위주로 평가에 활용, 모집단위별 관련 교과(군)이나 과목 군의 일반선택 과목을 먼저 이수할 것을 권장함.",한국대학교육협의회·대입정보포털 어디가,2028학년도 권역별 대학별 권장과목(반영과목),https://www.adiga.kr/uct/ces/archiveView.do?menuId=PCUCTCES1000&prtlBbsId=26634,,호남권 / 광주 / 상위단위: AI융합대학,미래모빌리티학과|미래모빌리티학|AI융합대학
전남대 (광주),자율전공학부(4년),2028,2028 공식자료,,"국어, 영어",,,한국대학교육협의회·대입정보포털 어디가,2028학년도 권역별 대학별 권장과목(반영과목),https://www.adiga.kr/uct/ces/archiveView.do?menuId=PCUCTCES1000&prtlBbsId=26634,,호남권 / 광주,자율전공학부(4년)
전남대 (광주),치의학전문대학원(학석사통합과정),2028,2028 공식자료,,"수학, 화학, 생명과학",,"-화학: 화학, 물질과 에너지, 화학 반응의 세계 -생명과학: 생명과학, 세포와 물질대사, 생물의 유전 *평가활용: 일반 및 진로선택 과목을 위주로 평가에 활용, 모집단위별 관련 교과(군)이나 과목 군의 일반선택 과목을 먼저 이수할 것을 권장함.",한국대학교육협의회·대입정보포털 어디가,2028학년도 권역별 대학별 권장과목(반영과목),https://www.adiga.kr/uct/ces/archiveView.do?menuId=PCUCTCES1000&prtlBbsId=26634,,호남권 / 광주,치의학전문대학원(학석사통합과정)
조선대,국어국문학부 국어국문학전공,2028,2028 공식자료,글로벌인문대학,"국어, 사회",,과목 선택 시 모집단위별 관련 교과(군)이나 과목군의 일반선택 과목을 먼저 이수할 것을 권장,한국대학교육협의회·대입정보포털 어디가,2028학년도 권역별 대학별 권장과목(반영과목),https://www.adiga.kr/uct/ces/archiveView.do?menuId=PCUCTCES1000&prtlBbsId=26634,,호남권 / 광주 / 상위단위: 글로벌인문대학,국어국문학부 국어국문학전공|국어국문학부 국어국문학|글로벌인문대학
조선대,문예창작학과,2028,2028 공식자료,글로벌인문대학,"국어, 사회",,과목 선택 시 모집단위별 관련 교과(군)이나 과목군의 일반선택 과목을 먼저 이수할 것을 권장,한국대학교육협의회·대입정보포털 어디가,2028학년도 권역별 대학별 권장과목(반영과목),https://www.adiga.kr/uct/ces/archiveView.do?menuId=PCUCTCES1000&prtlBbsId=26634,,호남권 / 광주 / 상위단위: 글로벌인문대학,문예창작학과|문예창작학|글로벌인문대학
조선대,영어영문학과,2028,2028 공식자료,글로벌인문대학,영어,,과목 선택 시 모집단위별 관련 교과(군)이나 과목군의 일반선택 과목을 먼저 이수할 것을 권장,한국대학교육협의회·대입정보포털 어디가,2028학년도 권역별 대학별 권장과목(반영과목),https://www.adiga.kr/uct/ces/archiveView.do?menuId=PCUCTCES1000&prtlBbsId=26634,,호남권 / 광주 / 상위단위: 글로벌인문대학,영어영문학과|영어영문학|글로벌인문대학
조선대,역사문화학과,2028,2028 공식자료,글로벌인문대학,"사회, 한국사",,과목 선택 시 모집단위별 관련 교과(군)이나 과목군의 일반선택 과목을 먼저 이수할 것을 권장,한국대학교육협의회·대입정보포털 어디가,2028학년도 권역별 대학별 권장과목(반영과목),https://www.adiga.kr/uct/ces/archiveView.do?menuId=PCUCTCES1000&prtlBbsId=26634,,호남권 / 광주 / 상위단위: 글로벌인문대학,역사문화학과|역사문화학|글로벌인문대학
조선대,일본어과,2028,2028 공식자료,글로벌인문대학,"국어, 영어, 사회",,과목 선택 시 모집단위별 관련 교과(군)이나 과목군의 일반선택 과목을 먼저 이수할 것을 권장,한국대학교육협의회·대입정보포털 어디가,2028학년도 권역별 대학별 권장과목(반영과목),https://www.adiga.kr/uct/ces/archiveView.do?menuId=PCUCTCES1000&prtlBbsId=26634,,호남권 / 광주 / 상위단위: 글로벌인문대학,일본어과|글로벌인문대학
조선대,아시아언어문화학부 중국어문화학전공,2028,2028 공식자료,글로벌인문대학,"국어, 영어, 사회",,과목 선택 시 모집단위별 관련 교과(군)이나 과목군의 일반선택 과목을 먼저 이수할 것을 권장,한국대학교육협의회·대입정보포털 어디가,2028학년도 권역별 대학별 권장과목(반영과목),https://www.adiga.kr/uct/ces/archiveView.do?menuId=PCUCTCES1000&prtlBbsId=26634,,호남권 / 광주 / 상위단위: 글로벌인문대학,아시아언어문화학부 중국어문화학전공|아시아언어문화학부 중국어문화학|글로벌인문대학
조선대,글로벌비즈니스커뮤니케이션학과,2028,2028 공식자료,글로벌인문대학,"국어, 영어",,과목 선택 시 모집단위별 관련 교과(군)이나 과목군의 일반선택 과목을 먼저 이수할 것을 권장,한국대학교육협의회·대입정보포털 어디가,2028학년도 권역별 대학별 권장과목(반영과목),https://www.adiga.kr/uct/ces/archiveView.do?menuId=PCUCTCES1000&prtlBbsId=26634,,호남권 / 광주 / 상위단위: 글로벌인문대학,글로벌비즈니스커뮤니케이션학과|글로벌비즈니스커뮤니케이션학|글로벌인문대학
조선대,K-컬쳐공연·기획학과,2028,2028 공식자료,글로벌인문대학,"국어, 영어",,과목 선택 시 모집단위별 관련 교과(군)이나 과목군의 일반선택 과목을 먼저 이수할 것을 권장,한국대학교육협의회·대입정보포털 어디가,2028학년도 권역별 대학별 권장과목(반영과목),https://www.adiga.kr/uct/ces/archiveView.do?menuId=PCUCTCES1000&prtlBbsId=26634,,호남권 / 광주 / 상위단위: 글로벌인문대학,K-컬쳐공연·기획학과|K-컬쳐공연·기획학|글로벌인문대학
조선대,반도체화학과,2028,2028 공식자료,자연과학·공공보건안전대학,과학,,과목 선택 시 모집단위별 관련 교과(군)이나 과목군의 일반선택 과목을 먼저 이수할 것을 권장,한국대학교육협의회·대입정보포털 어디가,2028학년도 권역별 대학별 권장과목(반영과목),https://www.adiga.kr/uct/ces/archiveView.do?menuId=PCUCTCES1000&prtlBbsId=26634,,호남권 / 광주 / 상위단위: 자연과학·공공보건안전대학,반도체화학과|반도체화학|자연과학·공공보건안전대학
조선대,생명과학과,2028,2028 공식자료,자연과학·공공보건안전대학,과학,,과목 선택 시 모집단위별 관련 교과(군)이나 과목군의 일반선택 과목을 먼저 이수할 것을 권장,한국대학교육협의회·대입정보포털 어디가,2028학년도 권역별 대학별 권장과목(반영과목),https://www.adiga.kr/uct/ces/archiveView.do?menuId=PCUCTCES1000&prtlBbsId=26634,,호남권 / 광주 / 상위단위: 자연과학·공공보건안전대학,생명과학과|생명과학|자연과학·공공보건안전대학
조선대,의생명과학부,2028,2028 공식자료,자연과학·공공보건안전대학,"영어, 과학",,과목 선택 시 모집단위별 관련 교과(군)이나 과목군의 일반선택 과목을 먼저 이수할 것을 권장,한국대학교육협의회·대입정보포털 어디가,2028학년도 권역별 대학별 권장과목(반영과목),https://www.adiga.kr/uct/ces/archiveView.do?menuId=PCUCTCES1000&prtlBbsId=26634,,호남권 / 광주 / 상위단위: 자연과학·공공보건안전대학,의생명과학부|의생명과|자연과학·공공보건안전대학
조선대,식품영양학과,2028,2028 공식자료,자연과학·공공보건안전대학,"영어, 과학",,과목 선택 시 모집단위별 관련 교과(군)이나 과목군의 일반선택 과목을 먼저 이수할 것을 권장,한국대학교육협의회·대입정보포털 어디가,2028학년도 권역별 대학별 권장과목(반영과목),https://www.adiga.kr/uct/ces/archiveView.do?menuId=PCUCTCES1000&prtlBbsId=26634,,호남권 / 광주 / 상위단위: 자연과학·공공보건안전대학,식품영양학과|식품영양학|자연과학·공공보건안전대학
조선대,경찰행정학과,2028,2028 공식자료,자연과학·공공보건안전대학,"영어, 사회",,과목 선택 시 모집단위별 관련 교과(군)이나 과목군의 일반선택 과목을 먼저 이수할 것을 권장,한국대학교육협의회·대입정보포털 어디가,2028학년도 권역별 대학별 권장과목(반영과목),https://www.adiga.kr/uct/ces/archiveView.do?menuId=PCUCTCES1000&prtlBbsId=26634,,호남권 / 광주 / 상위단위: 자연과학·공공보건안전대학,경찰행정학과|경찰행정학|자연과학·공공보건안전대학
조선대,상담심리학과,2028,2028 공식자료,자연과학·공공보건안전대학,"국어, 영어",,과목 선택 시 모집단위별 관련 교과(군)이나 과목군의 일반선택 과목을 먼저 이수할 것을 권장,한국대학교육협의회·대입정보포털 어디가,2028학년도 권역별 대학별 권장과목(반영과목),https://www.adiga.kr/uct/ces/archiveView.do?menuId=PCUCTCES1000&prtlBbsId=26634,,호남권 / 광주 / 상위단위: 자연과학·공공보건안전대학,상담심리학과|상담심리학|자연과학·공공보건안전대학
조선대,언어치료학과,2028,2028 공식자료,자연과학·공공보건안전대학,"국어, 영어",,과목 선택 시 모집단위별 관련 교과(군)이나 과목군의 일반선택 과목을 먼저 이수할 것을 권장,한국대학교육협의회·대입정보포털 어디가,2028학년도 권역별 대학별 권장과목(반영과목),https://www.adiga.kr/uct/ces/archiveView.do?menuId=PCUCTCES1000&prtlBbsId=26634,,호남권 / 광주 / 상위단위: 자연과학·공공보건안전대학,언어치료학과|언어치료학|자연과학·공공보건안전대학
조선대,작업치료학과,2028,2028 공식자료,자연과학·공공보건안전대학,"영어, 수학",,과목 선택 시 모집단위별 관련 교과(군)이나 과목군의 일반선택 과목을 먼저 이수할 것을 권장,한국대학교육협의회·대입정보포털 어디가,2028학년도 권역별 대학별 권장과목(반영과목),https://www.adiga.kr/uct/ces/archiveView.do?menuId=PCUCTCES1000&prtlBbsId=26634,,호남권 / 광주 / 상위단위: 자연과학·공공보건안전대학,작업치료학과|작업치료학|자연과학·공공보건안전대학
조선대,소방재난관리학과,2028,2028 공식자료,자연과학·공공보건안전대학,"수학, 과학",,과목 선택 시 모집단위별 관련 교과(군)이나 과목군의 일반선택 과목을 먼저 이수할 것을 권장,한국대학교육협의회·대입정보포털 어디가,2028학년도 권역별 대학별 권장과목(반영과목),https://www.adiga.kr/uct/ces/archiveView.do?menuId=PCUCTCES1000&prtlBbsId=26634,,호남권 / 광주 / 상위단위: 자연과학·공공보건안전대학,소방재난관리학과|소방재난관리학|자연과학·공공보건안전대학
조선대,법학과,2028,2028 공식자료,법사회대학,"국어, 사회",,과목 선택 시 모집단위별 관련 교과(군)이나 과목군의 일반선택 과목을 먼저 이수할 것을 권장,한국대학교육협의회·대입정보포털 어디가,2028학년도 권역별 대학별 권장과목(반영과목),https://www.adiga.kr/uct/ces/archiveView.do?menuId=PCUCTCES1000&prtlBbsId=26634,,호남권 / 광주 / 상위단위: 법사회대학,법학과|법학|법사회대학
조선대,공공인재법무학과,2028,2028 공식자료,법사회대학,"국어, 사회",,과목 선택 시 모집단위별 관련 교과(군)이나 과목군의 일반선택 과목을 먼저 이수할 것을 권장,한국대학교육협의회·대입정보포털 어디가,2028학년도 권역별 대학별 권장과목(반영과목),https://www.adiga.kr/uct/ces/archiveView.do?menuId=PCUCTCES1000&prtlBbsId=26634,,호남권 / 광주 / 상위단위: 법사회대학,공공인재법무학과|공공인재법무학|법사회대학
조선대,미디어커뮤니케이션학과,2028,2028 공식자료,법사회대학,"국어, 사회",,과목 선택 시 모집단위별 관련 교과(군)이나 과목군의 일반선택 과목을 먼저 이수할 것을 권장,한국대학교육협의회·대입정보포털 어디가,2028학년도 권역별 대학별 권장과목(반영과목),https://www.adiga.kr/uct/ces/archiveView.do?menuId=PCUCTCES1000&prtlBbsId=26634,,호남권 / 광주 / 상위단위: 법사회대학,미디어커뮤니케이션학과|미디어커뮤니케이션학|법사회대학
조선대,행정복지학부,2028,2028 공식자료,법사회대학,"영어, 사회",,과목 선택 시 모집단위별 관련 교과(군)이나 과목군의 일반선택 과목을 먼저 이수할 것을 권장,한국대학교육협의회·대입정보포털 어디가,2028학년도 권역별 대학별 권장과목(반영과목),https://www.adiga.kr/uct/ces/archiveView.do?menuId=PCUCTCES1000&prtlBbsId=26634,,호남권 / 광주 / 상위단위: 법사회대학,행정복지학부|행정복지|법사회대학
조선대,정치외교학과,2028,2028 공식자료,법사회대학,사회,,과목 선택 시 모집단위별 관련 교과(군)이나 과목군의 일반선택 과목을 먼저 이수할 것을 권장,한국대학교육협의회·대입정보포털 어디가,2028학년도 권역별 대학별 권장과목(반영과목),https://www.adiga.kr/uct/ces/archiveView.do?menuId=PCUCTCES1000&prtlBbsId=26634,,호남권 / 광주 / 상위단위: 법사회대학,정치외교학과|정치외교학|법사회대학
조선대,경영학부,2028,2028 공식자료,경상대학,"영어, 수학",,과목 선택 시 모집단위별 관련 교과(군)이나 과목군의 일반선택 과목을 먼저 이수할 것을 권장,한국대학교육협의회·대입정보포털 어디가,2028학년도 권역별 대학별 권장과목(반영과목),https://www.adiga.kr/uct/ces/archiveView.do?menuId=PCUCTCES1000&prtlBbsId=26634,,호남권 / 광주 / 상위단위: 경상대학,경영학부|경영|경상대학|경영학
조선대,경제학과,2028,2028 공식자료,경상대학,"수학, 사회",,과목 선택 시 모집단위별 관련 교과(군)이나 과목군의 일반선택 과목을 먼저 이수할 것을 권장,한국대학교육협의회·대입정보포털 어디가,2028학년도 권역별 대학별 권장과목(반영과목),https://www.adiga.kr/uct/ces/archiveView.do?menuId=PCUCTCES1000&prtlBbsId=26634,,호남권 / 광주 / 상위단위: 경상대학,경제학과|경제학|경상대학|경제
조선대,무역학과,2028,2028 공식자료,경상대학,"영어, 사회",,과목 선택 시 모집단위별 관련 교과(군)이나 과목군의 일반선택 과목을 먼저 이수할 것을 권장,한국대학교육협의회·대입정보포털 어디가,2028학년도 권역별 대학별 권장과목(반영과목),https://www.adiga.kr/uct/ces/archiveView.do?menuId=PCUCTCES1000&prtlBbsId=26634,,호남권 / 광주 / 상위단위: 경상대학,무역학과|무역학|경상대학
조선대,건축공학과,2028,2028 공식자료,공과대학,수학,,과목 선택 시 모집단위별 관련 교과(군)이나 과목군의 일반선택 과목을 먼저 이수할 것을 권장,한국대학교육협의회·대입정보포털 어디가,2028학년도 권역별 대학별 권장과목(반영과목),https://www.adiga.kr/uct/ces/archiveView.do?menuId=PCUCTCES1000&prtlBbsId=26634,,호남권 / 광주 / 상위단위: 공과대학,건축공학과|건축공학|공과대학
조선대,건축학과(5년제),2028,2028 공식자료,공과대학,"수학, 사회",,과목 선택 시 모집단위별 관련 교과(군)이나 과목군의 일반선택 과목을 먼저 이수할 것을 권장,한국대학교육협의회·대입정보포털 어디가,2028학년도 권역별 대학별 권장과목(반영과목),https://www.adiga.kr/uct/ces/archiveView.do?menuId=PCUCTCES1000&prtlBbsId=26634,,호남권 / 광주 / 상위단위: 공과대학,건축학과(5년제)|공과대학
조선대,기계공학과,2028,2028 공식자료,공과대학,"수학, 과학",,과목 선택 시 모집단위별 관련 교과(군)이나 과목군의 일반선택 과목을 먼저 이수할 것을 권장,한국대학교육협의회·대입정보포털 어디가,2028학년도 권역별 대학별 권장과목(반영과목),https://www.adiga.kr/uct/ces/archiveView.do?menuId=PCUCTCES1000&prtlBbsId=26634,,호남권 / 광주 / 상위단위: 공과대학,기계공학과|기계공학|공과대학|기계
조선대,항공우주공학과,2028,2028 공식자료,공과대학,"수학, 과학",,과목 선택 시 모집단위별 관련 교과(군)이나 과목군의 일반선택 과목을 먼저 이수할 것을 권장,한국대학교육협의회·대입정보포털 어디가,2028학년도 권역별 대학별 권장과목(반영과목),https://www.adiga.kr/uct/ces/archiveView.do?menuId=PCUCTCES1000&prtlBbsId=26634,,호남권 / 광주 / 상위단위: 공과대학,항공우주공학과|항공우주공학|공과대학
조선대,선박해양공학과,2028,2028 공식자료,공과대학,"수학, 과학",,과목 선택 시 모집단위별 관련 교과(군)이나 과목군의 일반선택 과목을 먼저 이수할 것을 권장,한국대학교육협의회·대입정보포털 어디가,2028학년도 권역별 대학별 권장과목(반영과목),https://www.adiga.kr/uct/ces/archiveView.do?menuId=PCUCTCES1000&prtlBbsId=26634,,호남권 / 광주 / 상위단위: 공과대학,선박해양공학과|선박해양공학|공과대학
조선대,생명화학공학과,2028,2028 공식자료,공과대학,"수학, 과학",,과목 선택 시 모집단위별 관련 교과(군)이나 과목군의 일반선택 과목을 먼저 이수할 것을 권장,한국대학교육협의회·대입정보포털 어디가,2028학년도 권역별 대학별 권장과목(반영과목),https://www.adiga.kr/uct/ces/archiveView.do?menuId=PCUCTCES1000&prtlBbsId=26634,,호남권 / 광주 / 상위단위: 공과대학,생명화학공학과|생명화학공학|공과대학
조선대,신소재공학과,2028,2028 공식자료,공과대학,"수학, 과학",,과목 선택 시 모집단위별 관련 교과(군)이나 과목군의 일반선택 과목을 먼저 이수할 것을 권장,한국대학교육협의회·대입정보포털 어디가,2028학년도 권역별 대학별 권장과목(반영과목),https://www.adiga.kr/uct/ces/archiveView.do?menuId=PCUCTCES1000&prtlBbsId=26634,,호남권 / 광주 / 상위단위: 공과대학,신소재공학과|신소재공학|공과대학|신소재|재료공학
조선대,전기공학과,2028,2028 공식자료,공과대학,"수학, 과학",,과목 선택 시 모집단위별 관련 교과(군)이나 과목군의 일반선택 과목을 먼저 이수할 것을 권장,한국대학교육협의회·대입정보포털 어디가,2028학년도 권역별 대학별 권장과목(반영과목),https://www.adiga.kr/uct/ces/archiveView.do?menuId=PCUCTCES1000&prtlBbsId=26634,,호남권 / 광주 / 상위단위: 공과대학,전기공학과|전기공학|공과대학
조선대,환경공학과,2028,2028 공식자료,공과대학,"수학, 과학",,과목 선택 시 모집단위별 관련 교과(군)이나 과목군의 일반선택 과목을 먼저 이수할 것을 권장,한국대학교육협의회·대입정보포털 어디가,2028학년도 권역별 대학별 권장과목(반영과목),https://www.adiga.kr/uct/ces/archiveView.do?menuId=PCUCTCES1000&prtlBbsId=26634,,호남권 / 광주 / 상위단위: 공과대학,환경공학과|환경공학|공과대학
조선대,전자공학과,2028,2028 공식자료,공과대학,"수학, 과학",,과목 선택 시 모집단위별 관련 교과(군)이나 과목군의 일반선택 과목을 먼저 이수할 것을 권장,한국대학교육협의회·대입정보포털 어디가,2028학년도 권역별 대학별 권장과목(반영과목),https://www.adiga.kr/uct/ces/archiveView.do?menuId=PCUCTCES1000&prtlBbsId=26634,,호남권 / 광주 / 상위단위: 공과대학,전자공학과|전자공학|공과대학
조선대,토목공학과,2028,2028 공식자료,공과대학,"수학, 과학",,과목 선택 시 모집단위별 관련 교과(군)이나 과목군의 일반선택 과목을 먼저 이수할 것을 권장,한국대학교육협의회·대입정보포털 어디가,2028학년도 권역별 대학별 권장과목(반영과목),https://www.adiga.kr/uct/ces/archiveView.do?menuId=PCUCTCES1000&prtlBbsId=26634,,호남권 / 광주 / 상위단위: 공과대학,토목공학과|토목공학|공과대학
조선대,컴퓨터공학전공,2028,2028 공식자료,IT융합대학,"수학, 과학",,과목 선택 시 모집단위별 관련 교과(군)이나 과목군의 일반선택 과목을 먼저 이수할 것을 권장,한국대학교육협의회·대입정보포털 어디가,2028학년도 권역별 대학별 권장과목(반영과목),https://www.adiga.kr/uct/ces/archiveView.do?menuId=PCUCTCES1000&prtlBbsId=26634,,호남권 / 광주 / 상위단위: IT융합대학,컴퓨터공학전공|컴퓨터공학|IT융합대학
조선대,정보통신공학전공,2028,2028 공식자료,IT융합대학,"수학, 과학",,과목 선택 시 모집단위별 관련 교과(군)이나 과목군의 일반선택 과목을 먼저 이수할 것을 권장,한국대학교육협의회·대입정보포털 어디가,2028학년도 권역별 대학별 권장과목(반영과목),https://www.adiga.kr/uct/ces/archiveView.do?menuId=PCUCTCES1000&prtlBbsId=26634,,호남권 / 광주 / 상위단위: IT융합대학,정보통신공학전공|정보통신공학|IT융합대학
조선대,정보보안전공,2028,2028 공식자료,IT융합대학,"수학, 과학",,과목 선택 시 모집단위별 관련 교과(군)이나 과목군의 일반선택 과목을 먼저 이수할 것을 권장,한국대학교육협의회·대입정보포털 어디가,2028학년도 권역별 대학별 권장과목(반영과목),https://www.adiga.kr/uct/ces/archiveView.do?menuId=PCUCTCES1000&prtlBbsId=26634,,호남권 / 광주 / 상위단위: IT융합대학,정보보안전공|정보보안|IT융합대학
조선대,모빌리티SW전공,2028,2028 공식자료,IT융합대학,"수학, 과학",,과목 선택 시 모집단위별 관련 교과(군)이나 과목군의 일반선택 과목을 먼저 이수할 것을 권장,한국대학교육협의회·대입정보포털 어디가,2028학년도 권역별 대학별 권장과목(반영과목),https://www.adiga.kr/uct/ces/archiveView.do?menuId=PCUCTCES1000&prtlBbsId=26634,,호남권 / 광주 / 상위단위: IT융합대학,모빌리티SW전공|모빌리티SW|IT융합대학
조선대,인공지능공학전공,2028,2028 공식자료,IT융합대학,"영어, 수학",,과목 선택 시 모집단위별 관련 교과(군)이나 과목군의 일반선택 과목을 먼저 이수할 것을 권장,한국대학교육협의회·대입정보포털 어디가,2028학년도 권역별 대학별 권장과목(반영과목),https://www.adiga.kr/uct/ces/archiveView.do?menuId=PCUCTCES1000&prtlBbsId=26634,,호남권 / 광주 / 상위단위: IT융합대학,인공지능공학전공|인공지능공학|IT융합대학
조선대,국어교육과,2028,2028 공식자료,사범대학,국어,,과목 선택 시 모집단위별 관련 교과(군)이나 과목군의 일반선택 과목을 먼저 이수할 것을 권장,한국대학교육협의회·대입정보포털 어디가,2028학년도 권역별 대학별 권장과목(반영과목),https://www.adiga.kr/uct/ces/archiveView.do?menuId=PCUCTCES1000&prtlBbsId=26634,,호남권 / 광주 / 상위단위: 사범대학,국어교육과|사범대학
조선대,영어교육과,2028,2028 공식자료,사범대학,영어,,과목 선택 시 모집단위별 관련 교과(군)이나 과목군의 일반선택 과목을 먼저 이수할 것을 권장,한국대학교육협의회·대입정보포털 어디가,2028학년도 권역별 대학별 권장과목(반영과목),https://www.adiga.kr/uct/ces/archiveView.do?menuId=PCUCTCES1000&prtlBbsId=26634,,호남권 / 광주 / 상위단위: 사범대학,영어교육과|사범대학
조선대,특수교육과,2028,2028 공식자료,사범대학,"국어, 수학",,과목 선택 시 모집단위별 관련 교과(군)이나 과목군의 일반선택 과목을 먼저 이수할 것을 권장,한국대학교육협의회·대입정보포털 어디가,2028학년도 권역별 대학별 권장과목(반영과목),https://www.adiga.kr/uct/ces/archiveView.do?menuId=PCUCTCES1000&prtlBbsId=26634,,호남권 / 광주 / 상위단위: 사범대학,특수교육과|사범대학
조선대,수학교육과,2028,2028 공식자료,사범대학,수학,,과목 선택 시 모집단위별 관련 교과(군)이나 과목군의 일반선택 과목을 먼저 이수할 것을 권장,한국대학교육협의회·대입정보포털 어디가,2028학년도 권역별 대학별 권장과목(반영과목),https://www.adiga.kr/uct/ces/archiveView.do?menuId=PCUCTCES1000&prtlBbsId=26634,,호남권 / 광주 / 상위단위: 사범대학,수학교육과|사범대학
조선대,물리교육과,2028,2028 공식자료,사범대학,"과학, 수학",,과목 선택 시 모집단위별 관련 교과(군)이나 과목군의 일반선택 과목을 먼저 이수할 것을 권장,한국대학교육협의회·대입정보포털 어디가,2028학년도 권역별 대학별 권장과목(반영과목),https://www.adiga.kr/uct/ces/archiveView.do?menuId=PCUCTCES1000&prtlBbsId=26634,,호남권 / 광주 / 상위단위: 사범대학,물리교육과|사범대학
조선대,화학교육과,2028,2028 공식자료,사범대학,과학,,과목 선택 시 모집단위별 관련 교과(군)이나 과목군의 일반선택 과목을 먼저 이수할 것을 권장,한국대학교육협의회·대입정보포털 어디가,2028학년도 권역별 대학별 권장과목(반영과목),https://www.adiga.kr/uct/ces/archiveView.do?menuId=PCUCTCES1000&prtlBbsId=26634,,호남권 / 광주 / 상위단위: 사범대학,화학교육과|사범대학
조선대,생물교육과,2028,2028 공식자료,사범대학,과학,,과목 선택 시 모집단위별 관련 교과(군)이나 과목군의 일반선택 과목을 먼저 이수할 것을 권장,한국대학교육협의회·대입정보포털 어디가,2028학년도 권역별 대학별 권장과목(반영과목),https://www.adiga.kr/uct/ces/archiveView.do?menuId=PCUCTCES1000&prtlBbsId=26634,,호남권 / 광주 / 상위단위: 사범대학,생물교육과|사범대학
조선대,지구과학교육과,2028,2028 공식자료,사범대학,"수학, 과학",,과목 선택 시 모집단위별 관련 교과(군)이나 과목군의 일반선택 과목을 먼저 이수할 것을 권장,한국대학교육협의회·대입정보포털 어디가,2028학년도 권역별 대학별 권장과목(반영과목),https://www.adiga.kr/uct/ces/archiveView.do?menuId=PCUCTCES1000&prtlBbsId=26634,,호남권 / 광주 / 상위단위: 사범대학,지구과학교육과|사범대학
조선대,교육학과,2028,2028 공식자료,사범대학,"국어, 영어",,과목 선택 시 모집단위별 관련 교과(군)이나 과목군의 일반선택 과목을 먼저 이수할 것을 권장,한국대학교육협의회·대입정보포털 어디가,2028학년도 권역별 대학별 권장과목(반영과목),https://www.adiga.kr/uct/ces/archiveView.do?menuId=PCUCTCES1000&prtlBbsId=26634,,호남권 / 광주 / 상위단위: 사범대학,교육학과|교육학|사범대학
조선대,의예과,2028,2028 공식자료,의과대학,"수학, 과학",,과목 선택 시 모집단위별 관련 교과(군)이나 과목군의 일반선택 과목을 먼저 이수할 것을 권장,한국대학교육협의회·대입정보포털 어디가,2028학년도 권역별 대학별 권장과목(반영과목),https://www.adiga.kr/uct/ces/archiveView.do?menuId=PCUCTCES1000&prtlBbsId=26634,,호남권 / 광주 / 상위단위: 의과대학,의예과|의과대학|의대|의학|의예
조선대,간호학과,2028,2028 공식자료,의과대학,"영어, 과학",,과목 선택 시 모집단위별 관련 교과(군)이나 과목군의 일반선택 과목을 먼저 이수할 것을 권장,한국대학교육협의회·대입정보포털 어디가,2028학년도 권역별 대학별 권장과목(반영과목),https://www.adiga.kr/uct/ces/archiveView.do?menuId=PCUCTCES1000&prtlBbsId=26634,,호남권 / 광주 / 상위단위: 의과대학,간호학과|간호학|의과대학|간호
조선대,치의예과,2028,2028 공식자료,치과대학,"수학, 과학",,과목 선택 시 모집단위별 관련 교과(군)이나 과목군의 일반선택 과목을 먼저 이수할 것을 권장,한국대학교육협의회·대입정보포털 어디가,2028학년도 권역별 대학별 권장과목(반영과목),https://www.adiga.kr/uct/ces/archiveView.do?menuId=PCUCTCES1000&prtlBbsId=26634,,호남권 / 광주 / 상위단위: 치과대학,치의예과|치과대학|의대|의학|의예
조선대,약학과,2028,2028 공식자료,약학대학,"수학, 과학",,과목 선택 시 모집단위별 관련 교과(군)이나 과목군의 일반선택 과목을 먼저 이수할 것을 권장,한국대학교육협의회·대입정보포털 어디가,2028학년도 권역별 대학별 권장과목(반영과목),https://www.adiga.kr/uct/ces/archiveView.do?menuId=PCUCTCES1000&prtlBbsId=26634,,호남권 / 광주 / 상위단위: 약학대학,약학과|약학|약학대학|약대
조선대,현대조형미디어전공,2028,2028 공식자료,미술대학,"국어, 사회",,과목 선택 시 모집단위별 관련 교과(군)이나 과목군의 일반선택 과목을 먼저 이수할 것을 권장,한국대학교육협의회·대입정보포털 어디가,2028학년도 권역별 대학별 권장과목(반영과목),https://www.adiga.kr/uct/ces/archiveView.do?menuId=PCUCTCES1000&prtlBbsId=26634,,호남권 / 광주 / 상위단위: 미술대학,현대조형미디어전공|현대조형미디어|미술대학
조선대,가구·도자기디자인전공,2028,2028 공식자료,미술대학,"국어, 사회",,과목 선택 시 모집단위별 관련 교과(군)이나 과목군의 일반선택 과목을 먼저 이수할 것을 권장,한국대학교육협의회·대입정보포털 어디가,2028학년도 권역별 대학별 권장과목(반영과목),https://www.adiga.kr/uct/ces/archiveView.do?menuId=PCUCTCES1000&prtlBbsId=26634,,호남권 / 광주 / 상위단위: 미술대학,가구·도자기디자인전공|가구·도자기디자인|미술대학
조선대,시각문화큐레이터전공,2028,2028 공식자료,미술대학,"국어, 사회",,과목 선택 시 모집단위별 관련 교과(군)이나 과목군의 일반선택 과목을 먼저 이수할 것을 권장,한국대학교육협의회·대입정보포털 어디가,2028학년도 권역별 대학별 권장과목(반영과목),https://www.adiga.kr/uct/ces/archiveView.do?menuId=PCUCTCES1000&prtlBbsId=26634,,호남권 / 광주 / 상위단위: 미술대학,시각문화큐레이터전공|시각문화큐레이터|미술대학
조선대,섬유·패션디자인전공,2028,2028 공식자료,미술대학,"국어, 사회",,과목 선택 시 모집단위별 관련 교과(군)이나 과목군의 일반선택 과목을 먼저 이수할 것을 권장,한국대학교육협의회·대입정보포털 어디가,2028학년도 권역별 대학별 권장과목(반영과목),https://www.adiga.kr/uct/ces/archiveView.do?menuId=PCUCTCES1000&prtlBbsId=26634,,호남권 / 광주 / 상위단위: 미술대학,섬유·패션디자인전공|섬유·패션디자인|미술대학
조선대,디자인공학과,2028,2028 공식자료,미술대학,국어,,과목 선택 시 모집단위별 관련 교과(군)이나 과목군의 일반선택 과목을 먼저 이수할 것을 권장,한국대학교육협의회·대입정보포털 어디가,2028학년도 권역별 대학별 권장과목(반영과목),https://www.adiga.kr/uct/ces/archiveView.do?menuId=PCUCTCES1000&prtlBbsId=26634,,호남권 / 광주 / 상위단위: 미술대학,디자인공학과|디자인공학|미술대학
조선대,체육학과,2028,2028 공식자료,체육대학,국어,,과목 선택 시 모집단위별 관련 교과(군)이나 과목군의 일반선택 과목을 먼저 이수할 것을 권장,한국대학교육협의회·대입정보포털 어디가,2028학년도 권역별 대학별 권장과목(반영과목),https://www.adiga.kr/uct/ces/archiveView.do?menuId=PCUCTCES1000&prtlBbsId=26634,,호남권 / 광주 / 상위단위: 체육대학,체육학과|체육학|체육대학
조선대,스포츠산업학과,2028,2028 공식자료,체육대학,"국어, 영어",,과목 선택 시 모집단위별 관련 교과(군)이나 과목군의 일반선택 과목을 먼저 이수할 것을 권장,한국대학교육협의회·대입정보포털 어디가,2028학년도 권역별 대학별 권장과목(반영과목),https://www.adiga.kr/uct/ces/archiveView.do?menuId=PCUCTCES1000&prtlBbsId=26634,,호남권 / 광주 / 상위단위: 체육대학,스포츠산업학과|스포츠산업학|체육대학
조선대,태권도학과,2028,2028 공식자료,체육대학,국어,,과목 선택 시 모집단위별 관련 교과(군)이나 과목군의 일반선택 과목을 먼저 이수할 것을 권장,한국대학교육협의회·대입정보포털 어디가,2028학년도 권역별 대학별 권장과목(반영과목),https://www.adiga.kr/uct/ces/archiveView.do?menuId=PCUCTCES1000&prtlBbsId=26634,,호남권 / 광주 / 상위단위: 체육대학,태권도학과|태권도학|체육대학
조선대,자유전공학부,2028,2028 공식자료,,영어,,과목 선택 시 모집단위별 관련 교과(군)이나 과목군의 일반선택 과목을 먼저 이수할 것을 권장,한국대학교육협의회·대입정보포털 어디가,2028학년도 권역별 대학별 권장과목(반영과목),https://www.adiga.kr/uct/ces/archiveView.do?menuId=PCUCTCES1000&prtlBbsId=26634,,호남권 / 광주,자유전공학부|자유전공
원광대,의예과,2028,2028 공식자료,의약학계열,"대수, 미적분Ⅰ, 미적분Ⅱ, 기하, 확률과 통계, 화학, 생명과학, 물질과 에너지, 화학 반응의 세계, 세포와 물질대사, 생물의 유전",,,한국대학교육협의회·대입정보포털 어디가,2028학년도 권역별 대학별 권장과목(반영과목),https://www.adiga.kr/uct/ces/archiveView.do?menuId=PCUCTCES1000&prtlBbsId=26634,,호남권 / 전북 / 상위단위: 의약학계열,의예과|의약학계열|의약학|의대|의학|의예
원광대,치의예과(자연),2028,2028 공식자료,의약학계열,"대수, 미적분Ⅰ, 미적분Ⅱ, 기하, 확률과 통계, 화학, 생명과학, 물질과 에너지, 화학 반응의 세계, 세포와 물질대사, 생물의 유전",,,한국대학교육협의회·대입정보포털 어디가,2028학년도 권역별 대학별 권장과목(반영과목),https://www.adiga.kr/uct/ces/archiveView.do?menuId=PCUCTCES1000&prtlBbsId=26634,,호남권 / 전북 / 상위단위: 의약학계열,치의예과(자연)|의약학계열|의약학|의대|의학|의예
원광대,한의예과(자연),2028,2028 공식자료,의약학계열,"대수, 미적분Ⅰ, 미적분Ⅱ, 기하, 확률과 통계, 화학, 생명과학, 물질과 에너지, 화학 반응의 세계, 세포와 물질대사, 생물의 유전",,,한국대학교육협의회·대입정보포털 어디가,2028학년도 권역별 대학별 권장과목(반영과목),https://www.adiga.kr/uct/ces/archiveView.do?menuId=PCUCTCES1000&prtlBbsId=26634,,호남권 / 전북 / 상위단위: 의약학계열,한의예과(자연)|의약학계열|의약학|의대|의학|의예
원광대,약학과,2028,2028 공식자료,의약학계열,"대수, 미적분Ⅰ, 미적분Ⅱ, 기하, 확률과 통계, 화학, 생명과학, 물질과 에너지, 화학 반응의 세계, 세포와 물질대사, 생물의 유전",,,한국대학교육협의회·대입정보포털 어디가,2028학년도 권역별 대학별 권장과목(반영과목),https://www.adiga.kr/uct/ces/archiveView.do?menuId=PCUCTCES1000&prtlBbsId=26634,,호남권 / 전북 / 상위단위: 의약학계열,약학과|약학|의약학계열|의약학|약대
원광대,한약학과,2028,2028 공식자료,의약학계열,"대수, 미적분Ⅰ, 미적분Ⅱ, 기하, 확률과 통계, 화학, 생명과학, 물질과 에너지, 화학 반응의 세계, 세포와 물질대사, 생물의 유전",,,한국대학교육협의회·대입정보포털 어디가,2028학년도 권역별 대학별 권장과목(반영과목),https://www.adiga.kr/uct/ces/archiveView.do?menuId=PCUCTCES1000&prtlBbsId=26634,,호남권 / 전북 / 상위단위: 의약학계열,한약학과|한약학|의약학계열|의약학|약대|약학
원광대,치의예과(인문),2028,2028 공식자료,의약학계열,"대수, 미적분Ⅰ, 확률과 통계, 화학, 생명과학",,,한국대학교육협의회·대입정보포털 어디가,2028학년도 권역별 대학별 권장과목(반영과목),https://www.adiga.kr/uct/ces/archiveView.do?menuId=PCUCTCES1000&prtlBbsId=26634,,호남권 / 전북 / 상위단위: 의약학계열,치의예과(인문)|의약학계열|의약학|의대|의학|의예
원광대,한의예과(인문),2028,2028 공식자료,의약학계열,"대수, 미적분Ⅰ, 확률과 통계, 화학, 생명과학",,,한국대학교육협의회·대입정보포털 어디가,2028학년도 권역별 대학별 권장과목(반영과목),https://www.adiga.kr/uct/ces/archiveView.do?menuId=PCUCTCES1000&prtlBbsId=26634,,호남권 / 전북 / 상위단위: 의약학계열,한의예과(인문)|의약학계열|의약학|의대|의학|의예
원광대,간호학과,2028,2028 공식자료,의약학계열,"대수, 미적분Ⅰ, 확률과 통계, 화학, 생명과학, 물질과 에너지, 화학 반응의 세계, 세포와 물질대사, 생물의 유전",,중 2과목 이상,한국대학교육협의회·대입정보포털 어디가,2028학년도 권역별 대학별 권장과목(반영과목),https://www.adiga.kr/uct/ces/archiveView.do?menuId=PCUCTCES1000&prtlBbsId=26634,,호남권 / 전북 / 상위단위: 의약학계열,간호학과|간호학|의약학계열|의약학|간호
전북대,국제이공학부,2028,2028 공식자료,본부,"수학, 영어",,,한국대학교육협의회·대입정보포털 어디가,2028학년도 권역별 대학별 권장과목(반영과목),https://www.adiga.kr/uct/ces/archiveView.do?menuId=PCUCTCES1000&prtlBbsId=26634,,호남권 / 전북 / 상위단위: 본부,국제이공학부|국제이공|본부
전북대,이차전지공학과,2028,2028 공식자료,본부,"수학, 과학",,,한국대학교육협의회·대입정보포털 어디가,2028학년도 권역별 대학별 권장과목(반영과목),https://www.adiga.kr/uct/ces/archiveView.do?menuId=PCUCTCES1000&prtlBbsId=26634,,호남권 / 전북 / 상위단위: 본부,이차전지공학과|이차전지공학|본부
전북대,첨단방위산업학과,2028,2028 공식자료,본부,"수학, 과학",,,한국대학교육협의회·대입정보포털 어디가,2028학년도 권역별 대학별 권장과목(반영과목),https://www.adiga.kr/uct/ces/archiveView.do?menuId=PCUCTCES1000&prtlBbsId=26634,,호남권 / 전북 / 상위단위: 본부,첨단방위산업학과|첨단방위산업학|본부
전북대,간호학과,2028,2028 공식자료,간호대학,"영어, 과학",,,한국대학교육협의회·대입정보포털 어디가,2028학년도 권역별 대학별 권장과목(반영과목),https://www.adiga.kr/uct/ces/archiveView.do?menuId=PCUCTCES1000&prtlBbsId=26634,,호남권 / 전북 / 상위단위: 간호대학,간호학과|간호학|간호대학|간호
전북대,경상계열,2028,2028 공식자료,경상대학,"수학, 영어",,,한국대학교육협의회·대입정보포털 어디가,2028학년도 권역별 대학별 권장과목(반영과목),https://www.adiga.kr/uct/ces/archiveView.do?menuId=PCUCTCES1000&prtlBbsId=26634,,호남권 / 전북 / 상위단위: 경상대학,경상계열|경상|경상대학
전북대,공학계열,2028,2028 공식자료,공과대학,"수학, 과학",,,한국대학교육협의회·대입정보포털 어디가,2028학년도 권역별 대학별 권장과목(반영과목),https://www.adiga.kr/uct/ces/archiveView.do?menuId=PCUCTCES1000&prtlBbsId=26634,,호남권 / 전북 / 상위단위: 공과대학,공학계열|공학|공과대학
전북대,농업생명과학계열,2028,2028 공식자료,농업생명과학대학,"영어, 과학",,,한국대학교육협의회·대입정보포털 어디가,2028학년도 권역별 대학별 권장과목(반영과목),https://www.adiga.kr/uct/ces/archiveView.do?menuId=PCUCTCES1000&prtlBbsId=26634,,호남권 / 전북 / 상위단위: 농업생명과학대학,농업생명과학계열|농업생명과학|농업생명과학대학
전북대,스마트팜학과,2028,2028 공식자료,농업생명과학대학,"수학, 과학",,,한국대학교육협의회·대입정보포털 어디가,2028학년도 권역별 대학별 권장과목(반영과목),https://www.adiga.kr/uct/ces/archiveView.do?menuId=PCUCTCES1000&prtlBbsId=26634,,호남권 / 전북 / 상위단위: 농업생명과학대학,스마트팜학과|스마트팜학|농업생명과학대학
전북대,교육학과,2028,2028 공식자료,사범대학,"국어, 영어",,,한국대학교육협의회·대입정보포털 어디가,2028학년도 권역별 대학별 권장과목(반영과목),https://www.adiga.kr/uct/ces/archiveView.do?menuId=PCUCTCES1000&prtlBbsId=26634,,호남권 / 전북 / 상위단위: 사범대학,교육학과|교육학|사범대학
전북대,국어교육과,2028,2028 공식자료,사범대학,국어,,,한국대학교육협의회·대입정보포털 어디가,2028학년도 권역별 대학별 권장과목(반영과목),https://www.adiga.kr/uct/ces/archiveView.do?menuId=PCUCTCES1000&prtlBbsId=26634,,호남권 / 전북 / 상위단위: 사범대학,국어교육과|사범대학
전북대,독어교육과,2028,2028 공식자료,사범대학,"영어, 독일어",,,한국대학교육협의회·대입정보포털 어디가,2028학년도 권역별 대학별 권장과목(반영과목),https://www.adiga.kr/uct/ces/archiveView.do?menuId=PCUCTCES1000&prtlBbsId=26634,,호남권 / 전북 / 상위단위: 사범대학,독어교육과|사범대학
전북대,영어교육과,2028,2028 공식자료,사범대학,"국어, 영어",,,한국대학교육협의회·대입정보포털 어디가,2028학년도 권역별 대학별 권장과목(반영과목),https://www.adiga.kr/uct/ces/archiveView.do?menuId=PCUCTCES1000&prtlBbsId=26634,,호남권 / 전북 / 상위단위: 사범대학,영어교육과|사범대학
전북대,사회과교육학부,2028,2028 공식자료,사범대학,사회,,,한국대학교육협의회·대입정보포털 어디가,2028학년도 권역별 대학별 권장과목(반영과목),https://www.adiga.kr/uct/ces/archiveView.do?menuId=PCUCTCES1000&prtlBbsId=26634,,호남권 / 전북 / 상위단위: 사범대학,사회과교육학부|사회과교육|사범대학
전북대,과학교육학부,2028,2028 공식자료,사범대학,과학,,,한국대학교육협의회·대입정보포털 어디가,2028학년도 권역별 대학별 권장과목(반영과목),https://www.adiga.kr/uct/ces/archiveView.do?menuId=PCUCTCES1000&prtlBbsId=26634,,호남권 / 전북 / 상위단위: 사범대학,과학교육학부|과학교육|사범대학
전북대,수학교육과,2028,2028 공식자료,사범대학,수학,,,한국대학교육협의회·대입정보포털 어디가,2028학년도 권역별 대학별 권장과목(반영과목),https://www.adiga.kr/uct/ces/archiveView.do?menuId=PCUCTCES1000&prtlBbsId=26634,,호남권 / 전북 / 상위단위: 사범대학,수학교육과|사범대학
전북대,체육교육과,2028,2028 공식자료,사범대학,체육,,,한국대학교육협의회·대입정보포털 어디가,2028학년도 권역별 대학별 권장과목(반영과목),https://www.adiga.kr/uct/ces/archiveView.do?menuId=PCUCTCES1000&prtlBbsId=26634,,호남권 / 전북 / 상위단위: 사범대학,체육교육과|사범대학
전북대,사회과학계열,2028,2028 공식자료,사회과학대학,"영어, 사회",,,한국대학교육협의회·대입정보포털 어디가,2028학년도 권역별 대학별 권장과목(반영과목),https://www.adiga.kr/uct/ces/archiveView.do?menuId=PCUCTCES1000&prtlBbsId=26634,,호남권 / 전북 / 상위단위: 사회과학대학,사회과학계열|사회과학|사회과학대학
전북대,생활과학계열,2028,2028 공식자료,생활과학대학,영어,,,한국대학교육협의회·대입정보포털 어디가,2028학년도 권역별 대학별 권장과목(반영과목),https://www.adiga.kr/uct/ces/archiveView.do?menuId=PCUCTCES1000&prtlBbsId=26634,,호남권 / 전북 / 상위단위: 생활과학대학,생활과학계열|생활과학|생활과학대학
전북대,수의예과,2028,2028 공식자료,수의과대학,"영어, 과학",,,한국대학교육협의회·대입정보포털 어디가,2028학년도 권역별 대학별 권장과목(반영과목),https://www.adiga.kr/uct/ces/archiveView.do?menuId=PCUCTCES1000&prtlBbsId=26634,,호남권 / 전북 / 상위단위: 수의과대학,수의예과|수의과대학|의대|의학|의예
전북대,약학과,2028,2028 공식자료,약학대학,과학,,,한국대학교육협의회·대입정보포털 어디가,2028학년도 권역별 대학별 권장과목(반영과목),https://www.adiga.kr/uct/ces/archiveView.do?menuId=PCUCTCES1000&prtlBbsId=26634,,호남권 / 전북 / 상위단위: 약학대학,약학과|약학|약학대학|약대
전북대,의예과,2028,2028 공식자료,의과대학,"수학, 영어",,,한국대학교육협의회·대입정보포털 어디가,2028학년도 권역별 대학별 권장과목(반영과목),https://www.adiga.kr/uct/ces/archiveView.do?menuId=PCUCTCES1000&prtlBbsId=26634,,호남권 / 전북 / 상위단위: 의과대학,의예과|의과대학|의대|의학|의예
전북대,고고문화인류학과,2028,2028 공식자료,인문대학,사회,,,한국대학교육협의회·대입정보포털 어디가,2028학년도 권역별 대학별 권장과목(반영과목),https://www.adiga.kr/uct/ces/archiveView.do?menuId=PCUCTCES1000&prtlBbsId=26634,,호남권 / 전북 / 상위단위: 인문대학,고고문화인류학과|고고문화인류학|인문대학
전북대,국어국문학과,2028,2028 공식자료,인문대학,"국어, 영어",,,한국대학교육협의회·대입정보포털 어디가,2028학년도 권역별 대학별 권장과목(반영과목),https://www.adiga.kr/uct/ces/archiveView.do?menuId=PCUCTCES1000&prtlBbsId=26634,,호남권 / 전북 / 상위단위: 인문대학,국어국문학과|국어국문학|인문대학
전북대,독일학과,2028,2028 공식자료,인문대학,"영어, 독일어",,,한국대학교육협의회·대입정보포털 어디가,2028학년도 권역별 대학별 권장과목(반영과목),https://www.adiga.kr/uct/ces/archiveView.do?menuId=PCUCTCES1000&prtlBbsId=26634,,호남권 / 전북 / 상위단위: 인문대학,독일학과|독일학|인문대학
전북대,문헌정보학과,2028,2028 공식자료,인문대학,영어,,,한국대학교육협의회·대입정보포털 어디가,2028학년도 권역별 대학별 권장과목(반영과목),https://www.adiga.kr/uct/ces/archiveView.do?menuId=PCUCTCES1000&prtlBbsId=26634,,호남권 / 전북 / 상위단위: 인문대학,문헌정보학과|문헌정보학|인문대학
전북대,사학과,2028,2028 공식자료,인문대학,사회,,,한국대학교육협의회·대입정보포털 어디가,2028학년도 권역별 대학별 권장과목(반영과목),https://www.adiga.kr/uct/ces/archiveView.do?menuId=PCUCTCES1000&prtlBbsId=26634,,호남권 / 전북 / 상위단위: 인문대학,사학과|사학|인문대학
전북대,스페인·중남미학과,2028,2028 공식자료,인문대학,"영어, 스페인어",,,한국대학교육협의회·대입정보포털 어디가,2028학년도 권역별 대학별 권장과목(반영과목),https://www.adiga.kr/uct/ces/archiveView.do?menuId=PCUCTCES1000&prtlBbsId=26634,,호남권 / 전북 / 상위단위: 인문대학,스페인·중남미학과|스페인·중남미학|인문대학
전북대,영어영문학과,2028,2028 공식자료,인문대학,"국어, 영어",,,한국대학교육협의회·대입정보포털 어디가,2028학년도 권역별 대학별 권장과목(반영과목),https://www.adiga.kr/uct/ces/archiveView.do?menuId=PCUCTCES1000&prtlBbsId=26634,,호남권 / 전북 / 상위단위: 인문대학,영어영문학과|영어영문학|인문대학
전북대,일본학과,2028,2028 공식자료,인문대학,"영어, 일본어",,,한국대학교육협의회·대입정보포털 어디가,2028학년도 권역별 대학별 권장과목(반영과목),https://www.adiga.kr/uct/ces/archiveView.do?menuId=PCUCTCES1000&prtlBbsId=26634,,호남권 / 전북 / 상위단위: 인문대학,일본학과|일본학|인문대학
전북대,중어중문학과,2028,2028 공식자료,인문대학,"영어, 중국어",,,한국대학교육협의회·대입정보포털 어디가,2028학년도 권역별 대학별 권장과목(반영과목),https://www.adiga.kr/uct/ces/archiveView.do?menuId=PCUCTCES1000&prtlBbsId=26634,,호남권 / 전북 / 상위단위: 인문대학,중어중문학과|중어중문학|인문대학
전북대,철학과,2028,2028 공식자료,인문대학,"국어, 사회",,,한국대학교육협의회·대입정보포털 어디가,2028학년도 권역별 대학별 권장과목(반영과목),https://www.adiga.kr/uct/ces/archiveView.do?menuId=PCUCTCES1000&prtlBbsId=26634,,호남권 / 전북 / 상위단위: 인문대학,철학과|철학|인문대학
전북대,프랑스·아프리카학과,2028,2028 공식자료,인문대학,"영어, 프랑스어",,,한국대학교육협의회·대입정보포털 어디가,2028학년도 권역별 대학별 권장과목(반영과목),https://www.adiga.kr/uct/ces/archiveView.do?menuId=PCUCTCES1000&prtlBbsId=26634,,호남권 / 전북 / 상위단위: 인문대학,프랑스·아프리카학과|프랑스·아프리카학|인문대학
전북대,국제학부,2028,2028 공식자료,인문대학,"영어, 사회",,,한국대학교육협의회·대입정보포털 어디가,2028학년도 권역별 대학별 권장과목(반영과목),https://www.adiga.kr/uct/ces/archiveView.do?menuId=PCUCTCES1000&prtlBbsId=26634,,호남권 / 전북 / 상위단위: 인문대학,국제학부|국제|인문대학
전북대,자연과학계열1,2028,2028 공식자료,자연과학대학,"수학, 과학",,,한국대학교육협의회·대입정보포털 어디가,2028학년도 권역별 대학별 권장과목(반영과목),https://www.adiga.kr/uct/ces/archiveView.do?menuId=PCUCTCES1000&prtlBbsId=26634,,호남권 / 전북 / 상위단위: 자연과학대학,자연과학계열1|자연과학대학
전북대,자연과학계열2,2028,2028 공식자료,자연과학대학,"수학, 과학",,,한국대학교육협의회·대입정보포털 어디가,2028학년도 권역별 대학별 권장과목(반영과목),https://www.adiga.kr/uct/ces/archiveView.do?menuId=PCUCTCES1000&prtlBbsId=26634,,호남권 / 전북 / 상위단위: 자연과학대학,자연과학계열2|자연과학대학
전북대,스포츠과학과,2028,2028 공식자료,자연과학대학,"사회, 과학",,,한국대학교육협의회·대입정보포털 어디가,2028학년도 권역별 대학별 권장과목(반영과목),https://www.adiga.kr/uct/ces/archiveView.do?menuId=PCUCTCES1000&prtlBbsId=26634,,호남권 / 전북 / 상위단위: 자연과학대학,스포츠과학과|스포츠과학|자연과학대학
전북대,치의예과,2028,2028 공식자료,치과대학,"수학, 과학",,,한국대학교육협의회·대입정보포털 어디가,2028학년도 권역별 대학별 권장과목(반영과목),https://www.adiga.kr/uct/ces/archiveView.do?menuId=PCUCTCES1000&prtlBbsId=26634,,호남권 / 전북 / 상위단위: 치과대학,치의예과|치과대학|의대|의학|의예
전북대,환경생명자원계열,2028,2028 공식자료,환경생명자원대학,"영어, 과학",,,한국대학교육협의회·대입정보포털 어디가,2028학년도 권역별 대학별 권장과목(반영과목),https://www.adiga.kr/uct/ces/archiveView.do?menuId=PCUCTCES1000&prtlBbsId=26634,,호남권 / 전북 / 상위단위: 환경생명자원대학,환경생명자원계열|환경생명자원|환경생명자원대학
전주대,인문콘텐츠대학,2028,2028 공식자료,,"국어, 영어, 사회, 예술, 제2외국어, 교양",,일반선택 과목 2과목 이상,한국대학교육협의회·대입정보포털 어디가,2028학년도 권역별 대학별 권장과목(반영과목),https://www.adiga.kr/uct/ces/archiveView.do?menuId=PCUCTCES1000&prtlBbsId=26634,,호남권 / 전북,인문콘텐츠대학
전주대,경찰학과,2028,2028 공식자료,사회과학대학,"사회와 문화, 현대사회와 윤리, 도시와 미래탐구, 법과 사회, 윤리와 사상",,,한국대학교육협의회·대입정보포털 어디가,2028학년도 권역별 대학별 권장과목(반영과목),https://www.adiga.kr/uct/ces/archiveView.do?menuId=PCUCTCES1000&prtlBbsId=26634,,호남권 / 전북 / 상위단위: 사회과학대학,경찰학과|경찰학|사회과학대학
전주대,문헌정보학과,2028,2028 공식자료,사회과학대학,"사회와 문화, 현대사회와 윤리, 정치, 법과 사회, 경제, 윤리와 사상, 인문학과 윤리, 화법과 언어, 독서와 작문, 문학, 주제 탐구 독서, 문학과 영상, 직무 의사소통, 영어Ⅰ, 영미 문학 읽기, 독해와 작문",,"-국어 융합선택 과목: 독서 토론과 글쓰기, 매체 의사소통, 언어생활 탐구 -",한국대학교육협의회·대입정보포털 어디가,2028학년도 권역별 대학별 권장과목(반영과목),https://www.adiga.kr/uct/ces/archiveView.do?menuId=PCUCTCES1000&prtlBbsId=26634,,호남권 / 전북 / 상위단위: 사회과학대학,문헌정보학과|문헌정보학|사회과학대학
전주대,법학과,2028,2028 공식자료,사회과학대학,"사회와 문화, 현대사회와 윤리, 정치, 법과 사회, 경제, 윤리와 사상, 국제관계의 이해",,,한국대학교육협의회·대입정보포털 어디가,2028학년도 권역별 대학별 권장과목(반영과목),https://www.adiga.kr/uct/ces/archiveView.do?menuId=PCUCTCES1000&prtlBbsId=26634,,호남권 / 전북 / 상위단위: 사회과학대학,법학과|법학|사회과학대학
전주대,사회복지학과,2028,2028 공식자료,사회과학대학,"사회와 문화, 현대사회와 윤리, 정치, 법과 사회, 경제, 윤리와 사상, 인문학과 윤리, 화법과 언어, 직무 의사소통, 생태와 환경, 인간과 심리",,-국어 융합선택 과목: 언어생활 탐구 -,한국대학교육협의회·대입정보포털 어디가,2028학년도 권역별 대학별 권장과목(반영과목),https://www.adiga.kr/uct/ces/archiveView.do?menuId=PCUCTCES1000&prtlBbsId=26634,,호남권 / 전북 / 상위단위: 사회과학대학,사회복지학과|사회복지학|사회과학대학
전주대,상담심리학과,2028,2028 공식자료,사회과학대학,"화법과 언어, 독서와 작문, 주제 탐구 독서, 직무 의사소통",,,한국대학교육협의회·대입정보포털 어디가,2028학년도 권역별 대학별 권장과목(반영과목),https://www.adiga.kr/uct/ces/archiveView.do?menuId=PCUCTCES1000&prtlBbsId=26634,,호남권 / 전북 / 상위단위: 사회과학대학,상담심리학과|상담심리학|사회과학대학
전주대,행정학과,2028,2028 공식자료,사회과학대학,"사회와 문학, 현대사회와 윤리, 정치, 법과 사회, 윤리와 사상, 국제관계의 이해, 확률과 통계, 직무 수학, 영어Ⅰ, 직무 영어, 진로와 직업, 인간과 철학, 인간과 심리",,-수학 융합선택 과목: 실용 통계 -영어 융합선택 과목: 실생활 영어 회화 -교양 융합선택 과목: 논술,한국대학교육협의회·대입정보포털 어디가,2028학년도 권역별 대학별 권장과목(반영과목),https://www.adiga.kr/uct/ces/archiveView.do?menuId=PCUCTCES1000&prtlBbsId=26634,,호남권 / 전북 / 상위단위: 사회과학대학,행정학과|행정학|사회과학대학
전주대,경영대학,2028,2028 공식자료,,국어,,2과목 이상,한국대학교육협의회·대입정보포털 어디가,2028학년도 권역별 대학별 권장과목(반영과목),https://www.adiga.kr/uct/ces/archiveView.do?menuId=PCUCTCES1000&prtlBbsId=26634,,호남권 / 전북,경영대학
전주대,간호학과,2028,2028 공식자료,의과학대학,"국어, 수학, 영어, 과학",,2과목 이상,한국대학교육협의회·대입정보포털 어디가,2028학년도 권역별 대학별 권장과목(반영과목),https://www.adiga.kr/uct/ces/archiveView.do?menuId=PCUCTCES1000&prtlBbsId=26634,,호남권 / 전북 / 상위단위: 의과학대학,간호학과|간호학|의과학대학|간호
전주대,물리치료학과,2028,2028 공식자료,의과학대학,"영어, 과학",,일반선택 과목 2과목 이상,한국대학교육협의회·대입정보포털 어디가,2028학년도 권역별 대학별 권장과목(반영과목),https://www.adiga.kr/uct/ces/archiveView.do?menuId=PCUCTCES1000&prtlBbsId=26634,,호남권 / 전북 / 상위단위: 의과학대학,물리치료학과|물리치료학|의과학대학
전주대,방사선학과,2028,2028 공식자료,의과학대학,"대수, 미적분Ⅰ, 확률과 통계, 기하, 미적분Ⅱ, 인공지능 수학, 물리학, 화학, 생명과학, 역학과 에너지, 전자기와 양자, 화학 반응의 세계, 세포와 물질대사, 과학과제 탐구",,"-수학 융합선택 과목: 수학과제 탐구 -과학 융합선택 과목: 과학의 역사와 문화, 융합과학 탐구",한국대학교육협의회·대입정보포털 어디가,2028학년도 권역별 대학별 권장과목(반영과목),https://www.adiga.kr/uct/ces/archiveView.do?menuId=PCUCTCES1000&prtlBbsId=26634,,호남권 / 전북 / 상위단위: 의과학대학,방사선학과|방사선학|의과학대학
전주대,보건관리학과,2028,2028 공식자료,의과학대학,"과학, 영어",,2과목 이상,한국대학교육협의회·대입정보포털 어디가,2028학년도 권역별 대학별 권장과목(반영과목),https://www.adiga.kr/uct/ces/archiveView.do?menuId=PCUCTCES1000&prtlBbsId=26634,,호남권 / 전북 / 상위단위: 의과학대학,보건관리학과|보건관리학|의과학대학
전주대,작업치료학과,2028,2028 공식자료,의과학대학,"국어, 사회, 과학",,2과목 이상,한국대학교육협의회·대입정보포털 어디가,2028학년도 권역별 대학별 권장과목(반영과목),https://www.adiga.kr/uct/ces/archiveView.do?menuId=PCUCTCES1000&prtlBbsId=26634,,호남권 / 전북 / 상위단위: 의과학대학,작업치료학과|작업치료학|의과학대학
전주대,식품영양학과,2028,2028 공식자료,의과학대학,과학,,"일반선택 과목, 진로선택 과목 1과목 이상",한국대학교육협의회·대입정보포털 어디가,2028학년도 권역별 대학별 권장과목(반영과목),https://www.adiga.kr/uct/ces/archiveView.do?menuId=PCUCTCES1000&prtlBbsId=26634,,호남권 / 전북 / 상위단위: 의과학대학,식품영양학과|식품영양학|의과학대학
전주대,재활학과,2028,2028 공식자료,의과학대학,"국어, 사회, 교양",,"-국어: 1과목 이상 -사회, 교양: 2과목 이상",한국대학교육협의회·대입정보포털 어디가,2028학년도 권역별 대학별 권장과목(반영과목),https://www.adiga.kr/uct/ces/archiveView.do?menuId=PCUCTCES1000&prtlBbsId=26634,,호남권 / 전북 / 상위단위: 의과학대학,재활학과|재활학|의과학대학
전주대,운동처방학과,2028,2028 공식자료,의과학대학,"국어, 영어, 과학, 체육",,2과목 이상,한국대학교육협의회·대입정보포털 어디가,2028학년도 권역별 대학별 권장과목(반영과목),https://www.adiga.kr/uct/ces/archiveView.do?menuId=PCUCTCES1000&prtlBbsId=26634,,호남권 / 전북 / 상위단위: 의과학대학,운동처방학과|운동처방학|의과학대학
전주대,건축공학과,2028,2028 공식자료,공과대학,"국어, 영어, 대수, 미적분Ⅰ, 기하, 미적분Ⅱ, 사회, 과학",,"-국어, 영어: 1과목 이상 -사회: 일반선택 과목, 진로선택 과목 1과목 이상 -과학: 일반선택 과목, 진로선택 과목 2과목 이상",한국대학교육협의회·대입정보포털 어디가,2028학년도 권역별 대학별 권장과목(반영과목),https://www.adiga.kr/uct/ces/archiveView.do?menuId=PCUCTCES1000&prtlBbsId=26634,,호남권 / 전북 / 상위단위: 공과대학,건축공학과|건축공학|공과대학
전주대,토목환경공학과,2028,2028 공식자료,공과대학,"국어, 수학",,일반선택 과목1과목 이상,한국대학교육협의회·대입정보포털 어디가,2028학년도 권역별 대학별 권장과목(반영과목),https://www.adiga.kr/uct/ces/archiveView.do?menuId=PCUCTCES1000&prtlBbsId=26634,,호남권 / 전북 / 상위단위: 공과대학,토목환경공학과|토목환경공학|공과대학
전주대,기계공학과,2028,2028 공식자료,공과대학,"대수, 미적분Ⅰ, 기하, 미적분Ⅱ",,-수학 융합선택 과목: 수학과제 탐구,한국대학교육협의회·대입정보포털 어디가,2028학년도 권역별 대학별 권장과목(반영과목),https://www.adiga.kr/uct/ces/archiveView.do?menuId=PCUCTCES1000&prtlBbsId=26634,,호남권 / 전북 / 상위단위: 공과대학,기계공학과|기계공학|공과대학|기계
전주대,기계자동차공학과,2028,2028 공식자료,공과대학,"미적분Ⅰ, 미적분Ⅱ, 물리학",,,한국대학교육협의회·대입정보포털 어디가,2028학년도 권역별 대학별 권장과목(반영과목),https://www.adiga.kr/uct/ces/archiveView.do?menuId=PCUCTCES1000&prtlBbsId=26634,,호남권 / 전북 / 상위단위: 공과대학,기계자동차공학과|기계자동차공학|공과대학
전주대,소방안전공학과,2028,2028 공식자료,공과대학,"미적분Ⅰ, 물리학, 화학",,,한국대학교육협의회·대입정보포털 어디가,2028학년도 권역별 대학별 권장과목(반영과목),https://www.adiga.kr/uct/ces/archiveView.do?menuId=PCUCTCES1000&prtlBbsId=26634,,호남권 / 전북 / 상위단위: 공과대학,소방안전공학과|소방안전공학|공과대학
전주대,신소재화학공학과,2028,2028 공식자료,공과대학,과학,,"일반선택 과목, 진로선택 과목 1과목 이상",한국대학교육협의회·대입정보포털 어디가,2028학년도 권역별 대학별 권장과목(반영과목),https://www.adiga.kr/uct/ces/archiveView.do?menuId=PCUCTCES1000&prtlBbsId=26634,,호남권 / 전북 / 상위단위: 공과대학,신소재화학공학과|신소재화학공학|공과대학
전주대,전기전자공학과,2028,2028 공식자료,공과대학,미적분Ⅰ,,,한국대학교육협의회·대입정보포털 어디가,2028학년도 권역별 대학별 권장과목(반영과목),https://www.adiga.kr/uct/ces/archiveView.do?menuId=PCUCTCES1000&prtlBbsId=26634,,호남권 / 전북 / 상위단위: 공과대학,전기전자공학과|전기전자공학|공과대학|전기전자|전자전기|전자공학|전기공학
전주대,정보통신공학과,2028,2028 공식자료,공과대학,"기술·가정, 정보, 로봇과 공학세계, 인공지능 기초, 데이터과학, 물리학, 과학(진로, 융합), 수학",,"-융합선택 과목: 창의 공학 설계, 소프트웨어와 생활 -물리학 외 과학 교과 진로선택 과목, 융합선택 과목 1과목 이상 -수학: 1과목 이상",한국대학교육협의회·대입정보포털 어디가,2028학년도 권역별 대학별 권장과목(반영과목),https://www.adiga.kr/uct/ces/archiveView.do?menuId=PCUCTCES1000&prtlBbsId=26634,,호남권 / 전북 / 상위단위: 공과대학,정보통신공학과|정보통신공학|공과대학
전주대,데이터사이언스학과,2028,2028 공식자료,소프트웨어융합대학,"대수, 미적분Ⅰ, 확률과 통계, 인공지능 수학",,,한국대학교육협의회·대입정보포털 어디가,2028학년도 권역별 대학별 권장과목(반영과목),https://www.adiga.kr/uct/ces/archiveView.do?menuId=PCUCTCES1000&prtlBbsId=26634,,호남권 / 전북 / 상위단위: 소프트웨어융합대학,데이터사이언스학과|데이터사이언스학|소프트웨어융합대학
전주대,스마트미디어학과,2028,2028 공식자료,소프트웨어융합대학,"정보, 인공지능기초, 데이터과학",,융합선택 과목: 소프트웨어와 생활,한국대학교육협의회·대입정보포털 어디가,2028학년도 권역별 대학별 권장과목(반영과목),https://www.adiga.kr/uct/ces/archiveView.do?menuId=PCUCTCES1000&prtlBbsId=26634,,호남권 / 전북 / 상위단위: 소프트웨어융합대학,스마트미디어학과|스마트미디어학|소프트웨어융합대학
전주대,인공지능학과,2028,2028 공식자료,소프트웨어융합대학,"대수, 미적분Ⅰ, 확률과 통계, 인공지능 수학",,,한국대학교육협의회·대입정보포털 어디가,2028학년도 권역별 대학별 권장과목(반영과목),https://www.adiga.kr/uct/ces/archiveView.do?menuId=PCUCTCES1000&prtlBbsId=26634,,호남권 / 전북 / 상위단위: 소프트웨어융합대학,인공지능학과|인공지능학|소프트웨어융합대학
전주대,컴퓨터공학과,2028,2028 공식자료,소프트웨어융합대학,"대수, 미적분Ⅰ, 확률과 통계, 미적분Ⅱ, 인공지능 수학, 기술·가정, 정보, 인공지능 기초, 데이터 과학",,"융합선택 과목: 창의 공학 설계, 소프트웨어 생활",한국대학교육협의회·대입정보포털 어디가,2028학년도 권역별 대학별 권장과목(반영과목),https://www.adiga.kr/uct/ces/archiveView.do?menuId=PCUCTCES1000&prtlBbsId=26634,,호남권 / 전북 / 상위단위: 소프트웨어융합대학,컴퓨터공학과|컴퓨터공학|소프트웨어융합대학|컴공|컴퓨터과학|컴퓨터
전주대,게임콘텐츠학과,2028,2028 공식자료,문화융합대학,"국어, 수학, 예술",,6과목 이상,한국대학교육협의회·대입정보포털 어디가,2028학년도 권역별 대학별 권장과목(반영과목),https://www.adiga.kr/uct/ces/archiveView.do?menuId=PCUCTCES1000&prtlBbsId=26634,,호남권 / 전북 / 상위단위: 문화융합대학,게임콘텐츠학과|게임콘텐츠학|문화융합대학
전주대,산업디자인학과,2028,2028 공식자료,문화융합대학,"미술, 기술·가정, 로봇과 공학세계, 생활과학 탐구, 진로와 직업, 생태와 환경, 인간과 철학, 인간과 심리, 논리와 사고",,융합선택 과목: 창의 공학 설계,한국대학교육협의회·대입정보포털 어디가,2028학년도 권역별 대학별 권장과목(반영과목),https://www.adiga.kr/uct/ces/archiveView.do?menuId=PCUCTCES1000&prtlBbsId=26634,,호남권 / 전북 / 상위단위: 문화융합대학,산업디자인학과|산업디자인학|문화융합대학
전주대,영화방송학과,2028,2028 공식자료,문화융합대학,"국어, 사회, 예술",,2과목 이상,한국대학교육협의회·대입정보포털 어디가,2028학년도 권역별 대학별 권장과목(반영과목),https://www.adiga.kr/uct/ces/archiveView.do?menuId=PCUCTCES1000&prtlBbsId=26634,,호남권 / 전북 / 상위단위: 문화융합대학,영화방송학과|영화방송학|문화융합대학
전주대,태권도학과,2028,2028 공식자료,문화융합대학,"체육1, 체육2, 운동과 건강, 스포츠 문화, 스포츠과학",,"융합선택 과목: 윤리문제 탐구, 스포츠 생활1, 스포츠 생활2",한국대학교육협의회·대입정보포털 어디가,2028학년도 권역별 대학별 권장과목(반영과목),https://www.adiga.kr/uct/ces/archiveView.do?menuId=PCUCTCES1000&prtlBbsId=26634,,호남권 / 전북 / 상위단위: 문화융합대학,태권도학과|태권도학|문화융합대학
전주대,관광경영학과,2028,2028 공식자료,문화관광대학,영어,,2과목 이상,한국대학교육협의회·대입정보포털 어디가,2028학년도 권역별 대학별 권장과목(반영과목),https://www.adiga.kr/uct/ces/archiveView.do?menuId=PCUCTCES1000&prtlBbsId=26634,,호남권 / 전북 / 상위단위: 문화관광대학,관광경영학과|관광경영학|문화관광대학|경영학|경영
전주대,외식산업조리학과,2028,2028 공식자료,문화관광대학,"영어, 사회",,1과목 이상,한국대학교육협의회·대입정보포털 어디가,2028학년도 권역별 대학별 권장과목(반영과목),https://www.adiga.kr/uct/ces/archiveView.do?menuId=PCUCTCES1000&prtlBbsId=26634,,호남권 / 전북 / 상위단위: 문화관광대학,외식산업조리학과|외식산업조리학|문화관광대학
전주대,호텔경영학과,2028,2028 공식자료,문화관광대학,영어,,2과목 이상,한국대학교육협의회·대입정보포털 어디가,2028학년도 권역별 대학별 권장과목(반영과목),https://www.adiga.kr/uct/ces/archiveView.do?menuId=PCUCTCES1000&prtlBbsId=26634,,호남권 / 전북 / 상위단위: 문화관광대학,호텔경영학과|호텔경영학|문화관광대학|경영학|경영
전주대,패션산업학과,2028,2028 공식자료,문화관광대학,"영어, 생활과학 탐구",,-영어: 1과목 이상,한국대학교육협의회·대입정보포털 어디가,2028학년도 권역별 대학별 권장과목(반영과목),https://www.adiga.kr/uct/ces/archiveView.do?menuId=PCUCTCES1000&prtlBbsId=26634,,호남권 / 전북 / 상위단위: 문화관광대학,패션산업학과|패션산업학|문화관광대학
전주대,한식조리학과,2028,2028 공식자료,문화관광대학,영어,,2과목 이상,한국대학교육협의회·대입정보포털 어디가,2028학년도 권역별 대학별 권장과목(반영과목),https://www.adiga.kr/uct/ces/archiveView.do?menuId=PCUCTCES1000&prtlBbsId=26634,,호남권 / 전북 / 상위단위: 문화관광대학,한식조리학과|한식조리학|문화관광대학
전주대,국어교육과,2028,2028 공식자료,사범대학,국어,,1과목 이상,한국대학교육협의회·대입정보포털 어디가,2028학년도 권역별 대학별 권장과목(반영과목),https://www.adiga.kr/uct/ces/archiveView.do?menuId=PCUCTCES1000&prtlBbsId=26634,,호남권 / 전북 / 상위단위: 사범대학,국어교육과|사범대학
전주대,영어교육과,2028,2028 공식자료,사범대학,영어,,2과목 이상,한국대학교육협의회·대입정보포털 어디가,2028학년도 권역별 대학별 권장과목(반영과목),https://www.adiga.kr/uct/ces/archiveView.do?menuId=PCUCTCES1000&prtlBbsId=26634,,호남권 / 전북 / 상위단위: 사범대학,영어교육과|사범대학
전주대,중등특수교육과,2028,2028 공식자료,사범대학,국어,,2과목 이상,한국대학교육협의회·대입정보포털 어디가,2028학년도 권역별 대학별 권장과목(반영과목),https://www.adiga.kr/uct/ces/archiveView.do?menuId=PCUCTCES1000&prtlBbsId=26634,,호남권 / 전북 / 상위단위: 사범대학,중등특수교육과|사범대학
전주대,한문교육과,2028,2028 공식자료,사범대학,"문학, 주제 탐구 독서, 한문, 한문 고전 읽기",,"융합선택 과목: 독서 토론과 글쓰기, 언어생활과 한자",한국대학교육협의회·대입정보포털 어디가,2028학년도 권역별 대학별 권장과목(반영과목),https://www.adiga.kr/uct/ces/archiveView.do?menuId=PCUCTCES1000&prtlBbsId=26634,,호남권 / 전북 / 상위단위: 사범대학,한문교육과|사범대학
전주대,가정교육과,2028,2028 공식자료,사범대학,"기술·가정, 생활과학 탐구",,"융합선택 과목: 생애설계와 자립, 아동발달과 부모",한국대학교육협의회·대입정보포털 어디가,2028학년도 권역별 대학별 권장과목(반영과목),https://www.adiga.kr/uct/ces/archiveView.do?menuId=PCUCTCES1000&prtlBbsId=26634,,호남권 / 전북 / 상위단위: 사범대학,가정교육과|사범대학
전주대,과학교육과,2028,2028 공식자료,사범대학,"물리학, 화학, 생명과학, 지구과학, 역학과 에너지, 전자기와 양자, 물리과 에너지, 화학 반응의 세계, 행성우주과학",,"융합선택 과목: 과학의 역사와 문화, 융합과학 탐구",한국대학교육협의회·대입정보포털 어디가,2028학년도 권역별 대학별 권장과목(반영과목),https://www.adiga.kr/uct/ces/archiveView.do?menuId=PCUCTCES1000&prtlBbsId=26634,,호남권 / 전북 / 상위단위: 사범대학,과학교육과|사범대학
전주대,수학교육과,2028,2028 공식자료,사범대학,수학,,"일반선택 과목 3과목 이상, 진로선택 과목 2과목 이상",한국대학교육협의회·대입정보포털 어디가,2028학년도 권역별 대학별 권장과목(반영과목),https://www.adiga.kr/uct/ces/archiveView.do?menuId=PCUCTCES1000&prtlBbsId=26634,,호남권 / 전북 / 상위단위: 사범대학,수학교육과|사범대학
전주대,사범대자율전공학부,2028,2028 공식자료,사범대학,"인간과 철학, 인간과 심리, 교육의 이해",,중 1과목 이상,한국대학교육협의회·대입정보포털 어디가,2028학년도 권역별 대학별 권장과목(반영과목),https://www.adiga.kr/uct/ces/archiveView.do?menuId=PCUCTCES1000&prtlBbsId=26634,,호남권 / 전북 / 상위단위: 사범대학,사범대자율전공학부|사범대자율전공|사범대학
전주대,반려동물산업학부,2028,2028 공식자료,,"영어1, 영어2",,,한국대학교육협의회·대입정보포털 어디가,2028학년도 권역별 대학별 권장과목(반영과목),https://www.adiga.kr/uct/ces/archiveView.do?menuId=PCUCTCES1000&prtlBbsId=26634,,호남권 / 전북,반려동물산업학부|반려동물산업
전남대 (여수),공학계열,2028,2028 공식자료,공과대학,"수학, 물리학, 화학",,"-물리학: 물리학, 역학과 에너지, 전자기와 양자 -화학: 화학, 물질과 에너지, 화학 반응의 세계 *평가활용: 일반 및 진로선택 과목을 위주로 평가에 활용, 모집단위별 관련 교과(군)이나 과목군의 일반선택 과목을 먼저 이수할 것을 권장함.",한국대학교육협의회·대입정보포털 어디가,2028학년도 권역별 대학별 권장과목(반영과목),https://www.adiga.kr/uct/ces/archiveView.do?menuId=PCUCTCES1000&prtlBbsId=26634,,호남권 / 전남 / 상위단위: 공과대학,공학계열|공학|공과대학
전남대 (여수),건축디자인학과,2028,2028 공식자료,공과대학,"국어, 사회",,"-지리: 세계시민과 지리, 한국지리 탐구, 도시의 미래 탐구 -역사: 세계사, 동아시아 역사 기행 -일반사회: 사회와 문화, 정치, 법과 사회, 경제, 국제관계의 이해 -윤리: 현대사회와 윤리, 윤리와 사상, 인문학과 윤리 -사회: 상기 지리, 역사, 일반 사회, 윤리 전 과목 *평가활용: 일반 및 진로선택 과목을 위주로 평가에 활용, 모집단위별 관련 교과(군)이나 과목군의 일반선택 과목을 먼저 이수할 것을 권장함.",한국대학교육협의회·대입정보포털 어디가,2028학년도 권역별 대학별 권장과목(반영과목),https://www.adiga.kr/uct/ces/archiveView.do?menuId=PCUCTCES1000&prtlBbsId=26634,,호남권 / 전남 / 상위단위: 공과대학,건축디자인학과|건축디자인학|공과대학
전남대 (여수),의공학부,2028,2028 공식자료,공과대학,"수학, 영어",,,한국대학교육협의회·대입정보포털 어디가,2028학년도 권역별 대학별 권장과목(반영과목),https://www.adiga.kr/uct/ces/archiveView.do?menuId=PCUCTCES1000&prtlBbsId=26634,,호남권 / 전남 / 상위단위: 공과대학,의공학부|의공|공과대학
전남대 (여수),석유화학소재공학과,2028,2028 공식자료,공과대학,"수학, 화학",,"-화학: 화학, 물질과 에너지, 화학 반응의 세계 *평가활용: 일반 및 진로선택 과목을 위주로 평가에 활용, 모집단위별 관련 교과(군)이나 과목군의 일반선택 과목을 먼저 이수할 것을 권장함.",한국대학교육협의회·대입정보포털 어디가,2028학년도 권역별 대학별 권장과목(반영과목),https://www.adiga.kr/uct/ces/archiveView.do?menuId=PCUCTCES1000&prtlBbsId=26634,,호남권 / 전남 / 상위단위: 공과대학,석유화학소재공학과|석유화학소재공학|공과대학
전남대 (여수),국제학부 영어학전공,2028,2028 공식자료,문화사회과학대학,영어,,,한국대학교육협의회·대입정보포털 어디가,2028학년도 권역별 대학별 권장과목(반영과목),https://www.adiga.kr/uct/ces/archiveView.do?menuId=PCUCTCES1000&prtlBbsId=26634,,호남권 / 전남 / 상위단위: 문화사회과학대학,국제학부 영어학전공|국제학부 영어학|문화사회과학대학
전남대 (여수),국제학부 일본학전공,2028,2028 공식자료,문화사회과학대학,일본어,,,한국대학교육협의회·대입정보포털 어디가,2028학년도 권역별 대학별 권장과목(반영과목),https://www.adiga.kr/uct/ces/archiveView.do?menuId=PCUCTCES1000&prtlBbsId=26634,,호남권 / 전남 / 상위단위: 문화사회과학대학,국제학부 일본학전공|국제학부 일본학|문화사회과학대학
전남대 (여수),국제학부 중국학전공,2028,2028 공식자료,문화사회과학대학,중국어,,,한국대학교육협의회·대입정보포털 어디가,2028학년도 권역별 대학별 권장과목(반영과목),https://www.adiga.kr/uct/ces/archiveView.do?menuId=PCUCTCES1000&prtlBbsId=26634,,호남권 / 전남 / 상위단위: 문화사회과학대학,국제학부 중국학전공|국제학부 중국학|문화사회과학대학
전남대 (여수),글로벌비지니스학부,2028,2028 공식자료,문화사회과학대학,"국어, 영어, 사회",,"-지리: 세계시민과 지리, 한국지리 탐구, 도시의 미래 탐구 -역사: 세계사, 동아시아 역사 기행 -일반사회: 사회와 문화, 정치, 법과 사회, 경제, 국제관계의 이해 -윤리: 현대사회와 윤리, 윤리와 사상, 인문학과 윤리 -사회: 상기 지리, 역사, 일반 사회, 윤리 전 과목 *평가활용: 일반 및 진로선택 과목을 위주로 평가에 활용, 모집단위별 관련 교과(군)이나 과목군의 일반선택 과목을 먼저 이수할 것을 권장함.",한국대학교육협의회·대입정보포털 어디가,2028학년도 권역별 대학별 권장과목(반영과목),https://www.adiga.kr/uct/ces/archiveView.do?menuId=PCUCTCES1000&prtlBbsId=26634,,호남권 / 전남 / 상위단위: 문화사회과학대학,글로벌비지니스학부|글로벌비지니스|문화사회과학대학
전남대 (여수),물류교통학과,2028,2028 공식자료,문화사회과학대학,"국어, 영어, 사회",,"-지리: 세계시민과 지리, 한국지리 탐구, 도시의 미래 탐구 -역사: 세계사, 동아시아 역사 기행 -일반사회: 사회와 문화, 정치, 법과 사회, 경제, 국제관계의 이해 -윤리: 현대사회와 윤리, 윤리와 사상, 인문학과 윤리 -사회: 상기 지리, 역사, 일반 사회, 윤리 전 과목 *평가활용: 일반 및 진로선택 과목을 위주로 평가에 활용, 모집단위별 관련 교과(군)이나 과목군의 일반선택 과목을 먼저 이수할 것을 권장함.",한국대학교육협의회·대입정보포털 어디가,2028학년도 권역별 대학별 권장과목(반영과목),https://www.adiga.kr/uct/ces/archiveView.do?menuId=PCUCTCES1000&prtlBbsId=26634,,호남권 / 전남 / 상위단위: 문화사회과학대학,물류교통학과|물류교통학|문화사회과학대학
전남대 (여수),문화콘텐츠학부,2028,2028 공식자료,문화사회과학대학,"국어, 영어",,,한국대학교육협의회·대입정보포털 어디가,2028학년도 권역별 대학별 권장과목(반영과목),https://www.adiga.kr/uct/ces/archiveView.do?menuId=PCUCTCES1000&prtlBbsId=26634,,호남권 / 전남 / 상위단위: 문화사회과학대학,문화콘텐츠학부|문화콘텐츠|문화사회과학대학
전남대 (여수),문화관광경영학과,2028,2028 공식자료,문화사회과학대학,사회,,"-지리: 세계시민과 지리, 한국지리 탐구, 도시의 미래 탐구 -역사: 세계사, 동아시아 역사 기행 -일반사회: 사회와 문화, 정치, 법과 사회, 경제, 국제관계의 이해 -윤리: 현대사회와 윤리, 윤리와 사상, 인문학과 윤리 -사회: 상기 지리, 역사, 일반 사회, 윤리 전 과목 *평가활용: 일반 및 진로선택 과목을 위주로 평가에 활용, 모집단위별 관련 교과(군)이나 과목군의 일반선택 과목을 먼저 이수할 것을 권장함.",한국대학교육협의회·대입정보포털 어디가,2028학년도 권역별 대학별 권장과목(반영과목),https://www.adiga.kr/uct/ces/archiveView.do?menuId=PCUCTCES1000&prtlBbsId=26634,,호남권 / 전남 / 상위단위: 문화사회과학대학,문화관광경영학과|문화관광경영학|문화사회과학대학|경영학|경영
전남대 (여수),해양수산광역,2028,2028 공식자료,수산해양대학,"영어, 생명과학, 지구과학(행성우주과학 불요)",,"-생명과학: 생명과학, 세포와 물질대사, 생물의 유전 -지구과학: 지구과학, 지구시스템과학, 행성우주과학 *평가활용: 일반 및 진로선택 과목을 위주로 평가에 활용, 모집단위별 관련 교과(군)이나 과목군의 일반선택 과목을 먼저 이수할 것을 권장함.",한국대학교육협의회·대입정보포털 어디가,2028학년도 권역별 대학별 권장과목(반영과목),https://www.adiga.kr/uct/ces/archiveView.do?menuId=PCUCTCES1000&prtlBbsId=26634,,호남권 / 전남 / 상위단위: 수산해양대학,해양수산광역|수산해양대학
전남대 (여수),기관시스템공학과,2028,2028 공식자료,수산해양대학,"수학, 영어",,,한국대학교육협의회·대입정보포털 어디가,2028학년도 권역별 대학별 권장과목(반영과목),https://www.adiga.kr/uct/ces/archiveView.do?menuId=PCUCTCES1000&prtlBbsId=26634,,호남권 / 전남 / 상위단위: 수산해양대학,기관시스템공학과|기관시스템공학|수산해양대학
전남대 (여수),조선해양공학과,2028,2028 공식자료,수산해양대학,"영어, 물리학",,"-물리학: 물리학, 역학과 에너지, 전자기와 양자 *평가활용: 일반 및 진로선택 과목을 위주로 평가에 활용, 모집단위별 관련 교과(군)이나 과목군의 일반선택 과목을 먼저 이수할 것을 권장함.",한국대학교육협의회·대입정보포털 어디가,2028학년도 권역별 대학별 권장과목(반영과목),https://www.adiga.kr/uct/ces/archiveView.do?menuId=PCUCTCES1000&prtlBbsId=26634,,호남권 / 전남 / 상위단위: 수산해양대학,조선해양공학과|조선해양공학|수산해양대학
전남대 (여수),수산생명의학과,2028,2028 공식자료,수산해양대학,"화학, 생명과학",,"-화학: 화학, 물질과 에너지, 화학 반응의 세계 -생명과학: 생명과학, 세포와 물질대사, 생물의 유전 *평가활용: 일반 및 진로선택 과목을 위주로 평가에 활용, 모집단위별 관련 교과(군)이나 과목군의 일반선택 과목을 먼저 이수할 것을 권장함.",한국대학교육협의회·대입정보포털 어디가,2028학년도 권역별 대학별 권장과목(반영과목),https://www.adiga.kr/uct/ces/archiveView.do?menuId=PCUCTCES1000&prtlBbsId=26634,,호남권 / 전남 / 상위단위: 수산해양대학,수산생명의학과|수산생명의학|수산해양대학
전남대 (여수),스마트수산자원관리학과,2028,2028 공식자료,수산해양대학,"수학, 생명과학, 지구과학(행성우주과학 불요)",,"-생명과학: 생명과학, 세포와 물질대사, 생물의 유전 -지구과학: 지구과학, 지구시스템과학, 행성우주과학 *평가활용: 일반 및 진로선택 과목을 위주로 평가에 활용, 모집단위별 관련 교과(군)이나 과목군의 일반선택 과목을 먼저 이수할 것을 권장함.",한국대학교육협의회·대입정보포털 어디가,2028학년도 권역별 대학별 권장과목(반영과목),https://www.adiga.kr/uct/ces/archiveView.do?menuId=PCUCTCES1000&prtlBbsId=26634,,호남권 / 전남 / 상위단위: 수산해양대학,스마트수산자원관리학과|스마트수산자원관리학|수산해양대학
전남대 (여수),창의융합학부,2028,2028 공식자료,,"수학, 영어, 사회",,"-지리: 세계시민과 지리, 한국지리 탐구, 도시의 미래 탐구 -역사: 세계사, 동아시아 역사 기행 -일반사회: 사회와 문화, 정치, 법과 사회, 경제, 국제관계의 이해 -윤리: 현대사회와 윤리, 윤리와 사상, 인문학과 윤리 -사회: 상기 지리, 역사, 일반 사회, 윤리 전 과목 *평가활용: 일반 및 진로선택 과목을 위주로 평가에 활용, 모집단위별 관련 교과(군)이나 과목군의 일반선택 과목을 먼저 이수할 것을 권장함.",한국대학교육협의회·대입정보포털 어디가,2028학년도 권역별 대학별 권장과목(반영과목),https://www.adiga.kr/uct/ces/archiveView.do?menuId=PCUCTCES1000&prtlBbsId=26634,,호남권 / 전남,창의융합학부|창의융합
전남대 (여수),스마트응용설계학과,2028,2028 공식자료,조기취업형계약학과,"수학, 물리학",,"-물리학: 물리학, 역학과 에너지, 전자기와 양자 *평가활용: 일반 및 진로선택 과목을 위주로 평가에 활용, 모집단위별 관련 교과(군)이나 과목군의 일반선택 과목을 먼저 이수할 것을 권장함.",한국대학교육협의회·대입정보포털 어디가,2028학년도 권역별 대학별 권장과목(반영과목),https://www.adiga.kr/uct/ces/archiveView.do?menuId=PCUCTCES1000&prtlBbsId=26634,,호남권 / 전남 / 상위단위: 조기취업형계약학과,스마트응용설계학과|스마트응용설계학|조기취업형계약학과|조기취업형계약학
전남대 (여수),스마트ICT융합공학과,2028,2028 공식자료,조기취업형계약학과,"수학, 물리학",,"-물리학: 물리학, 역학과 에너지, 전자기와 양자 *평가활용: 일반 및 진로선택 과목을 위주로 평가에 활용, 모집단위별 관련 교과(군)이나 과목군의 일반선택 과목을 먼저 이수할 것을 권장함.",한국대학교육협의회·대입정보포털 어디가,2028학년도 권역별 대학별 권장과목(반영과목),https://www.adiga.kr/uct/ces/archiveView.do?menuId=PCUCTCES1000&prtlBbsId=26634,,호남권 / 전남 / 상위단위: 조기취업형계약학과,스마트ICT융합공학과|스마트ICT융합공학|조기취업형계약학과|조기취업형계약학
전남대 (여수),스마트전기제어공학과,2028,2028 공식자료,조기취업형계약학과,"수학, 물리학",,"-물리학: 물리학, 역학과 에너지, 전자기와 양자 *평가활용: 일반 및 진로선택 과목을 위주로 평가에 활용, 모집단위별 관련 교과(군)이나 과목군의 일반선택 과목을 먼저 이수할 것을 권장함.",한국대학교육협의회·대입정보포털 어디가,2028학년도 권역별 대학별 권장과목(반영과목),https://www.adiga.kr/uct/ces/archiveView.do?menuId=PCUCTCES1000&prtlBbsId=26634,,호남권 / 전남 / 상위단위: 조기취업형계약학과,스마트전기제어공학과|스마트전기제어공학|조기취업형계약학과|조기취업형계약학
전남대 (여수),디지털융합정보학과,2028,2028 공식자료,조기취업형계약학과,"수학, 물리학",,"-물리학: 물리학, 역학과 에너지, 전자기와 양자 *평가활용: 일반 및 진로선택 과목을 위주로 평가에 활용, 모집단위별 관련 교과(군)이나 과목군의 일반선택 과목을 먼저 이수할 것을 권장함.",한국대학교육협의회·대입정보포털 어디가,2028학년도 권역별 대학별 권장과목(반영과목),https://www.adiga.kr/uct/ces/archiveView.do?menuId=PCUCTCES1000&prtlBbsId=26634,,호남권 / 전남 / 상위단위: 조기취업형계약학과,디지털융합정보학과|디지털융합정보학|조기취업형계약학과|조기취업형계약학
연세대,수학과,2028,2028 공식자료,이과대학,,"수학: 기하, 미적분Ⅱ / 과학 일반선택: 자율선택 / 과학 진로선택: 3과목 이상",자연·의치약 계열 전공연계과목 선택 가이드라인. 인문계열은 특정 전공연계과목을 별도 지정하지 않음.,연세대학교 입학처,2028학년도 전공연계과목 선택 가이드라인,https://www2.yonsei.ac.kr/entrance/plan/2028_guide.pdf,2026-04-30,2026-08-19 공식자료 재확인·보완,수학과
연세대,물리학과,2028,2028 공식자료,이과대학,,"수학: 기하, 미적분Ⅱ / 과학 일반선택: 물리학 / 과학 진로선택: 3과목 이상",자연·의치약 계열 전공연계과목 선택 가이드라인. 인문계열은 특정 전공연계과목을 별도 지정하지 않음.,연세대학교 입학처,2028학년도 전공연계과목 선택 가이드라인,https://www2.yonsei.ac.kr/entrance/plan/2028_guide.pdf,2026-04-30,2026-08-19 공식자료 재확인·보완,물리학과
연세대,화학과,2028,2028 공식자료,이과대학,,"수학: 기하, 미적분Ⅱ / 과학 일반선택: 화학 / 과학 진로선택: 3과목 이상",자연·의치약 계열 전공연계과목 선택 가이드라인. 인문계열은 특정 전공연계과목을 별도 지정하지 않음.,연세대학교 입학처,2028학년도 전공연계과목 선택 가이드라인,https://www2.yonsei.ac.kr/entrance/plan/2028_guide.pdf,2026-04-30,2026-08-19 공식자료 재확인·보완,화학과
연세대,지구시스템과학과,2028,2028 공식자료,이과대학,,"수학: 기하, 미적분Ⅱ / 과학 일반선택: 지구과학 / 과학 진로선택: 3과목 이상",자연·의치약 계열 전공연계과목 선택 가이드라인. 인문계열은 특정 전공연계과목을 별도 지정하지 않음.,연세대학교 입학처,2028학년도 전공연계과목 선택 가이드라인,https://www2.yonsei.ac.kr/entrance/plan/2028_guide.pdf,2026-04-30,2026-08-19 공식자료 재확인·보완,지구시스템과학과
연세대,천문우주학과,2028,2028 공식자료,이과대학,,"수학: 기하, 미적분Ⅱ / 과학 일반선택: 지구과학 / 과학 진로선택: 3과목 이상",자연·의치약 계열 전공연계과목 선택 가이드라인. 인문계열은 특정 전공연계과목을 별도 지정하지 않음.,연세대학교 입학처,2028학년도 전공연계과목 선택 가이드라인,https://www2.yonsei.ac.kr/entrance/plan/2028_guide.pdf,2026-04-30,2026-08-19 공식자료 재확인·보완,천문우주학과
연세대,대기과학과,2028,2028 공식자료,이과대학,,"수학: 기하, 미적분Ⅱ / 과학 일반선택: 지구과학 / 과학 진로선택: 3과목 이상",자연·의치약 계열 전공연계과목 선택 가이드라인. 인문계열은 특정 전공연계과목을 별도 지정하지 않음.,연세대학교 입학처,2028학년도 전공연계과목 선택 가이드라인,https://www2.yonsei.ac.kr/entrance/plan/2028_guide.pdf,2026-04-30,2026-08-19 공식자료 재확인·보완,대기과학과
연세대,화공생명공학부,2028,2028 공식자료,공과대학,,"수학: 기하, 미적분Ⅱ / 과학 일반선택: 화학 / 과학 진로선택: 3과목 이상",자연·의치약 계열 전공연계과목 선택 가이드라인. 인문계열은 특정 전공연계과목을 별도 지정하지 않음.,연세대학교 입학처,2028학년도 전공연계과목 선택 가이드라인,https://www2.yonsei.ac.kr/entrance/plan/2028_guide.pdf,2026-04-30,2026-08-19 공식자료 재확인·보완,화공생명공학부|화학공학과|화학공학|화공|화공생명
연세대,전기전자공학부,2028,2028 공식자료,공과대학,,"수학: 기하, 미적분Ⅱ / 과학 일반선택: 물리학 / 과학 진로선택: 3과목 이상",자연·의치약 계열 전공연계과목 선택 가이드라인. 인문계열은 특정 전공연계과목을 별도 지정하지 않음.,연세대학교 입학처,2028학년도 전공연계과목 선택 가이드라인,https://www2.yonsei.ac.kr/entrance/plan/2028_guide.pdf,2026-04-30,2026-08-19 공식자료 재확인·보완,전기전자공학부|전기전자|전자전기|전자공학|전기공학
연세대,건축공학과,2028,2028 공식자료,공과대학,,"수학: 기하, 미적분Ⅱ / 과학 일반선택: 자율선택 / 과학 진로선택: 3과목 이상",자연·의치약 계열 전공연계과목 선택 가이드라인. 인문계열은 특정 전공연계과목을 별도 지정하지 않음.,연세대학교 입학처,2028학년도 전공연계과목 선택 가이드라인,https://www2.yonsei.ac.kr/entrance/plan/2028_guide.pdf,2026-04-30,2026-08-19 공식자료 재확인·보완,건축공학과
연세대,도시공학과,2028,2028 공식자료,공과대학,,"수학: 기하, 미적분Ⅱ / 과학 일반선택: 자율선택 / 과학 진로선택: 3과목 이상",자연·의치약 계열 전공연계과목 선택 가이드라인. 인문계열은 특정 전공연계과목을 별도 지정하지 않음.,연세대학교 입학처,2028학년도 전공연계과목 선택 가이드라인,https://www2.yonsei.ac.kr/entrance/plan/2028_guide.pdf,2026-04-30,2026-08-19 공식자료 재확인·보완,도시공학과
연세대,사회환경시스템공학부,2028,2028 공식자료,공과대학,,"수학: 기하, 미적분Ⅱ / 과학 일반선택: 자율선택 / 과학 진로선택: 3과목 이상",자연·의치약 계열 전공연계과목 선택 가이드라인. 인문계열은 특정 전공연계과목을 별도 지정하지 않음.,연세대학교 입학처,2028학년도 전공연계과목 선택 가이드라인,https://www2.yonsei.ac.kr/entrance/plan/2028_guide.pdf,2026-04-30,2026-08-19 공식자료 재확인·보완,사회환경시스템공학부
연세대,기계공학부,2028,2028 공식자료,공과대학,,"수학: 기하, 미적분Ⅱ / 과학 일반선택: 물리학 / 과학 진로선택: 3과목 이상",자연·의치약 계열 전공연계과목 선택 가이드라인. 인문계열은 특정 전공연계과목을 별도 지정하지 않음.,연세대학교 입학처,2028학년도 전공연계과목 선택 가이드라인,https://www2.yonsei.ac.kr/entrance/plan/2028_guide.pdf,2026-04-30,2026-08-19 공식자료 재확인·보완,기계공학부|기계공학과|기계공학|기계
연세대,신소재공학부,2028,2028 공식자료,공과대학,,"수학: 기하, 미적분Ⅱ / 과학 일반선택: 화학 / 과학 진로선택: 3과목 이상",자연·의치약 계열 전공연계과목 선택 가이드라인. 인문계열은 특정 전공연계과목을 별도 지정하지 않음.,연세대학교 입학처,2028학년도 전공연계과목 선택 가이드라인,https://www2.yonsei.ac.kr/entrance/plan/2028_guide.pdf,2026-04-30,2026-08-19 공식자료 재확인·보완,신소재공학부|신소재공학과|신소재|재료공학
연세대,산업공학과,2028,2028 공식자료,공과대학,,"수학: 기하, 미적분Ⅱ / 과학 일반선택: 자율선택 / 과학 진로선택: 3과목 이상",자연·의치약 계열 전공연계과목 선택 가이드라인. 인문계열은 특정 전공연계과목을 별도 지정하지 않음.,연세대학교 입학처,2028학년도 전공연계과목 선택 가이드라인,https://www2.yonsei.ac.kr/entrance/plan/2028_guide.pdf,2026-04-30,2026-08-19 공식자료 재확인·보완,산업공학과
연세대,시스템반도체공학과,2028,2028 공식자료,공과대학,,"수학: 기하, 미적분Ⅱ / 과학 일반선택: 물리학 / 과학 진로선택: 3과목 이상",자연·의치약 계열 전공연계과목 선택 가이드라인. 인문계열은 특정 전공연계과목을 별도 지정하지 않음.,연세대학교 입학처,2028학년도 전공연계과목 선택 가이드라인,https://www2.yonsei.ac.kr/entrance/plan/2028_guide.pdf,2026-04-30,2026-08-19 공식자료 재확인·보완,시스템반도체공학과|반도체공학과|반도체|시스템반도체
연세대,디스플레이융합공학과,2028,2028 공식자료,공과대학,,"수학: 기하, 미적분Ⅱ / 과학 일반선택: 물리학 / 과학 진로선택: 3과목 이상",자연·의치약 계열 전공연계과목 선택 가이드라인. 인문계열은 특정 전공연계과목을 별도 지정하지 않음.,연세대학교 입학처,2028학년도 전공연계과목 선택 가이드라인,https://www2.yonsei.ac.kr/entrance/plan/2028_guide.pdf,2026-04-30,2026-08-19 공식자료 재확인·보완,디스플레이융합공학과
연세대,생명과학부,2028,2028 공식자료,생명시스템대학,,"수학: 기하, 미적분Ⅱ / 과학 일반선택: 생명과학 / 과학 진로선택: 3과목 이상",자연·의치약 계열 전공연계과목 선택 가이드라인. 인문계열은 특정 전공연계과목을 별도 지정하지 않음.,연세대학교 입학처,2028학년도 전공연계과목 선택 가이드라인,https://www2.yonsei.ac.kr/entrance/plan/2028_guide.pdf,2026-04-30,2026-08-19 공식자료 재확인·보완,생명과학부
연세대,시스템생물학과,2028,2028 공식자료,생명시스템대학,,"수학: 기하, 미적분Ⅱ / 과학 일반선택: 생명과학 / 과학 진로선택: 3과목 이상",자연·의치약 계열 전공연계과목 선택 가이드라인. 인문계열은 특정 전공연계과목을 별도 지정하지 않음.,연세대학교 입학처,2028학년도 전공연계과목 선택 가이드라인,https://www2.yonsei.ac.kr/entrance/plan/2028_guide.pdf,2026-04-30,2026-08-19 공식자료 재확인·보완,시스템생물학과
연세대,생화학과,2028,2028 공식자료,생명시스템대학,,"수학: 기하, 미적분Ⅱ / 과학 일반선택: 생명과학 / 과학 진로선택: 3과목 이상",자연·의치약 계열 전공연계과목 선택 가이드라인. 인문계열은 특정 전공연계과목을 별도 지정하지 않음.,연세대학교 입학처,2028학년도 전공연계과목 선택 가이드라인,https://www2.yonsei.ac.kr/entrance/plan/2028_guide.pdf,2026-04-30,2026-08-19 공식자료 재확인·보완,생화학과
연세대,생명공학과,2028,2028 공식자료,생명시스템대학,,"수학: 기하, 미적분Ⅱ / 과학 일반선택: 생명과학 / 과학 진로선택: 3과목 이상",자연·의치약 계열 전공연계과목 선택 가이드라인. 인문계열은 특정 전공연계과목을 별도 지정하지 않음.,연세대학교 입학처,2028학년도 전공연계과목 선택 가이드라인,https://www2.yonsei.ac.kr/entrance/plan/2028_guide.pdf,2026-04-30,2026-08-19 공식자료 재확인·보완,생명공학과|바이오공학|바이오|생명공학
연세대,컴퓨터과학과,2028,2028 공식자료,인공지능융합대학,,"수학: 기하, 미적분Ⅱ / 과학 일반선택: 자율선택 / 과학 진로선택: 3과목 이상",자연·의치약 계열 전공연계과목 선택 가이드라인. 인문계열은 특정 전공연계과목을 별도 지정하지 않음.,연세대학교 입학처,2028학년도 전공연계과목 선택 가이드라인,https://www2.yonsei.ac.kr/entrance/plan/2028_guide.pdf,2026-04-30,2026-08-19 공식자료 재확인·보완,컴퓨터과학과|컴퓨터공학과|컴퓨터공학|컴공|컴퓨터
연세대,인공지능학과,2028,2028 공식자료,인공지능융합대학,,"수학: 기하, 미적분Ⅱ / 과학 일반선택: 자율선택 / 과학 진로선택: 3과목 이상",자연·의치약 계열 전공연계과목 선택 가이드라인. 인문계열은 특정 전공연계과목을 별도 지정하지 않음.,연세대학교 입학처,2028학년도 전공연계과목 선택 가이드라인,https://www2.yonsei.ac.kr/entrance/plan/2028_guide.pdf,2026-04-30,2026-08-19 공식자료 재확인·보완,인공지능학과|AI학과|AI|인공지능
연세대,인공지능시스템학과,2028,2028 공식자료,인공지능융합대학,,"수학: 기하, 미적분Ⅱ / 과학 일반선택: 자율선택 / 과학 진로선택: 3과목 이상",자연·의치약 계열 전공연계과목 선택 가이드라인. 인문계열은 특정 전공연계과목을 별도 지정하지 않음.,연세대학교 입학처,2028학년도 전공연계과목 선택 가이드라인,https://www2.yonsei.ac.kr/entrance/plan/2028_guide.pdf,2026-04-30,2026-08-19 공식자료 재확인·보완,인공지능시스템학과
연세대,IT융합공학전공,2028,2028 공식자료,인공지능융합대학,,"수학: 기하, 미적분Ⅱ / 과학 일반선택: 자율선택 / 과학 진로선택: 3과목 이상",자연·의치약 계열 전공연계과목 선택 가이드라인. 인문계열은 특정 전공연계과목을 별도 지정하지 않음.,연세대학교 입학처,2028학년도 전공연계과목 선택 가이드라인,https://www2.yonsei.ac.kr/entrance/plan/2028_guide.pdf,2026-04-30,2026-08-19 공식자료 재확인·보완,IT융합공학전공
연세대,지능형반도체전공,2028,2028 공식자료,인공지능융합대학,,"수학: 기하, 미적분Ⅱ / 과학 일반선택: 자율선택 / 과학 진로선택: 3과목 이상",자연·의치약 계열 전공연계과목 선택 가이드라인. 인문계열은 특정 전공연계과목을 별도 지정하지 않음.,연세대학교 입학처,2028학년도 전공연계과목 선택 가이드라인,https://www2.yonsei.ac.kr/entrance/plan/2028_guide.pdf,2026-04-30,2026-08-19 공식자료 재확인·보완,지능형반도체전공
연세대,모빌리티시스템전공,2028,2028 공식자료,인공지능융합대학,,"수학: 기하, 미적분Ⅱ / 과학 일반선택: 자율선택 / 과학 진로선택: 3과목 이상",자연·의치약 계열 전공연계과목 선택 가이드라인. 인문계열은 특정 전공연계과목을 별도 지정하지 않음.,연세대학교 입학처,2028학년도 전공연계과목 선택 가이드라인,https://www2.yonsei.ac.kr/entrance/plan/2028_guide.pdf,2026-04-30,2026-08-19 공식자료 재확인·보완,모빌리티시스템전공
연세대,언더우드학부(생명과학공학),2028,2028 공식자료,언더우드국제대학,,"수학: 기하, 미적분Ⅱ / 과학 일반선택: 자율선택 / 과학 진로선택: 3과목 이상",자연·의치약 계열 전공연계과목 선택 가이드라인. 인문계열은 특정 전공연계과목을 별도 지정하지 않음.,연세대학교 입학처,2028학년도 전공연계과목 선택 가이드라인,https://www2.yonsei.ac.kr/entrance/plan/2028_guide.pdf,2026-04-30,2026-08-19 공식자료 재확인·보완,언더우드학부(생명과학공학)
연세대,융합과학공학부(ISE),2028,2028 공식자료,언더우드국제대학,,"수학: 기하, 미적분Ⅱ / 과학 일반선택: 자율선택 / 과학 진로선택: 3과목 이상",자연·의치약 계열 전공연계과목 선택 가이드라인. 인문계열은 특정 전공연계과목을 별도 지정하지 않음.,연세대학교 입학처,2028학년도 전공연계과목 선택 가이드라인,https://www2.yonsei.ac.kr/entrance/plan/2028_guide.pdf,2026-04-30,2026-08-19 공식자료 재확인·보완,융합과학공학부(ISE)
연세대,진리자유학부(자연),2028,2028 공식자료,진리자유학부(자연),,"수학: 기하, 미적분Ⅱ / 과학 일반선택: 자율선택 / 과학 진로선택: 3과목 이상",자연·의치약 계열 전공연계과목 선택 가이드라인. 인문계열은 특정 전공연계과목을 별도 지정하지 않음.,연세대학교 입학처,2028학년도 전공연계과목 선택 가이드라인,https://www2.yonsei.ac.kr/entrance/plan/2028_guide.pdf,2026-04-30,2026-08-19 공식자료 재확인·보완,진리자유학부(자연)
연세대,의예과,2028,2028 공식자료,의과대학,,"수학: 기하, 미적분Ⅱ / 과학 일반선택: 생명과학 / 과학 진로선택: 3과목 이상",자연·의치약 계열 전공연계과목 선택 가이드라인. 인문계열은 특정 전공연계과목을 별도 지정하지 않음.,연세대학교 입학처,2028학년도 전공연계과목 선택 가이드라인,https://www2.yonsei.ac.kr/entrance/plan/2028_guide.pdf,2026-04-30,2026-08-19 공식자료 재확인·보완,의예과|의대|의학|의예
연세대,치의예과,2028,2028 공식자료,치과대학,,"수학: 기하, 미적분Ⅱ / 과학 일반선택: 물리학, 화학, 생명과학 중 택1 / 과학 진로선택: 3과목 이상",자연·의치약 계열 전공연계과목 선택 가이드라인. 인문계열은 특정 전공연계과목을 별도 지정하지 않음.,연세대학교 입학처,2028학년도 전공연계과목 선택 가이드라인,https://www2.yonsei.ac.kr/entrance/plan/2028_guide.pdf,2026-04-30,2026-08-19 공식자료 재확인·보완,치의예과|치대|치의학|치의예
연세대,약학과,2028,2028 공식자료,약학대학,,"수학: 기하, 미적분Ⅱ / 과학 일반선택: 생명과학 또는 화학 / 과학 진로선택: 3과목 이상",자연·의치약 계열 전공연계과목 선택 가이드라인. 인문계열은 특정 전공연계과목을 별도 지정하지 않음.,연세대학교 입학처,2028학년도 전공연계과목 선택 가이드라인,https://www2.yonsei.ac.kr/entrance/plan/2028_guide.pdf,2026-04-30,2026-08-19 공식자료 재확인·보완,약학과|약대|약학
연세대,첨단약과학과,2028,2028 공식자료,약학대학,,"수학: 기하, 미적분Ⅱ / 과학 일반선택: 생명과학 또는 화학 / 과학 진로선택: 3과목 이상",자연·의치약 계열 전공연계과목 선택 가이드라인. 인문계열은 특정 전공연계과목을 별도 지정하지 않음.,연세대학교 입학처,2028학년도 전공연계과목 선택 가이드라인,https://www2.yonsei.ac.kr/entrance/plan/2028_guide.pdf,2026-04-30,2026-08-19 공식자료 재확인·보완,첨단약과학과
